Time,FZ,C3,CZ,C4
1216095.9964562,304924.46875,312370.03125,318322.03125,299580.28125
1216095.9965,304897.3125,312568.78125,318351.1875,299405.375
1216095.9983827,305222.5625,312472.3125,318619.46875,299926.28125
1216096.0121182,305414.6875,312175.28125,318699.875,300366.15625
1216096.0152811,305226.21875,312105.28125,318503.34375,300144.15625
1216096.0153254,304915.90625,312363.78125,318314.15625,299582.6875
1216096.0170925,304880.40625,312551.78125,318332.125,299398.0625
1216096.0208204,305205.84375,312454.0625,318601.0625,299921.71875
1216096.0346165,305417.5625,312175.125,318703.25,300382.96875
1216096.0378236,305233.5625,312110.3125,318511.75,300164.4375
1216096.0378682,304916.25,312361.09375,318315.0625,299594.03125
1216096.0439714,304883.71875,312548.84375,318334.53125,299409.5
1216096.0440166,305205.75,312443.25,318598.28125,299922.78125
1216096.0577146,305420.40625,312165.71875,318701.46875,300382.4375
1216096.057759,305236.15625,312096.0,318506.21875,300162.125
1216096.060185,304925.71875,312353.125,318316.21875,299598.5
1216096.0602285,304892.46875,312545.0,318340.09375,299414.6875
1216096.0728223,305220.5,312452.1875,318614.5625,299935.65625
1216096.0728677,305433.28125,312176.1875,318715.875,300392.875
1216096.0896067,305256.71875,312116.75,318526.40625,300175.28125
1216096.0896513,304938.53125,312366.90625,318325.59375,299599.5
1216096.0896635,304908.125,312562.875,318348.65625,299413.0
1216096.0920775,305233.5625,312468.09375,318620.28125,299929.84375
1216096.0958472,305435.96875,312186.75,318715.25,300383.15625
1216096.0958917,305244.65625,312118.53125,318519.15625,300160.0625
1216096.0959038,304924.46875,312370.65625,318323.8125,299590.1875
1216096.0984654,304885.21875,312558.5,318344.375,299406.09375
1216096.1008833,305209.875,312459.4375,318613.75,299925.8125
1216096.1045795,305423.09375,312184.15625,318714.53125,300389.9375
1216096.1189657,305224.53125,312104.03125,318506.21875,300159.09375
1216096.1190099,304905.0,312349.8125,318302.96875,299585.1875
1216096.1283734,304875.03125,312544.375,318328.28125,299403.6875
1216096.1284181,305202.4375,312446.46875,318598.5625,299921.1875
1216096.1284302,305405.5,312159.28125,318689.75,300371.15625
1216096.1314552,305225.15625,312091.875,318497.71875,300153.625
1216096.1315003,304913.46875,312343.75,318303.4375,299585.625
1216096.1446169,304884.34375,312540.4375,318328.375,299400.5625
1216096.1476744,305208.09375,312442.96875,318598.90625,299916.4375
1216096.1477183,305426.59375,312171.53125,318708.25,300382.0625
1216096.1497312,305246.53125,312107.53125,318516.84375,300163.375
1216096.1533829,304929.9375,312358.40625,318320.40625,299590.1875
1216096.162132,304905.0,312562.6875,318351.71875,299412.09375
1216096.1664562,305217.03125,312457.28125,318611.25,299916.25
1216096.1664996,305424.4375,312178.6875,318709.4375,300373.125
1216096.1805315,305238.375,312106.28125,318510.5,300152.75
1216096.18058,304925.5625,312359.90625,318313.8125,299584.375
1216096.1820924,304884.5,312550.34375,318330.0625,299391.71875
1216096.1845982,305201.65625,312449.6875,318593.5625,299901.40625
1216096.187124,305416.75,312175.5625,318697.96875,300365.78125
1216096.1897327,305234.0,312106.1875,318505.9375,300152.90625
1216096.2014637,304917.5,312355.625,318310.9375,299585.90625
1216096.201508,304883.09375,312548.75,318334.46875,299398.59375
1216096.2040313,305212.1875,312461.3125,318611.96875,299920.90625
1216096.2040826,305422.9375,312181.09375,318712.5625,300382.875
1216096.2120664,305238.125,312107.15625,318517.1875,300166.78125
1216096.2144905,304921.0,312354.125,318317.5625,299598.25
1216096.2183896,304880.40625,312540.0625,318333.46875,299404.75
1216096.2276606,305206.1875,312445.65625,318604.09375,299917.40625
1216096.2277022,305423.1875,312168.84375,318712.03125,300382.6875
1216096.229628,305238.375,312092.875,318514.25,300162.5625
1216096.239083,304924.5625,312347.6875,318318.90625,299596.4375
1216096.2391305,304882.90625,312541.78125,318334.09375,299404.59375
1216096.2408445,305197.25,312441.5625,318597.84375,299913.03125
1216096.2495168,305409.96875,312166.34375,318700.75,300374.65625
1216096.2539696,305230.34375,312099.03125,318506.21875,300159.28125
1216096.2540144,304910.1875,312342.5,318300.5625,299579.1875
1216096.2622465,304876.8125,312539.1875,318321.03125,299385.71875
1216096.2664856,305204.0625,312447.375,318592.3125,299899.4375
1216096.2665309,305417.5625,312166.34375,318695.9375,300363.28125
1216096.2744749,305237.03125,312097.0625,318505.59375,300152.375
1216096.2813708,304923.0625,312353.3125,318312.5625,299586.0
1216096.2814171,304870.21875,312537.40625,318320.25,299385.34375
1216096.283189,305189.75,312442.8125,318586.9375,299898.65625
1216096.2857395,305411.9375,312169.75,318696.0,300368.125
1216096.2944866,305229.09375,312093.21875,318502.375,300154.78125
1216096.297586,304907.40625,312340.25,318302.34375,299581.875
1216096.2976239,304866.46875,312535.59375,318322.28125,299390.46875
1216096.3033564,305196.71875,312448.34375,318595.0,299910.0
1216096.3100197,305413.4375,312165.0,318697.0,300374.28125
1216096.3100397,305229.53125,312080.78125,318496.625,300159.1875
1216096.3294997,304915.71875,312330.40625,318301.09375,299592.59375
1216096.3295314,304872.25,312519.96875,318316.40625,299395.09375
1216096.3295394,305197.53125,312428.6875,318587.28125,299908.9375
1216096.3320147,305418.09375,312157.40625,318698.0625,300379.65625
1216096.3350684,305241.15625,312090.71875,318508.0,300170.96875
1216096.3351031,304923.5,312340.78125,318308.34375,299596.8125
1216096.3370182,304883.71875,312540.25,318328.90625,299401.53125
1216096.3395401,305196.625,312439.40625,318589.8125,299903.90625
1216096.3482883,305411.375,312158.03125,318693.25,300366.875
1216096.3526093,305233.90625,312085.4375,318501.90625,300158.0
1216096.3526451,304923.5,312340.875,318311.46875,299595.1875
1216096.3583022,304884.875,312542.75,318331.875,299400.5625
1216096.3676701,305207.0,312452.375,318601.5,299912.6875
1216096.3677207,305421.21875,312172.34375,318706.03125,300377.40625
1216096.3695827,305236.78125,312092.3125,318510.59375,300162.84375
1216096.3810867,304919.46875,312340.78125,318308.53125,299590.8125
1216096.3840327,304881.28125,312540.25,318328.03125,299398.15625
1216096.3841371,305204.78125,312449.34375,318600.15625,299915.09375
1216096.3859671,305417.46875,312168.3125,318702.28125,300381.96875
1216096.3883733,305243.40625,312097.875,318513.1875,300178.65625
1216096.3972119,304929.5,312346.34375,318318.1875,299612.71875
1216096.4039651,304890.6875,312545.875,318341.53125,299422.09375
1216096.4040094,305213.4375,312459.0,318611.96875,299936.375
1216096.4058972,305423.5625,312178.78125,318712.09375,300398.59375
1216096.4202357,305236.0625,312097.25,318510.40625,300180.625
1216096.4202809,304916.53125,312348.46875,318313.34375,299608.96875
1216096.4222494,304876.28125,312547.0625,318331.6875,299412.09375
1216096.4246138,305204.40625,312461.65625,318604.65625,299926.28125
1216096.4271352,305421.3125,312182.0,318710.6875,300391.28125
1216096.435821,305236.78125,312101.28125,318516.3125,300176.625
1216096.4390729,304920.8125,312352.21875,318319.625,299606.90625
1216096.4391183,304881.21875,312552.875,318337.5,299409.15625
1216096.4446199,305198.59375,312459.25,318601.4375,299915.1875
1216096.4538901,305417.65625,312183.25,318708.96875,300385.09375
1216096.45394,305240.09375,312109.03125,318518.53125,300178.5625
1216096.4564677,304919.46875,312354.03125,318318.28125,299605.21875
1216096.4565129,304879.15625,312555.0,318338.375,299407.96875
1216096.4647646,305209.875,312472.9375,318614.5625,299923.84375
1216096.4689435,305427.9375,312196.125,318724.28125,300394.5
1216096.4689865,305237.5,312104.03125,318520.25,300175.53125
1216096.4708935,304922.34375,312351.0625,318317.46875,299601.71875
1216096.4821701,304882.5625,312547.9375,318333.125,299402.53125
1216096.5072647,305205.3125,312455.3125,318601.34375,299912.9375
1216096.5095864,305423.90625,312178.875,318710.3125,300387.15625
1216096.5121354,305248.21875,312107.625,318521.84375,300182.4375
1216096.5145762,304929.03125,312356.25,318321.9375,299610.03125
1216096.5172048,304888.8125,312557.0625,318340.25,299411.71875
1216096.5196066,305211.9375,312472.03125,318611.53125,299920.28125
1216096.5221381,305420.25,312183.15625,318709.4375,300379.75
1216096.5246085,305237.125,312097.34375,318507.625,300166.15625
1216096.5271803,304922.78125,312346.5,318309.0625,299595.90625
1216096.5295991,304885.125,312550.96875,318334.09375,299401.09375
1216096.5327043,305203.0625,312460.3125,318601.25,299907.59375
1216096.5327484,305419.96875,312181.375,318709.59375,300379.375
1216096.5346251,305246.0,312108.0625,318520.78125,300176.25
1216096.5403208,304926.34375,312355.28125,318320.6875,299602.875
1216096.5403727,304883.875,312555.90625,318339.0,299402.875
1216096.5420883,305203.34375,312466.84375,318606.0625,299909.375
1216096.5458535,305417.75,312185.3125,318708.96875,300379.125
1216096.5601629,305238.84375,312102.6875,318511.75,300169.28125
1216096.5602046,304925.03125,312351.34375,318316.03125,299602.4375
1216096.5670117,304886.3125,312549.65625,318334.375,299400.03125
1216096.5670659,305214.6875,312466.5,318610.625,299910.625
1216096.5670827,305443.40625,312193.1875,318728.46875,300391.8125
1216096.5714819,305265.75,312112.96875,318537.9375,300191.28125
1216096.5715263,304937.1875,312351.96875,318328.28125,299613.875
1216096.5733477,304897.84375,312559.46875,318347.40625,299416.75
1216096.5883941,305216.84375,312471.15625,318614.21875,299921.4375
1216096.5959158,305427.125,312186.21875,318715.6875,300385.375
1216096.5959618,305254.125,312110.125,318523.46875,300183.3125
1216096.5959817,304939.15625,312355.1875,318320.15625,299611.375
1216096.598987,304898.46875,312555.0,318335.625,299406.625
1216096.5990319,305218.09375,312467.9375,318604.71875,299912.3125
1216096.6121475,305438.21875,312191.125,318716.9375,300387.78125
1216096.6164774,305251.875,312101.71875,318516.9375,300178.9375
1216096.6165221,304933.59375,312350.53125,318317.09375,299609.59375
1216096.622796,304888.1875,312552.9375,318332.03125,299404.125
1216096.6228401,305207.53125,312465.15625,318601.78125,299910.28125
1216096.6339671,305429.375,312186.46875,318715.59375,300387.625
1216096.6340116,305248.03125,312101.53125,318521.75,300181.4375
1216096.6402154,304931.375,312350.34375,318322.90625,299612.90625
1216096.6402591,304885.0625,312548.65625,318334.53125,299403.40625
1216096.6463967,305202.09375,312459.4375,318601.34375,299903.21875
1216096.6464407,305423.46875,312177.71875,318710.84375,300377.78125
1216096.6553459,305251.8125,312096.625,318521.40625,300181.34375
1216096.655391,304931.53125,312335.78125,318315.15625,299608.6875
1216096.6577341,304887.90625,312536.15625,318329.8125,299402.34375
1216096.6577864,305209.34375,312451.125,318598.84375,299907.5
1216096.6714145,305433.5625,312178.59375,318713.625,300385.375
1216096.6714585,305256.71875,312097.78125,318521.6875,300185.375
1216096.673345,304936.8125,312345.34375,318319.625,299613.4375
1216096.6772487,304892.90625,312550.8125,318335.625,299405.9375
1216096.6902164,305210.125,312462.90625,318599.71875,299904.375
1216096.6902606,305425.34375,312179.0625,318704.6875,300375.09375
1216096.692692,305252.34375,312102.25,318514.53125,300176.875
1216096.692736,304935.5625,312348.46875,318311.21875,299604.3125
1216096.6945975,304882.0,312544.5625,318317.46875,299389.5625
1216096.7035194,305196.625,312458.0,318584.4375,299892.28125
1216096.7076924,305415.40625,312173.0625,318692.34375,300366.59375
1216096.7077361,305241.78125,312089.46875,318500.21875,300167.03125
1216096.7108981,304929.9375,312342.3125,318306.03125,299605.21875
1216096.7246438,304879.34375,312539.28125,318319.875,299398.875
1216096.7277779,305189.9375,312446.90625,318582.1875,299898.5625
1216096.7278226,305403.625,312163.9375,318688.40625,300369.5625
1216096.7296448,305231.5,312085.8125,318499.9375,300174.1875
1216096.7333992,304915.0,312332.46875,318301.71875,299605.125
1216096.7477523,304872.4375,312536.0625,318317.28125,299395.90625
1216096.7477997,305194.125,312450.84375,318586.21875,299897.40625
1216096.7497032,305422.375,312178.4375,318703.34375,300378.59375
1216096.7527314,305253.0625,312103.40625,318518.53125,300187.15625
1216096.7527753,304930.90625,312346.15625,318313.09375,299610.03125
1216096.7546375,304883.71875,312550.8125,318329.1875,299401.53125
1216096.7633759,305196.0,312459.15625,318592.40625,299899.09375
1216096.7659993,305419.0,312179.3125,318704.96875,300376.4375
1216096.769597,305246.4375,312096.875,318517.1875,300182.0625
1216096.7789592,304926.625,312344.375,318315.59375,299614.34375
1216096.7790046,304875.5625,312544.09375,318325.34375,299403.78125
1216096.7808451,305192.0,312457.375,318589.1875,299900.625
1216096.7934433,305416.125,312178.25,318700.5625,300376.96875
1216096.7964836,305249.84375,312097.15625,318513.625,300181.625
1216096.7965281,304931.71875,312340.25,318312.90625,299608.78125
1216096.7983472,304883.625,312545.625,318324.96875,299398.0625
1216096.8046435,305191.34375,312455.125,318581.9375,299890.96875
1216096.809151,305408.53125,312173.6875,318690.46875,300367.59375
1216096.8092015,305232.40625,312086.59375,318497.875,300170.4375
1216096.8146252,304918.40625,312333.53125,318298.96875,299602.96875
1216096.823967,304873.78125,312541.5,318313.25,299393.6875
1216096.8240118,305191.34375,312455.125,318576.125,299891.5
1216096.8258365,305415.6875,312175.21875,318689.3125,300367.6875
1216096.8322505,305245.90625,312095.53125,318506.46875,300175.8125
1216096.8364835,304922.34375,312338.46875,318305.9375,299600.28125
1216096.8365276,304871.625,312543.46875,318318.71875,299390.90625
1216096.8445994,305188.0625,312459.0625,318583.90625,299890.5
1216096.8477393,305414.34375,312180.125,318696.8125,300369.09375
1216096.847784,305241.59375,312094.03125,318507.71875,300176.0
1216096.8559905,304925.46875,312342.3125,318309.96875,299608.15625
1216096.8583877,304883.4375,312556.15625,318330.34375,299402.25
1216096.8621503,305196.8125,312468.375,318592.75,299897.125
1216096.8714901,305421.21875,312189.96875,318705.40625,300374.75
1216096.8715341,305251.8125,312108.5,318519.15625,300185.375
1216096.8734639,304922.0625,312345.15625,318310.40625,299608.6875
1216096.8846173,304870.375,312549.65625,318322.75,299395.28125
1216096.8876653,305188.9375,312469.625,318591.3125,299896.78125
1216096.8877101,305406.5625,312182.4375,318696.65625,300373.75
1216096.8933525,305236.25,312094.65625,318505.03125,300178.75
1216096.896612,304921.96875,312341.5,318302.8125,299606.0
1216096.8966592,304877.53125,312548.5625,318317.09375,299392.96875
1216096.902109,305199.59375,312466.21875,318588.625,299895.96875
1216096.9090607,305427.125,312188.53125,318706.125,300378.21875
1216096.9091156,305245.53125,312091.0625,318507.71875,300178.65625
1216096.9108913,304921.96875,312332.5625,318302.625,299605.5625
1216096.9195639,304867.625,312536.78125,318312.46875,299390.625
1216096.922137,305181.625,312453.8125,318580.84375,299889.25
1216096.9258678,305404.40625,312174.84375,318696.0,300370.625
1216096.9402423,305238.3125,312097.0625,318511.5625,300182.25
1216096.9402868,304923.21875,312348.9375,318314.875,299616.5625
1216096.9423123,304877.1875,312560.8125,318329.625,299405.5625
1216096.9452351,305196.53125,312482.15625,318597.21875,299901.59375
1216096.9452788,305417.75,312198.625,318705.75,300375.625
1216096.9471324,305247.78125,312111.1875,318517.8125,300183.84375
1216096.9614371,304930.8125,312353.40625,318318.4375,299615.9375
1216096.961481,304883.4375,312557.0625,318332.5625,299403.40625
1216096.9703723,305201.65625,312476.78125,318600.8125,299900.25
1216096.9704181,305432.9375,312202.5625,318722.125,300385.1875
1216096.9727352,305260.28125,312111.09375,318531.40625,300192.78125
1216096.9727795,304938.25,312347.5,318326.21875,299621.03125
1216096.9808991,304876.90625,312542.03125,318328.09375,299398.40625
1216096.9839476,305183.21875,312450.21875,318584.78125,299885.21875
1216096.9839915,305410.3125,312167.15625,318698.15625,300365.53125
1216096.9896097,305240.625,312080.78125,318507.8125,300175.53125
1216096.9959107,304925.28125,312328.0,318307.375,299605.5625
1216096.9984103,304875.65625,312533.5625,318318.71875,299388.03125
1216097.0046035,305197.34375,312454.5,318583.375,299882.09375
1216097.0090167,305429.71875,312180.40625,318700.84375,300366.15625
1216097.0090739,305271.90625,312104.5,318526.21875,300192.53125
1216097.0196543,304945.21875,312342.03125,318319.15625,299621.65625
1216097.0227501,304877.71875,312537.9375,318315.84375,299391.15625
1216097.0227957,305187.96875,312455.84375,318581.03125,299885.59375
1216097.0246416,305413.53125,312180.5625,318698.25,300371.78125
1216097.0310184,305247.875,312099.5625,318514.0625,300187.4375
1216097.0427007,304929.5,312345.875,318314.0625,299617.71875
1216097.0427444,304880.5,312556.875,318327.65625,299399.65625
1216097.045252,305205.75,312484.09375,318597.84375,299893.90625
1216097.0452982,305435.71875,312200.6875,318714.78125,300377.40625
1216097.0533992,305277.375,312117.4375,318534.8125,300200.75
1216097.0578519,304945.03125,312345.625,318319.53125,299621.21875
1216097.0578981,304879.40625,312537.84375,318318.1875,299391.71875
1216097.0684077,305198.59375,312456.21875,318586.125,299886.5625
1216097.0714933,305432.3125,312175.28125,318702.90625,300369.5625
1216097.0715373,305256.09375,312074.09375,318506.375,300174.8125
1216097.0733485,304934.65625,312315.21875,318301.65625,299605.375
1216097.0828134,304889.78125,312532.9375,318318.71875,299395.09375
1216097.0828617,305198.4375,312449.15625,318578.8125,299882.71875
1216097.084652,305421.03125,312165.28125,318693.0625,300363.84375
1216097.093228,305259.5,312084.71875,318511.375,300184.21875
1216097.102748,304941.09375,312336.0625,318311.75,299618.96875
1216097.1027934,304884.78125,312541.0625,318319.96875,299396.09375
1216097.1053052,305200.65625,312463.625,318584.875,299888.375
1216097.1053501,305430.4375,312187.8125,318702.71875,300374.5625
1216097.1071399,305267.53125,312104.65625,318522.125,300196.46875
1216097.115893,304956.21875,312357.78125,318327.5625,299635.96875
1216097.1189869,304898.71875,312560.90625,318337.84375,299413.96875
1216097.1190313,305199.5,312467.03125,318592.21875,299892.21875
1216097.1472523,305434.46875,312192.46875,318712.375,300380.90625
1216097.1496794,305269.0625,312102.59375,318524.53125,300197.875
1216097.1521636,304953.625,312351.59375,318328.09375,299631.5
1216097.1546515,304901.9375,312566.4375,318342.59375,299410.9375
1216097.1572489,305216.21875,312485.375,318606.59375,299901.3125
1216097.1596153,305440.71875,312201.21875,318720.6875,300384.75
1216097.1621349,305274.875,312111.1875,318537.125,300201.8125
1216097.1646714,304959.4375,312356.53125,318336.15625,299637.03125
1216097.1672504,304890.15625,312547.9375,318327.21875,299399.65625
1216097.1696653,305197.875,312459.6875,318583.71875,299883.0
1216097.1721591,305428.1875,312179.78125,318701.46875,300369.375
1216097.1752368,305267.90625,312097.0625,318521.3125,300193.15625
1216097.1752811,304947.1875,312338.46875,318315.59375,299622.65625
1216097.1772093,304884.4375,312540.34375,318317.65625,299393.3125
1216097.1839386,305198.25,312461.40625,318583.4375,299884.78125
1216097.1839807,305432.59375,312183.625,318706.3125,300378.03125
1216097.192216,305260.84375,312083.84375,318516.125,300190.03125
1216097.1952431,304930.75,312319.40625,318305.21875,299611.75
1216097.1952883,304870.21875,312531.3125,318312.375,299386.96875
1216097.2007977,305184.90625,312456.3125,318578.09375,299877.09375
1216097.2096103,305420.875,312183.0625,318701.8125,300367.59375
1216097.2127413,305260.5625,312094.28125,318519.71875,300190.46875
1216097.2127859,304942.53125,312338.1875,318317.5625,299622.28125
1216097.2183452,304883.96875,312548.40625,318325.78125,299396.96875
1216097.2228063,305197.09375,312472.75,318589.625,299887.03125
1216097.2228522,305429.0,312196.21875,318712.03125,300381.0
1216097.2333975,305267.71875,312102.875,318527.21875,300204.15625
1216097.2364905,304942.4375,312328.625,318314.6875,299625.96875
1216097.2365873,304885.3125,312531.75,318322.21875,299399.65625
1216097.244643,305207.625,312464.96875,318594.625,299894.34375
1216097.2491049,305433.375,312184.0625,318707.28125,300375.90625
1216097.2491487,305263.5,312089.1875,318516.3125,300190.5625
1216097.2602372,304951.40625,312340.96875,318320.5,299630.4375
1216097.260281,304896.0625,312554.65625,318331.25,299410.84375
1216097.2620988,305196.90625,312462.375,318583.90625,299887.65625
1216097.2659517,305428.90625,312181.46875,318701.8125,300375.4375
1216097.2754596,305266.375,312088.65625,318517.1875,300197.4375
1216097.2755087,304946.28125,312328.1875,318316.46875,299631.3125
1216097.2770274,304882.8125,312531.84375,318317.75,299399.03125
1216097.2807231,305191.90625,312453.625,318577.71875,299880.0625
1216097.2895428,305418.53125,312173.15625,318696.1875,300367.9375
1216097.2938579,305254.75,312082.75,318514.59375,300194.9375
1216097.2938945,304940.84375,312329.78125,318316.46875,299631.5
1216097.2959255,304875.03125,312535.15625,318317.375,299397.6875
1216097.3093308,305187.0625,312461.40625,318584.53125,299883.90625
1216097.3176314,305419.78125,312181.71875,318707.5625,300373.9375
1216097.3176636,305259.5,312087.6875,318525.25,300198.59375
1216097.3195397,304935.75,312322.625,318317.8125,299626.84375
1216097.3220087,304879.40625,312533.46875,318323.1875,299400.375
1216097.324564,305190.46875,312460.59375,318587.5625,299887.03125
1216097.3270444,305430.4375,312191.3125,318719.25,300386.4375
1216097.3307501,305261.8125,312092.15625,318528.8125,300200.75
1216097.3425743,304936.625,312326.84375,318317.28125,299624.6875
1216097.3426029,304882.625,312543.90625,318326.3125,299397.15625
1216097.3451112,305194.65625,312469.90625,318588.28125,299878.96875
1216097.3451436,305429.71875,312191.65625,318710.21875,300370.71875
1216097.350748,305266.8125,312095.0,318525.15625,300194.9375
1216097.3576328,304947.90625,312333.90625,318320.59375,299627.46875
1216097.3576687,304886.9375,312543.21875,318326.21875,299399.75
1216097.3595161,305198.25,312467.21875,318589.34375,299886.9375
1216097.3632974,305429.28125,312187.1875,318707.5625,300377.0625
1216097.3776351,305261.28125,312085.875,318519.34375,300198.34375
1216097.3776666,304941.375,312326.40625,318319.625,299632.65625
1216097.3795392,304880.3125,312537.40625,318324.96875,299400.125
1216097.3820656,305190.5625,312458.34375,318585.96875,299881.5625
1216097.385772,305430.6875,312184.25,318716.3125,300385.1875
1216097.3945059,305258.9375,312080.25,318525.875,300206.90625
1216097.3976194,304935.125,312315.40625,318319.6875,299636.5
1216097.3976549,304876.46875,312529.53125,318325.59375,299406.625
1216097.3995649,305188.125,312457.65625,318591.40625,299891.21875
1216097.4171225,305425.15625,312187.09375,318722.75,300391.1875
1216097.4208357,305262.875,312091.4375,318540.4375,300217.28125
1216097.4208809,304940.75,312326.5625,318331.25,299642.75
1216097.4208934,304883.09375,312543.84375,318336.78125,299410.46875
1216097.4241062,305201.5625,312481.15625,318606.53125,299898.09375
1216097.4241549,305432.65625,312199.625,318725.6875,300386.8125
1216097.4258699,305267.90625,312097.6875,318535.53125,300208.25
1216097.4396472,304947.0,312335.59375,318329.4375,299639.71875
1216097.4496503,304886.75,312548.125,318332.75,299406.46875
1216097.449693,305195.75,312473.03125,318595.0625,299886.5
1216097.4497046,305429.53125,312195.15625,318718.28125,300380.90625
1216097.4540967,305261.90625,312092.0625,318529.375,300204.3125
1216097.4541425,304937.71875,312328.0,318321.9375,299634.4375
1216097.4558433,304875.46875,312542.5,318328.90625,299402.71875
1216097.4696779,305189.40625,312471.5,318596.15625,299886.65625
1216097.4746473,305430.6875,312195.59375,318723.90625,300386.375
1216097.474698,305271.46875,312097.6875,318538.75,300212.90625
1216097.474712,304948.875,312331.84375,318329.71875,299641.96875
1216097.4778484,304889.78125,312544.375,318333.46875,299410.46875
1216097.4778944,305191.71875,312460.3125,318585.6875,299882.375
1216097.4958842,305428.1875,312184.5,318710.3125,300379.9375
1216097.4996211,305269.15625,312088.75,318528.5625,300212.1875
1216097.4996679,304943.15625,312323.1875,318317.5625,299639.09375
1216097.4996798,304872.8125,312530.25,318316.46875,299395.46875
1216097.5021671,305188.6875,312466.5,318587.84375,299880.75
1216097.504789,305433.375,312199.4375,318723.28125,300384.46875
1216097.5108912,305263.5,312093.3125,318529.625,300202.375
1216097.5203691,304941.8125,312330.6875,318319.53125,299629.25
1216097.5204133,304887.46875,312553.3125,318328.90625,299398.3125
1216097.5282894,305200.03125,312483.9375,318589.34375,299875.3125
1216097.528333,305437.3125,312206.6875,318713.90625,300372.78125
1216097.5283446,305280.5,312111.71875,318535.25,300209.78125
1216097.5310326,304947.0,312339.09375,318319.6875,299637.9375
1216097.5346612,304871.46875,312540.6875,318312.625,299396.71875
1216097.5433865,305179.8125,312469.09375,318579.0625,299881.75
1216097.5477636,305407.46875,312181.28125,318698.96875,300373.65625
1216097.5478083,305256.71875,312091.15625,318522.5625,300212.90625
1216097.5560408,304928.40625,312322.5625,318309.78125,299639.46875
1216097.5602117,304853.5,312524.59375,318301.90625,299392.4375
1216097.5602549,305164.90625,312453.25,318570.3125,299874.9375
1216097.562157,305401.90625,312177.09375,318699.78125,300373.3125
1216097.5758767,305240.71875,312077.21875,318515.875,300204.875
1216097.5790924,304920.09375,312315.125,318310.59375,299641.15625
1216097.579138,304850.4375,312524.34375,318305.5,299398.15625
1216097.5809086,305166.6875,312460.25,318571.28125,299877.1875
1216097.5846214,305402.4375,312184.15625,318699.59375,300375.375
1216097.5939904,305246.6875,312090.1875,318521.6875,300213.09375
1216097.5940346,304922.34375,312323.625,318311.9375,299642.9375
1216097.5960249,304862.15625,312542.84375,318316.03125,299404.40625
1216097.6071287,305176.25,312477.125,318581.40625,299879.875
1216097.6101994,305412.65625,312195.3125,318707.5625,300374.28125
1216097.6102433,305253.5,312088.3125,318521.21875,300204.0625
1216097.6121724,304934.03125,312326.46875,318312.5625,299635.0625
1216097.6210277,304864.5625,312536.84375,318306.1875,299389.125
1216097.6250921,305170.09375,312464.0,318562.71875,299861.1875
1216097.6251355,305407.8125,312182.34375,318691.53125,300362.5625
1216097.632186,305252.5,312084.09375,318511.3125,300198.59375
1216097.634673,304926.4375,312318.71875,318301.5625,299626.5
1216097.6385207,304858.84375,312530.96875,318299.5,299384.8125
1216097.6501996,305177.40625,312471.40625,318573.875,299871.71875
1216097.6502431,305413.53125,312190.125,318701.75,300371.0625
1216097.6527409,305250.53125,312082.125,318516.03125,300206.28125
1216097.6527851,304929.84375,312321.3125,318307.28125,299638.75
1216097.6545937,304864.5,312537.21875,318305.65625,299398.21875
1216097.6635313,305175.1875,312466.59375,318568.96875,299875.125
1216097.6677617,305414.78125,312188.09375,318700.21875,300377.78125
1216097.6678062,305260.75,312090.375,318524.625,300217.5625
1216097.6758729,304945.59375,312336.84375,318324.875,299654.75
1216097.6789908,304882.0,312555.53125,318326.84375,299413.0
1216097.6790352,305185.90625,312480.4375,318581.9375,299881.375
1216097.6923077,305428.1875,312202.125,318710.78125,300381.0
1216097.6952624,305277.375,312102.59375,318530.625,300216.5
1216097.6953058,304956.65625,312338.03125,318321.75,299648.3125
1216097.6971071,304887.28125,312551.34375,318314.4375,299399.5
1216097.6996702,305197.09375,312484.28125,318574.59375,299872.8125
1216097.7060122,305451.1875,312217.6875,318716.9375,300387.15625
1216097.7102146,305290.5,312103.9375,318530.78125,300219.625
1216097.7102577,304962.65625,312331.9375,318315.78125,299646.6875
1216097.7134269,304885.6875,312542.03125,318308.15625,299394.75
1216097.7271114,305189.125,312470.96875,318570.84375,299870.40625
1216097.730209,305431.3125,312195.21875,318707.0,300379.125
1216097.7302465,305282.03125,312096.34375,318529.28125,300221.03125
1216097.7318867,304965.15625,312334.96875,318320.875,299651.625
1216097.7383762,304899.4375,312550.09375,318319.0625,299404.125
1216097.7409211,305212.1875,312486.78125,318588.0,299881.84375
1216097.7502215,305457.4375,312217.75,318728.125,300395.65625
1216097.7502781,305297.9375,312112.1875,318547.5,300234.46875
1216097.752171,304960.40625,312331.75,318325.15625,299655.46875
1216097.7559242,304886.125,312542.21875,318316.21875,299404.40625
1216097.7852676,305197.25,312480.34375,318583.53125,299882.28125
1216097.7853118,305431.96875,312199.53125,318713.8125,300384.3125
1216097.7872428,305274.15625,312096.875,318534.28125,300223.71875
1216097.7896907,304950.0625,312330.59375,318324.625,299652.5
1216097.7921746,304885.59375,312552.40625,318324.1875,299406.1875
1216097.7946685,305202.4375,312493.40625,318592.03125,299884.875
1216097.7972607,305435.1875,312204.8125,318712.28125,300375.90625
1216097.7996636,305279.0625,312097.0625,318527.65625,300212.90625
1216097.8021387,304959.34375,312334.4375,318318.09375,299647.3125
1216097.8046205,304884.34375,312548.5625,318309.875,299397.4375
1216097.8073211,305188.3125,312476.59375,318568.0625,299869.59375
1216097.8101816,305435.09375,312202.375,318701.5625,300378.75
1216097.8102331,305285.40625,312100.375,318522.75,300223.5625
1216097.8121073,304957.8125,312330.25,318310.65625,299650.4375
1216097.8209283,304878.78125,312540.15625,318301.1875,299392.6875
1216097.8240933,305175.1875,312460.78125,318553.59375,299852.5
1216097.8241396,305422.03125,312187.625,318693.34375,300366.78125
1216097.8346689,305270.125,312089.46875,318520.78125,300215.3125
1216097.8377154,304950.21875,312325.5,318314.96875,299647.15625
1216097.8377599,304878.0625,312540.53125,318311.5625,299396.34375
1216097.8465378,305186.25,312475.875,318573.09375,299867.53125
1216097.8465832,305431.6875,312203.1875,318709.96875,300377.25
1216097.8485283,305279.15625,312097.6875,318532.75,300222.9375
1216097.8508884,304956.65625,312329.4375,318322.75,299653.65625
1216097.8596142,304882.625,312545.625,318316.9375,299397.6875
1216097.8640162,305184.90625,312478.5625,318574.875,299864.21875
1216097.8640604,305433.125,312205.4375,318710.59375,300373.3125
1216097.8720851,305292.75,312112.0,318543.9375,300227.84375
1216097.8764505,304965.6875,312344.375,318333.375,299656.96875
1216097.8764919,304879.96875,312551.4375,318315.59375,299395.0
1216097.8846682,305176.25,312477.3125,318565.75,299855.90625
1216097.8890212,305417.75,312200.5,318695.84375,300364.53125
1216097.8890657,305267.1875,312093.65625,318518.28125,300215.3125
1216097.8953755,304940.65625,312316.75,318300.5625,299642.21875
1216097.8954213,304872.34375,312533.8125,318294.03125,299387.6875
1216097.9009288,305182.34375,312469.71875,318557.625,299855.1875
1216097.9077659,305437.75,312208.5625,318705.9375,300375.09375
1216097.9078104,305286.65625,312108.5,318533.03125,300226.40625
1216097.9159201,304956.125,312338.90625,318323.09375,299658.0625
1216097.9228165,304881.75,312560.625,318320.6875,299408.25
1216097.9228576,305172.3125,312484.375,318570.40625,299862.34375
1216097.9289087,305417.5625,312210.78125,318706.84375,300375.1875
1216097.9289421,305270.40625,312112.25,318536.59375,300232.5
1216097.9477159,304939.78125,312335.78125,318317.8125,299656.25
1216097.9477566,304870.03125,312553.9375,318312.09375,299399.9375
1216097.9501543,305181.71875,312490.46875,318573.34375,299865.125
1216097.9501914,305433.28125,312214.625,318710.21875,300373.65625
1216097.9588636,305283.8125,312103.9375,318530.0,300217.65625
1216097.9589077,304965.59375,312337.65625,318325.59375,299653.65625
1216097.9613426,304890.6875,312561.8125,318320.6875,299399.9375
1216097.9613773,305189.125,312496.09375,318575.5,299862.15625
1216097.970155,305435.53125,312219.03125,318710.5,300374.75
1216097.9701879,305293.5625,312118.53125,318539.09375,300231.6875
1216097.9789166,304971.15625,312347.21875,318327.5625,299666.09375
1216097.9789488,304888.625,312555.0,318310.59375,299400.5625
1216097.9876839,305193.78125,312490.8125,318570.5625,299865.21875
1216097.9877215,305438.65625,312213.125,318709.25,300378.21875
1216097.990226,305287.125,312104.03125,318529.625,300226.5
1216097.9902692,304959.09375,312331.9375,318314.78125,299656.8125
1216097.9984264,304882.1875,312549.375,318309.0625,299400.5625
1216098.0183627,305182.59375,312486.625,318569.0625,299864.5
1216098.0184066,305432.5,312216.59375,318710.78125,300382.78125
1216098.0184187,305286.125,312110.65625,318534.8125,300236.34375
1216098.0210357,304963.625,312339.8125,318322.65625,299669.9375
1216098.0240132,304888.625,312556.53125,318313.1875,299410.3125
1216098.0240584,305191.28125,312491.71875,318571.5625,299869.21875
1216098.0258858,305437.125,312213.65625,318704.5,300375.09375
1216098.0296709,305296.9375,312107.875,318529.4375,300226.9375
1216098.0391243,304968.46875,312332.65625,318313.0,299651.4375
1216098.0391703,304888.0,312550.34375,318302.71875,299387.78125
1216098.0414672,305189.3125,312490.28125,318564.9375,299853.0625
1216098.0415112,305435.25,312219.65625,318708.0,300372.9375
1216098.0508904,305281.21875,312110.21875,318530.875,300229.0
1216098.053418,304944.96875,312330.25,318311.3125,299656.34375
1216098.0628727,304859.9375,312539.90625,318293.875,299389.21875
1216098.0629183,305172.59375,312482.21875,318555.5625,299853.125
1216098.0646672,305433.125,312212.40625,318702.1875,300372.21875
1216098.0671941,305291.59375,312103.6875,318529.71875,300229.71875
1216098.0758781,304965.78125,312331.84375,318315.78125,299661.90625
1216098.0803753,304892.03125,312555.375,318312.625,299407.53125
1216098.08042,305188.0625,312486.0,318567.4375,299863.96875
1216098.0909233,305430.53125,312207.65625,318701.8125,300374.375
1216098.0940145,305277.09375,312095.375,318522.46875,300227.3125
1216098.0940584,304950.9375,312323.53125,318310.40625,299660.65625
1216098.0996295,304875.65625,312544.71875,318302.1875,299401.71875
1216098.1041235,305178.9375,312484.1875,318561.0,299859.65625
1216098.104169,305433.375,312211.6875,318703.09375,300373.3125
1216098.114668,305296.59375,312102.78125,318533.28125,300233.5625
1216098.1183528,304984.46875,312336.9375,318326.59375,299669.125
1216098.1183962,304909.09375,312557.6875,318317.375,299403.40625
1216098.1184077,305207.8125,312494.03125,318572.8125,299858.15625
1216098.1209311,305463.5,312227.34375,318721.40625,300379.21875
1216098.1247738,305314.75,312114.78125,318546.25,300237.5
1216098.1359563,304987.875,312340.6875,318332.75,299670.3125
1216098.1383663,304906.59375,312560.90625,318320.25,299404.21875
1216098.1427222,305210.9375,312498.6875,318579.78125,299862.96875
1216098.1427654,305473.15625,312231.8125,318730.71875,300390.21875
1216098.1508878,305329.84375,312119.25,318554.21875,300245.90625
1216098.1584779,305007.90625,312345.34375,318337.75,299676.46875
1216098.1608651,304922.59375,312561.96875,318320.5,299408.6875
1216098.1634278,305225.0625,312507.09375,318582.8125,299867.25
1216098.1659923,305473.96875,312236.71875,318729.46875,300388.3125
1216098.170285,305327.625,312126.3125,318556.0,300250.375
1216098.1703292,305000.65625,312351.53125,318339.375,299682.5625
1216098.1833791,304911.15625,312563.59375,318320.875,299412.71875
1216098.1908762,305209.875,312502.78125,318575.75,299866.71875
1216098.1909225,305467.0,312233.84375,318724.09375,300389.40625
1216098.1909356,305331.375,312128.53125,318560.90625,300257.15625
1216098.1941415,305002.34375,312351.875,318344.90625,299686.5625
1216098.1941897,304914.71875,312566.1875,318326.5,299413.0
1216098.2046006,305213.53125,312508.96875,318580.5,299866.46875
1216098.2089395,305464.6875,312240.21875,318725.15625,300385.8125
1216098.208988,305315.71875,312124.78125,318550.28125,300243.5625
1216098.2227652,304992.34375,312355.0,318339.28125,299678.625
1216098.2228181,304905.875,312570.9375,318323.53125,299408.0625
1216098.2253805,305208.4375,312514.15625,318583.375,299867.53125
1216098.2254257,305466.90625,312242.53125,318730.625,300392.09375
1216098.2365149,305324.75,312127.5625,318558.59375,300253.0625
1216098.236559,305007.28125,312359.125,318354.75,299692.125
1216098.2502661,304921.71875,312576.90625,318342.84375,299423.71875
1216098.2503098,305220.40625,312520.84375,318601.4375,299881.3125
1216098.2533099,305463.34375,312242.71875,318735.1875,300391.46875
1216098.253354,305314.90625,312127.03125,318558.34375,300251.28125
1216098.2533663,304994.125,312357.6875,318349.75,299689.625
1216098.257771,304915.0,312584.34375,318342.3125,299426.21875
1216098.2578166,305205.65625,312516.21875,318591.15625,299872.4375
1216098.2646909,305451.71875,312233.15625,318725.34375,300387.4375
1216098.2790138,305308.40625,312117.1875,318549.5625,300250.625
1216098.2790573,304987.5,312346.34375,318341.25,299686.03125
1216098.2815169,304900.78125,312563.59375,318325.25,299412.71875
1216098.2815677,305200.21875,312505.65625,318582.5625,299870.3125
1216098.2834566,305452.34375,312232.78125,318727.03125,300391.90625
1216098.28963,305302.40625,312105.125,318542.6875,300243.125
1216098.2989062,304975.1875,312325.9375,318325.25,299670.65625
1216098.2989469,304890.15625,312548.125,318311.46875,299398.78125
1216098.3013485,305195.5625,312504.9375,318579.34375,299860.46875
1216098.3013825,305441.59375,312227.40625,318718.8125,300375.375
1216098.3097265,305303.9375,312115.46875,318549.375,300242.15625
1216098.3140324,304975.96875,312338.1875,318334.53125,299675.40625
1216098.314076,304892.03125,312561.09375,318321.3125,299404.21875
1216098.3171794,305193.3125,312502.78125,318574.4375,299855.28125
1216098.3258682,305445.46875,312223.03125,318716.21875,300372.9375
1216098.3328908,305307.40625,312108.5,318545.375,300241.15625
1216098.3329378,304988.59375,312335.6875,318333.1875,299678.15625
1216098.3346925,304898.28125,312554.125,318314.15625,299398.9375
1216098.3384308,305194.03125,312499.40625,318572.625,299851.0
1216098.3527253,305437.75,312220.4375,318709.875,300364.90625
1216098.3527751,305294.8125,312102.53125,318534.8125,300229.4375
1216098.3553686,304969.0,312328.90625,318320.6875,299662.53125
1216098.3554144,304878.96875,312552.0625,318303.4375,299390.09375
1216098.3571969,305176.25,312499.125,318559.40625,299844.03125
1216098.3684453,305434.71875,312229.65625,318710.9375,300371.78125
1216098.3715144,305293.28125,312108.40625,318537.9375,300238.125
1216098.3715587,304967.65625,312328.8125,318319.96875,299670.46875
1216098.3734948,304887.5625,312557.96875,318309.6875,299402.25
1216098.3846958,305176.53125,312495.5625,318559.75,299845.90625
1216098.3877638,305422.75,312213.21875,318700.65625,300362.5
1216098.3878074,305285.6875,312096.625,318534.1875,300233.125
1216098.3896687,304957.28125,312318.96875,318316.125,299663.875
1216098.3985461,304870.9375,312547.40625,318302.4375,299391.875
1216098.4016102,305167.9375,312496.09375,318563.34375,299846.6875
1216098.401669,305421.125,312223.3125,318711.40625,300370.1875
1216098.4258944,305284.0625,312110.65625,318538.21875,300238.40625
1216098.4284396,304953.625,312326.5625,318315.9375,299668.40625
1216098.4310488,304861.71875,312543.375,318297.625,299386.96875
1216098.4334395,305159.25,312489.375,318553.9375,299833.1875
1216098.4359326,305415.6875,312214.1875,318702.625,300359.1875
1216098.4384278,305282.71875,312100.46875,318537.5,300236.4375
1216098.4410216,304959.25,312323.53125,318323.625,299672.34375
1216098.4434349,304871.1875,312547.5,318306.1875,299396.8125
1216098.4459332,305162.125,312490.53125,318556.09375,299838.46875
1216098.4490154,305412.8125,312216.4375,318702.28125,300359.90625
1216098.4490589,305278.875,312101.53125,318536.15625,300234.8125
1216098.457879,304959.15625,312325.5,318321.75,299670.21875
1216098.4579233,304875.84375,312550.28125,318304.15625,299393.6875
1216098.4596845,305185.71875,312508.34375,318568.6875,299848.125
1216098.4659451,305434.0,312229.125,318710.9375,300364.0
1216098.4765144,305290.25,312107.53125,318536.59375,300230.25
1216098.4765584,304963.625,312326.21875,318320.5,299666.0
1216098.4791212,304871.625,312543.65625,318298.59375,299384.28125
1216098.4791677,305169.46875,312491.0,318551.8125,299829.34375
1216098.4809372,305433.46875,312226.25,318706.375,300361.0625
1216098.4946958,305295.25,312107.15625,318537.0625,300235.1875
1216098.4971533,304967.46875,312326.40625,318321.59375,299669.125
1216098.5010572,304874.9375,312547.40625,318301.375,299387.6875
1216098.5046846,305167.65625,312491.625,318550.5625,299829.0
1216098.5134026,305433.375,312225.8125,318705.84375,300362.03125
1216098.5165215,305299.53125,312105.75,318538.46875,300239.28125
1216098.5165649,304976.25,312323.4375,318321.9375,299674.0625
1216098.5191037,304892.03125,312552.15625,318308.15625,299396.90625
1216098.5191408,305183.65625,312500.1875,318564.78125,299840.09375
1216098.5271887,305438.03125,312227.6875,318713.8125,300362.5625
1216098.5314849,305296.6875,312105.75,318542.15625,300233.90625
1216098.5315293,304967.84375,312328.625,318325.34375,299666.625
1216098.539695,304876.46875,312553.03125,318303.15625,299382.125
1216098.5441212,305176.96875,312505.84375,318561.375,299831.9375
1216098.5441703,305434.0,312232.96875,318708.25,300357.21875
1216098.549626,305294.34375,312108.40625,318537.0625,300229.4375
1216098.5589776,304968.65625,312328.4375,318320.6875,299664.5625
1216098.5590198,304871.71875,312542.125,318295.21875,299377.84375
1216098.5615133,305161.21875,312484.5625,318545.375,299818.71875
1216098.5615569,305417.375,312209.09375,318689.75,300343.71875
1216098.5698174,305284.4375,312088.84375,318521.84375,300221.59375
1216098.5756994,304964.625,312315.03125,318313.34375,299663.875
1216098.5840184,304869.125,312535.78125,318291.0,299381.4375
1216098.5840621,305169.46875,312492.4375,318549.125,299830.15625
1216098.592707,305425.96875,312220.0,318699.15625,300357.65625
1216098.5927482,305289.09375,312097.34375,318529.71875,300233.46875
1216098.5953703,304956.84375,312313.0625,318308.875,299662.96875
1216098.5954158,304863.40625,312539.8125,318291.8125,299380.0
1216098.6059616,305156.21875,312490.625,318551.09375,299827.125
1216098.6158716,305419.34375,312223.65625,318707.09375,300360.15625
1216098.6159158,305289.78125,312104.3125,318542.5,300240.53125
1216098.6159276,304970.0625,312327.46875,318326.125,299677.28125
1216098.6189751,304875.75,312548.03125,318301.46875,299388.21875
1216098.619019,305165.53125,312491.15625,318549.75,299823.71875
1216098.6210733,305424.4375,312219.46875,318699.78125,300350.25
1216098.6321966,305295.4375,312101.53125,318534.53125,300229.625
1216098.6365124,304976.96875,312325.9375,318324.09375,299667.875
1216098.6365567,304878.6875,312549.28125,318301.375,299379.1875
1216098.6502274,305169.71875,312501.625,318556.4375,299822.03125
1216098.6502724,305425.96875,312231.1875,318708.8125,300355.4375
1216098.6528712,305286.9375,312105.125,318533.46875,300232.65625
1216098.6529167,304960.40625,312321.03125,318310.59375,299666.625
1216098.6639718,304858.6875,312534.0,318277.59375,299372.21875
1216098.6640154,305158.09375,312487.6875,318535.0,299818.53125
1216098.6702682,305421.75,312217.6875,318689.75,300357.46875
1216098.6703119,305289.96875,312101.09375,318528.5625,300244.1875
1216098.6789916,304962.75,312325.5,318316.03125,299679.78125
1216098.6790361,304864.9375,312550.1875,318295.21875,299390.8125
1216098.6814716,305166.25,312511.28125,318558.0625,299839.90625
1216098.6815168,305424.875,312242.1875,318712.75,300370.4375
1216098.6884235,305285.875,312116.90625,318540.4375,300246.4375
1216098.7027642,304956.84375,312334.25,318320.40625,299678.625
1216098.7028084,304856.8125,312555.625,318295.5625,299386.96875
1216098.705269,305157.90625,312514.0625,318555.375,299833.8125
1216098.705313,305424.4375,312244.59375,318711.40625,300371.78125
1216098.7110466,305296.59375,312118.78125,318541.53125,300249.125
1216098.7140342,304980.53125,312338.71875,318326.9375,299683.875
1216098.7140779,304886.75,312561.90625,318302.625,299389.84375
1216098.7159042,305181.0625,312513.25,318558.6875,299828.1875
1216098.7297138,305450.5625,312250.5,318721.125,300369.09375
1216098.7328582,305307.59375,312119.25,318545.375,300243.9375
1216098.732906,304973.5625,312332.90625,318324.71875,299674.59375
1216098.7346777,304878.53125,312564.03125,318303.53125,299386.34375
1216098.743371,305164.1875,312507.34375,318548.3125,299815.40625
1216098.7477916,305422.5625,312226.25,318697.0,300347.1875
1216098.7478358,305286.75,312092.78125,318523.5625,300228.1875
1216098.7610487,304965.25,312313.6875,318309.0625,299668.40625
1216098.7640314,304865.375,312537.21875,318283.9375,299376.875
1216098.7640751,305159.09375,312488.75,318538.65625,299815.75
1216098.7659025,305425.0625,312216.4375,318694.75,300354.1875
1216098.7684503,305291.125,312087.6875,318526.6875,300236.59375
1216098.777874,304967.03125,312310.46875,318311.75,299674.3125
1216098.7779198,304872.53125,312540.53125,318290.5625,299383.40625
1216098.7795417,305166.25,312496.0,318544.1875,299818.53125
1216098.7877811,305441.15625,312235.28125,318708.25,300359.0
1216098.7878257,305319.84375,312117.09375,318549.375,300247.5
1216098.7896229,304997.0,312338.28125,318336.0625,299682.625
1216098.7985486,304883.4375,312552.40625,318296.09375,299371.3125
1216098.8016051,305179.375,312512.8125,318550.46875,299805.5625
1216098.8016495,305446.875,312241.28125,318707.1875,300340.40625
1216098.8096644,305316.0,312114.78125,318539.28125,300223.0
1216098.8139738,304986.53125,312330.59375,318319.25,299654.84375
1216098.8140182,304885.0625,312556.0,318292.6875,299359.34375
1216098.8198017,305176.0625,312509.9375,318543.5,299789.21875
1216098.8258741,305443.84375,312241.90625,318702.8125,300331.09375
1216098.8352711,305306.875,312106.625,318530.78125,300214.34375
1216098.8353151,304970.25,312311.90625,318302.8125,299637.9375
1216098.8377214,304865.1875,312530.34375,318269.90625,299336.28125
1216098.8377642,305158.46875,312483.84375,318520.96875,299770.53125
1216098.8458771,305425.53125,312212.75,318677.15625,300309.65625
1216098.849046,305300.78125,312085.34375,318513.625,300198.6875
1216098.8490921,304978.3125,312302.96875,318299.6875,299635.78125
1216098.8509398,304878.34375,312532.65625,318275.09375,299337.625
1216098.8652628,305163.65625,312486.0625,318522.9375,299769.375
1216098.8653065,305436.6875,312222.9375,318688.59375,300319.75
1216098.8673,305306.15625,312094.5625,318521.59375,300204.5
1216098.8696352,304979.65625,312314.875,318305.75,299636.0625
1216098.8734277,304879.40625,312543.28125,318279.90625,299337.09375
1216098.8921538,305171.96875,312499.03125,318533.90625,299771.34375
1216098.8953788,305448.03125,312235.5625,318697.71875,300317.53125
1216098.8954241,305318.0625,312105.375,318531.25,300202.71875
1216098.8971372,304984.21875,312318.96875,318307.4375,299629.34375
1216098.899688,304882.5625,312548.84375,318280.1875,299330.46875
1216098.9021991,305168.1875,312499.21875,318525.25,299756.84375
1216098.9066249,305434.375,312227.0625,318685.46875,300298.65625
1216098.9066699,305303.9375,312092.3125,318520.5,300189.21875
1216098.9122042,304974.46875,312304.75,318298.34375,299621.46875
1216098.9216128,304876.75,312536.78125,318273.9375,299322.9375
1216098.9216576,305172.84375,312497.78125,318530.875,299762.375
1216098.9302667,305433.03125,312221.0625,318684.84375,300299.90625
1216098.930311,305302.84375,312089.8125,318517.1875,300190.90625
1216098.9329036,304970.625,312304.75,318292.53125,299621.75
1216098.9329484,304860.09375,312527.8125,318260.0625,299317.21875
1216098.9433991,305150.84375,312486.875,318514.59375,299751.3125
1216098.9508401,305416.5,312213.125,318673.40625,300295.53125
1216098.9508827,305291.3125,312081.875,318513.1875,300194.75
1216098.9508956,304966.59375,312301.53125,318296.46875,299631.5
1216098.9534466,304865.1875,312534.8125,318270.25,299332.6875
1216098.9672989,305154.34375,312492.0625,318522.75,299763.09375
1216099.0004167,305429.375,312230.71875,318691.53125,300314.9375
1216099.0004637,305299.625,312104.65625,318530.25,300209.78125
1216099.0004758,304966.84375,312321.5625,318310.3125,299640.34375
1216099.0004867,304856.71875,312548.3125,318275.53125,299328.84375
1216099.0004982,305147.5625,312505.65625,318526.59375,299756.5625
1216099.0039645,305424.34375,312237.25,318689.9375,300305.4375
1216099.0040088,305305.0,312109.65625,318531.875,300203.34375
1216099.0040197,304975.875,312323.96875,318308.625,299632.5625
1216099.0040306,304860.28125,312543.375,318267.3125,299316.15625
1216099.0059215,305143.78125,312496.28125,318514.15625,299743.0625
1216099.0085583,305415.40625,312228.3125,318680.5625,300294.0
1216099.0109124,305296.9375,312104.5,318525.875,300197.1875
1216099.0134168,304954.0625,312307.4375,318292.25,299614.6875
1216099.0271912,304849.5625,312536.84375,318259.25,299305.6875
1216099.0315662,305143.34375,312492.4375,318510.40625,299736.625
1216099.0316115,305419.25,312220.28125,318672.84375,300284.71875
1216099.0316226,305296.3125,312086.15625,318511.375,300183.3125
1216099.0316335,304969.0,312303.15625,318289.84375,299615.3125
1216099.0334597,304867.78125,312540.34375,318264.09375,299311.59375
1216099.0372047,305156.40625,312499.5,318512.90625,299738.96875
1216099.0658686,305431.15625,312235.8125,318681.4375,300294.4375
1216099.069168,305304.375,312103.875,318517.375,300190.125
1216099.0692154,304970.6875,312317.09375,318293.875,299618.34375
1216099.0709077,304858.75,312543.84375,318257.84375,299301.84375
1216099.0734101,305157.28125,312508.4375,318514.875,299732.53125
1216099.0758937,305433.28125,312236.625,318680.28125,300281.9375
1216099.0785102,305307.6875,312096.625,318516.125,300177.5
1216099.0809403,304983.65625,312316.28125,318300.75,299614.5
1216099.0834631,304869.40625,312544.5625,318265.53125,299299.09375
1216099.0859442,305155.40625,312504.5,318515.40625,299724.3125
1216099.0891461,305426.15625,312235.90625,318681.875,300277.0
1216099.089191,305304.71875,312108.875,318526.3125,300184.9375
1216099.0909366,304967.125,312316.28125,318297.15625,299609.78125
1216099.1034063,304856.1875,312549.03125,318266.59375,299301.125
1216099.1066208,305135.84375,312497.15625,318503.96875,299718.84375
1216099.1066647,305418.28125,312226.78125,318672.84375,300277.5625
1216099.10852,305309.71875,312093.84375,318517.46875,300189.5
1216099.1109397,304983.40625,312302.4375,318292.78125,299620.15625
1216099.1252562,304866.1875,312525.0625,318251.84375,299301.5
1216099.1252994,305153.71875,312487.5,318504.875,299734.5
1216099.1271908,305432.9375,312223.125,318678.59375,300296.3125
1216099.1303983,305308.21875,312089.03125,318517.125,300199.0625
1216099.1304435,304976.78125,312307.4375,318298.15625,299633.375
1216099.1321177,304861.0,312537.65625,318265.25,299316.78125
1216099.1409446,305150.59375,312503.0625,318520.78125,299745.75
1216099.1452876,305434.90625,312241.8125,318694.84375,300308.40625
1216099.145332,305309.8125,312103.0625,318528.5625,300205.75
1216099.1509044,304980.28125,312316.8125,318300.75,299631.0625
1216099.1621082,304874.59375,312554.1875,318271.78125,299317.5
1216099.1656958,305162.5625,312514.3125,318521.6875,299738.78125
1216099.1657328,305445.28125,312251.1875,318693.78125,300300.53125
1216099.1657449,305323.25,312115.40625,318535.625,300206.125
1216099.1683366,304984.5625,312320.03125,318307.4375,299630.875
1216099.1722072,304871.375,312553.3125,318271.40625,299313.9375
1216099.183397,305163.90625,312518.8125,318527.03125,299742.8125
1216099.1866136,305441.15625,312249.15625,318696.90625,300299.90625
1216099.186659,305322.25,312110.46875,318539.03125,300207.53125
1216099.1884468,304985.46875,312312.96875,318309.96875,299635.4375
1216099.1970821,304867.4375,312537.84375,318265.78125,299312.125
1216099.2034639,305156.84375,312499.84375,318514.6875,299736.28125
1216099.2059465,305441.4375,312229.3125,318685.1875,300300.0
1216099.2084421,305324.84375,312090.4375,318526.9375,300212.46875
1216099.2178615,304988.3125,312292.5,318296.09375,299635.875
1216099.2179084,304879.15625,312529.71875,318264.8125,299319.1875
1216099.2290402,305170.4375,312499.5625,318520.59375,299747.28125
1216099.2290839,305441.78125,312222.78125,318682.15625,300297.59375
1216099.2316126,305325.125,312090.1875,318527.75,300208.4375
1216099.2316564,304989.03125,312300.71875,318303.4375,299637.5
1216099.239694,304867.34375,312528.625,318261.84375,299311.25
1216099.2472389,305153.09375,312493.9375,318511.3125,299729.5625
1216099.2472841,305434.09375,312230.5625,318682.96875,300291.59375
1216099.2472964,305319.5625,312100.375,318527.9375,300203.53125
1216099.2496875,304992.59375,312319.25,318308.25,299636.5
1216099.2534495,304875.40625,312552.3125,318270.78125,299310.53125
1216099.2671925,305157.03125,312513.53125,318514.96875,299722.875
1216099.2778479,305435.875,312245.3125,318687.6875,300285.96875
1216099.277894,305313.125,312102.59375,318527.46875,300194.3125
1216099.2779058,304982.875,312313.4375,318304.40625,299625.96875
1216099.2779166,304865.375,312545.0,318268.46875,299303.8125
1216099.2802807,305148.09375,312507.4375,318517.125,299724.375
1216099.2803247,305419.0,312228.03125,318676.96875,300281.21875
1216099.2884247,305300.25,312085.0,318515.59375,300193.40625
1216099.2977951,304966.59375,312291.0,318292.4375,299628.625
1216099.2978396,304848.40625,312515.75,318249.78125,299301.40625
1216099.3017183,305139.6875,312481.78125,318501.71875,299722.6875
1216099.3017627,305423.625,312214.46875,318676.0625,300289.53125
1216099.3108745,305309.375,312081.59375,318521.40625,300207.71875
1216099.320145,304974.0,312291.53125,318295.75,299637.03125
1216099.3201814,304853.125,312522.03125,318255.0625,299307.5
1216099.3296098,305145.125,312496.1875,318509.96875,299732.34375
1216099.3296432,305429.53125,312228.6875,318682.96875,300296.875
1216099.3296541,305317.5,312091.6875,318528.5625,300215.5
1216099.3322067,304986.0,312302.6875,318303.15625,299645.34375
1216099.3346046,304859.46875,312530.5,318258.375,299312.3125
1216099.3383216,305148.1875,312501.28125,318508.96875,299729.84375
1216099.3476548,305430.4375,312232.6875,318680.46875,300295.0625
1216099.3476887,305316.25,312095.28125,318527.9375,300215.5
1216099.350928,304988.9375,312311.46875,318308.78125,299651.34375
1216099.3626608,304875.65625,312552.5,318275.8125,299329.125
1216099.3626959,305149.4375,312508.15625,318514.4375,299736.28125
1216099.3651758,305421.65625,312228.40625,318675.53125,300292.84375
1216099.3652073,305311.96875,312093.9375,318522.75,300216.84375
1216099.3732546,304974.5625,312299.75,318294.125,299643.125
1216099.3757424,304855.1875,312532.65625,318256.59375,299317.21875
1216099.3795809,305144.5,312496.1875,318508.625,299740.75
1216099.3839,305434.0,312222.25,318680.28125,300309.75
1216099.3839262,305318.75,312072.375,318520.0625,300225.34375
1216099.3919918,304987.40625,312279.71875,318298.0625,299655.625
1216099.3957642,304866.8125,312515.75,318258.90625,299325.71875
1216099.402622,305150.6875,312483.9375,318507.625,299742.8125
1216099.4026454,305442.6875,312227.875,318689.9375,300318.5
1216099.4132806,305326.0,312085.71875,318534.28125,300237.9375
1216099.4164079,304991.28125,312296.625,318310.3125,299667.09375
1216099.4164223,304868.96875,312535.6875,318269.28125,299332.6875
1216099.4182341,305155.78125,312507.25,318516.21875,299744.59375
1216099.4244787,305435.625,312235.1875,318679.375,300301.78125
1216099.4339979,305324.21875,312094.21875,318524.53125,300222.3125
1216099.4340491,304991.53125,312301.8125,318299.6875,299652.25
1216099.4365881,304869.40625,312535.875,318255.40625,299315.34375
1216099.4366349,305157.28125,312505.125,318503.53125,299728.3125
1216099.4446297,305442.5,312236.375,318676.875,300295.4375
1216099.4615203,305326.53125,312091.25,318520.15625,300214.34375
1216099.4615643,304993.0625,312300.28125,318297.4375,299646.25
1216099.4633189,304875.65625,312544.28125,318260.6875,299315.4375
1216099.4665396,305164.0,312517.53125,318510.59375,299733.40625
1216099.4665831,305445.09375,312244.6875,318681.71875,300299.46875
1216099.4685943,305337.28125,312104.03125,318530.625,300226.9375
1216099.4727508,304990.90625,312296.625,318291.375,299645.1875
1216099.4728032,304863.15625,312526.3125,318244.96875,299308.46875
1216099.4758052,305152.03125,312498.9375,318497.1875,299727.78125
1216099.4847187,305432.9375,312227.34375,318668.9375,300293.375
1216099.4915943,305320.03125,312085.71875,318514.875,300217.28125
1216099.4916431,304991.34375,312299.9375,318294.84375,299651.0
1216099.4933119,304876.5625,312545.4375,318261.0625,299319.75
1216099.4971063,305151.3125,312501.71875,318494.59375,299720.46875
1216099.5134039,305442.0625,312232.6875,318672.0625,300293.09375
1216099.516658,305338.34375,312094.21875,318523.0,300221.75
1216099.5166918,305016.9375,312314.3125,318306.375,299658.5
1216099.5184529,304894.34375,312552.59375,318264.09375,299319.1875
1216099.520963,305165.96875,312513.0,318501.5625,299720.46875
1216099.5234578,305452.15625,312246.28125,318679.5625,300293.5625
1216099.5273287,305347.5625,312105.1875,318530.625,300222.46875
1216099.5390524,305015.84375,312309.6875,318302.1875,299650.0
1216099.5390989,304893.46875,312546.96875,318258.28125,299309.625
1216099.5415319,305181.0625,312522.28125,318510.84375,299726.28125
1216099.5415776,305463.0625,312248.15625,318684.46875,300296.40625
1216099.5434435,305346.21875,312093.75,318523.71875,300216.5625
1216099.5573275,305018.28125,312300.28125,318300.65625,299648.40625
1216099.560307,304896.21875,312533.625,318256.40625,299308.1875
1216099.5603602,305176.78125,312502.15625,318500.03125,299716.0625
1216099.562153,305469.59375,312243.875,318685.375,300300.4375
1216099.5647224,305365.15625,312107.53125,318539.90625,300236.875
1216099.5735896,305016.03125,312302.78125,318300.5625,299651.34375
1216099.5766465,304881.90625,312535.25,318251.125,299302.21875
1216099.5766921,305165.4375,312509.59375,318500.65625,299713.75
1216099.5784044,305453.84375,312243.96875,318682.59375,300291.6875
1216099.5921725,305349.0625,312102.34375,318534.71875,300224.90625
1216099.5953986,305011.125,312306.09375,318302.34375,299649.46875
1216099.5954445,304881.375,312544.09375,318251.46875,299302.65625
1216099.5972359,305163.09375,312519.59375,318498.59375,299709.90625
1216099.5997102,305457.0,312258.09375,318686.09375,300291.15625
1216099.6083877,305339.5,312104.75,318528.65625,300212.46875
1216099.6179203,305002.875,312308.96875,318299.75,299636.5
1216099.6179661,304875.46875,312549.5625,318253.28125,299289.78125
1216099.6196465,305156.03125,312521.65625,318497.09375,299693.0
1216099.6222382,305447.5,312253.15625,318679.03125,300275.0625
1216099.6259711,305341.03125,312106.1875,318531.59375,300212.1875
1216099.6354115,305009.15625,312312.1875,318306.8125,299641.40625
1216099.6354571,304875.125,312543.65625,318255.40625,299289.78125
1216099.6371451,305152.1875,312504.84375,318493.15625,299689.15625
1216099.6459324,305445.8125,312235.75,318675.28125,300271.375
1216099.6527867,305337.625,312085.4375,318522.3125,300204.59375
1216099.6528318,305002.0,312285.96875,318291.28125,299635.25
1216099.6547668,304876.1875,312532.03125,318248.96875,299295.875
1216099.6715946,305151.46875,312504.3125,318492.71875,299700.4375
1216099.6716392,305437.75,312233.3125,318672.0625,300280.5
1216099.6734856,305325.03125,312084.28125,318518.53125,300213.4375
1216099.6766187,304992.59375,312295.8125,318293.6875,299640.25
1216099.6766622,304866.0,312540.96875,318249.4375,299295.0625
1216099.6785098,305151.65625,312518.34375,318498.59375,299704.625
1216099.6809471,305447.6875,312256.375,318684.84375,300294.375
1216099.7083648,305328.5,312092.78125,318518.09375,300213.96875
1216099.7084078,304993.9375,312294.9375,318285.8125,299635.0625
1216099.7084189,304870.65625,312540.6875,318241.75,299288.0
1216099.7109227,305152.5625,312517.09375,318488.9375,299692.84375
1216099.7134229,305449.3125,312253.78125,318676.15625,300278.0
1216099.7209846,305342.09375,312104.9375,318528.28125,300216.03125
1216099.7234408,304996.53125,312302.53125,318296.53125,299636.25
1216099.7259228,304861.09375,312543.21875,318249.4375,299284.40625
1216099.7283815,305141.1875,312520.5,318495.75,299690.3125
1216099.7309599,305428.65625,312242.71875,318672.78125,300270.3125
1216099.7334621,305327.4375,312089.65625,318522.03125,300210.125
1216099.7365302,304992.4375,312287.21875,318288.3125,299634.90625
1216099.7365685,304859.03125,312521.03125,318238.625,299283.53125
1216099.7384621,305138.78125,312491.0,318484.3125,299688.28125
1216099.7501801,305435.8125,312225.1875,318672.21875,300276.65625
1216099.7502121,305338.0625,312081.875,318527.9375,300220.875
1216099.7546148,304995.46875,312280.15625,318292.4375,299642.84375
1216099.757022,304866.90625,312527.5625,318250.21875,299295.9375
1216099.7600867,305147.0,312507.71875,318496.0,299699.71875
1216099.7601064,305436.4375,312240.28125,318677.78125,300281.5
1216099.7707769,305331.375,312093.03125,318530.625,300221.5
1216099.7738398,304987.15625,312294.9375,318294.75,299637.65625
1216099.77386,304854.65625,312542.3125,318248.90625,299284.96875
1216099.779523,305138.25,312524.4375,318493.78125,299689.15625
1216099.7887938,305436.0625,312259.78125,318679.375,300277.28125
1216099.7888042,305325.125,312100.09375,318523.0,300208.0
1216099.7907205,304984.125,312300.03125,318288.59375,299627.125
1216099.7944789,304844.90625,312539.625,318237.53125,299269.65625
1216099.8038052,305123.59375,312517.0,318484.75,299673.4375
1216099.8038189,305419.09375,312250.5625,318674.03125,300264.21875
1216099.8057213,305318.6875,312097.4375,318531.96875,300212.90625
1216099.8170122,304985.8125,312301.4375,318305.5,299642.6875
1216099.8199511,304855.53125,312544.09375,318257.28125,299291.75
1216099.8199591,305121.71875,312503.96875,318491.1875,299682.90625
1216099.8269992,305425.34375,312242.34375,318681.96875,300277.28125
1216099.8294946,305326.1875,312091.34375,318535.625,300224.4375
1216099.8319927,304986.96875,312289.90625,318305.5,299651.15625
1216099.8363873,304849.09375,312528.625,318253.8125,299294.0
1216099.8363951,305133.78125,312513.0625,318502.4375,299698.28125
1216099.8445257,305425.25,312241.46875,318685.8125,300282.90625
1216099.8514411,305326.375,312089.90625,318540.4375,300228.46875
1216099.8514735,304990.5625,312296.0,318310.03125,299654.46875
1216099.8533778,304848.5625,312535.96875,318252.125,299286.375
1216099.8621319,305129.03125,312517.46875,318498.875,299686.03125
1216099.8665254,305430.15625,312254.6875,318687.96875,300279.875
1216099.866563,305339.40625,312113.59375,318553.59375,300237.84375
1216099.8727249,304995.1875,312308.34375,318315.9375,299656.4375
1216099.8727645,304861.0,312552.3125,318263.28125,299295.875
1216099.8747115,305128.9375,312518.875,318496.0,299686.46875
1216099.888414,305427.5625,312252.8125,318683.21875,300280.21875
1216099.8914363,305326.09375,312097.25,318534.0,300226.0625
1216099.8914698,304987.40625,312296.4375,318302.09375,299649.375
1216099.8934894,304855.90625,312547.5,318257.03125,299292.03125
1216099.8971358,305121.4375,312510.40625,318486.1875,299676.46875
1216099.9058517,305409.96875,312230.90625,318663.75,300257.6875
1216099.9101185,305309.1875,312072.65625,318516.75,300207.71875
1216099.9101553,304978.3125,312275.25,318288.21875,299638.46875
1216099.9234918,304843.46875,312520.125,318238.25,299283.0625
1216099.9263224,305112.15625,312493.21875,318474.90625,299675.5
1216099.926358,305409.25,312227.34375,318665.625,300273.25
1216099.9340006,305311.0,312072.5625,318522.125,300225.34375
1216099.9340327,304973.75,312269.625,318286.71875,299645.53125
1216099.9359189,304833.71875,312511.375,318229.9375,299277.96875
1216099.9396195,305109.8125,312492.59375,318474.03125,299671.09375
1216099.951475,305408.96875,312229.5625,318665.78125,300267.0
1216099.9515065,305321.1875,312085.8125,318532.125,300228.03125
1216099.9539506,304975.96875,312277.125,318290.09375,299641.875
1216099.9539871,304839.71875,312524.15625,318235.03125,299274.125
1216099.9558704,305115.53125,312505.84375,318476.53125,299667.0
1216099.9646298,305410.5,312238.15625,318665.25,300260.28125
1216099.9689735,305314.84375,312082.125,318524.8125,300218.0
1216099.9690084,304978.65625,312277.84375,318290.90625,299642.75
1216099.9721728,304853.03125,312535.15625,318246.75,299285.125
1216099.9865272,305129.65625,312513.875,318487.6875,299676.375
1216099.9865648,305424.53125,312240.28125,318672.9375,300267.1875
1216099.9953475,305332.4375,312085.875,318531.96875,300226.9375
1216099.9953803,305003.5,312289.90625,318305.5625,299658.9375
1216100.0014723,304859.84375,312531.3125,318249.875,299292.46875
1216100.0015014,305120.90625,312500.5625,318483.84375,299678.625
1216100.0152253,305423.90625,312235.03125,318680.46875,300281.40625
1216100.0152571,305328.5,312080.53125,318541.0625,300239.5625
1216100.0183507,304980.4375,312268.625,318301.0,299658.5
1216100.0183824,304842.21875,312518.4375,318246.21875,299296.40625
1216100.0183904,305109.28125,312493.84375,318480.90625,299682.46875
1216100.0222366,305412.8125,312230.09375,318674.46875,300280.0625
1216100.0258464,305325.8125,312079.09375,318538.84375,300239.8125
1216100.0301549,304991.0,312280.78125,318305.5,299666.0
1216100.0301916,304846.875,312527.375,318248.8125,299293.8125
1216100.0484153,305123.0625,312513.875,318497.8125,299689.4375
1216100.0520629,305418.90625,312243.4375,318686.1875,300281.3125
1216100.052104,305319.75,312082.125,318540.0,300232.3125
1216100.0521158,304986.71875,312283.3125,318310.75,299663.0625
1216100.0552114,304837.84375,312521.46875,318246.46875,299286.28125
1216100.0552428,305109.8125,312505.21875,318486.96875,299675.65625
1216100.0633834,305408.71875,312239.5,318680.28125,300273.625
1216100.0701846,305317.6875,312083.9375,318540.1875,300234.53125
1216100.0702214,304983.40625,312284.65625,318312.625,299665.65625
1216100.0838871,304836.59375,312526.9375,318253.8125,299292.90625
1216100.0839185,305101.59375,312501.28125,318486.8125,299675.75
1216100.0888723,305406.21875,312233.21875,318678.84375,300276.375
1216100.0889087,305320.8125,312077.40625,318539.90625,300243.125
1216100.090742,304978.65625,312266.40625,318298.15625,299661.90625
1216100.0932479,304833.1875,312509.9375,318238.0625,299285.3125
1216100.1020952,305109.90625,312496.34375,318480.90625,299675.84375
1216100.1052112,305411.21875,312231.90625,318674.90625,300278.09375
1216100.1052489,305311.15625,312069.15625,318526.3125,300231.6875
1216100.1071541,304975.1875,312268.71875,318292.53125,299656.8125
1216100.1214852,304834.1875,312518.8125,318236.375,299285.21875
1216100.1215221,305104.90625,312501.28125,318475.1875,299671.90625
1216100.1232967,305409.6875,312239.03125,318672.59375,300273.53125
1216100.1259064,305319.375,312083.125,318529.71875,300230.78125
1216100.1295476,304990.1875,312283.21875,318296.8125,299657.875
1216100.146523,304849.03125,312527.28125,318235.5625,299281.46875
1216100.1466045,305121.4375,312507.25,318474.1875,299666.90625
1216100.1484884,305424.1875,312243.5,318672.3125,300270.03125
1216100.1509051,305328.875,312078.5625,318525.96875,300227.40625
1216100.1534045,304994.84375,312274.8125,318295.03125,299657.875
1216100.1558876,304842.59375,312513.625,318230.21875,299279.0625
1216100.1627335,305111.875,312495.28125,318468.125,299663.3125
1216100.162774,305410.5,312223.9375,318659.90625,300261.71875
1216100.1646581,305317.25,312058.875,318512.8125,300221.75
1216100.1734166,304976.25,312246.65625,318270.4375,299643.75
1216100.1802253,304832.5625,312489.375,318206.6875,299265.90625
1216100.180261,305101.25,312466.6875,318442.90625,299648.46875
1216100.1826682,305412.09375,312210.34375,318644.0625,300259.03125
1216100.182701,305327.15625,312055.9375,318505.65625,300227.125
1216100.1934152,304985.8125,312248.15625,318269.0,299649.75
1216100.1965225,304835.15625,312494.75,318208.75,299272.53125
1216100.1965589,305101.0625,312479.71875,318446.3125,299654.46875
1216100.2020932,305405.40625,312220.90625,318645.21875,300261.0
1216100.2057879,305314.21875,312058.8125,318503.875,300224.90625
1216100.2126328,304979.03125,312251.125,318270.34375,299652.0625
1216100.2126576,304841.0625,312502.96875,318215.375,299278.53125
1216100.2207869,305110.1875,312484.90625,318449.875,299654.46875
1216100.2239745,305416.5625,312223.3125,318645.5,300257.0
1216100.2240122,305323.15625,312060.40625,318502.0,300219.96875
1216100.2258833,304984.90625,312256.5625,318268.90625,299646.6875
1216100.2371187,304835.34375,312504.59375,318211.875,299270.84375
1216100.240206,305102.84375,312486.6875,318453.09375,299654.46875
1216100.2402382,305400.9375,312214.46875,318642.90625,300250.71875
1216100.2420544,305319.03125,312058.1875,318508.875,300223.5625
1216100.2520857,304987.15625,312253.78125,318277.59375,299656.09375
1216100.2546105,304834.0,312492.875,318210.90625,299269.21875
1216100.2571127,305101.59375,312474.53125,318443.34375,299644.28125
1216100.2658215,305414.875,312218.03125,318649.625,300258.875
1216100.2688351,305325.46875,312056.75,318513.53125,300233.21875
1216100.268853,304993.78125,312257.625,318287.875,299670.65625
1216100.2707655,304836.0625,312496.0,318218.84375,299280.40625
1216100.284521,305100.96875,312478.84375,318455.25,299657.4375
1216100.287605,305412.65625,312220.34375,318661.3125,300269.6875
1216100.2876222,305317.78125,312049.9375,318514.59375,300230.15625
1216100.2895128,304988.21875,312249.5,318283.40625,299661.53125
1216100.2932893,304844.71875,312501.4375,318224.3125,299283.25
1216100.3019912,305116.15625,312493.40625,318465.34375,299666.8125
1216100.3064015,305423.28125,312232.78125,318669.0,300276.84375
1216100.3064192,305338.0625,312074.96875,318538.21875,300250.46875
1216100.308262,304993.21875,312265.40625,318300.03125,299672.90625
1216100.3451311,304850.90625,312520.40625,318246.3125,299297.28125
1216100.3451554,305115.09375,312498.9375,318481.78125,299673.15625
1216100.3475851,305418.09375,312230.375,318679.125,300279.0625
1216100.3476028,305335.40625,312073.625,318544.28125,300256.09375
1216100.3536204,305001.0,312270.0625,318314.15625,299688.4375
1216100.3536372,304848.21875,312513.25,318247.625,299302.125
1216100.3536424,305118.40625,312504.21875,318489.03125,299682.46875
1216100.3536478,305425.0625,312238.78125,318690.28125,300290.0625
1216100.3589759,305335.21875,312072.5625,318552.53125,300263.59375
1216100.3590226,304991.71875,312260.21875,318312.90625,299689.875
1216100.3616051,304843.03125,312512.1875,318251.3125,299311.0625
1216100.3616493,305109.65625,312500.28125,318485.65625,299688.90625
1216100.3634843,305412.09375,312231.4375,318682.34375,300296.78125
1216100.3722207,305326.4375,312068.53125,318546.625,300274.34375
1216100.3772815,304993.84375,312270.25,318319.15625,299709.71875
1216100.3773361,304843.46875,312523.90625,318260.15625,299326.4375
1216100.3773496,305100.96875,312508.25,318491.28125,299694.96875
1216100.3796915,305410.75,312249.6875,318695.3125,300304.65625
1216100.3834766,305328.6875,312087.15625,318561.1875,300283.0
1216100.3922061,304986.78125,312272.46875,318319.96875,299706.59375
1216100.3967163,304829.25,312517.625,318252.125,299316.34375
1216100.3967616,305100.78125,312511.28125,318490.28125,299694.53125
1216100.4072293,305412.90625,312250.5625,318693.15625,300302.84375
1216100.4102757,305333.25,312082.75,318559.84375,300278.625
1216100.4103194,304999.75,312268.71875,318325.0625,299707.21875
1216100.4246479,304849.03125,312519.15625,318261.9375,299322.59375
1216100.424694,305114.65625,312511.1875,318500.125,299696.0625
1216100.4247079,305430.875,312257.1875,318711.40625,300312.15625
1216100.4273663,305342.1875,312089.1875,318574.6875,300289.53125
1216100.4297387,305001.5625,312276.9375,318336.15625,299716.96875
1216100.4322347,304847.15625,312526.21875,318270.875,299331.09375
1216100.4359671,305116.71875,312523.96875,318517.125,299714.09375
1216100.4448311,305414.0625,312253.53125,318710.40625,300316.09375
1216100.4478065,305323.15625,312081.25,318569.0625,300292.3125
1216100.4478504,304989.3125,312273.375,318336.5,299731.0
1216100.4558007,304837.125,312522.71875,318269.46875,299344.6875
1216100.4640649,305100.53125,312513.96875,318505.40625,299715.8125
1216100.4641094,305407.1875,312248.625,318707.09375,300324.84375
1216100.466032,305331.46875,312088.03125,318577.65625,300311.15625
1216100.4684879,305010.84375,312287.78125,318355.5625,299757.46875
1216100.4722349,304849.09375,312527.8125,318284.46875,299363.1875
1216100.4866193,305109.28125,312518.875,318521.125,299734.59375
1216100.4866635,305415.21875,312254.15625,318722.21875,300343.90625
1216100.4885001,305336.03125,312085.0,318587.84375,300326.8125
1216100.4910423,305005.75,312272.21875,318353.5,299763.8125
1216100.4972256,304853.03125,312521.21875,318289.65625,299377.59375
1216100.501615,305114.5625,312512.53125,318524.34375,299742.375
1216100.501658,305423.5625,312249.5,318726.6875,300346.75
1216100.5098242,305352.375,312089.46875,318595.25,300330.125
1216100.5140559,305031.78125,312287.21875,318369.40625,299772.65625
1216100.5141005,304861.625,312521.3125,318286.53125,299365.875
1216100.5222211,305116.09375,312507.25,318513.8125,299726.625
1216100.5266105,305419.34375,312245.9375,318712.90625,300332.28125
1216100.5266551,305335.9375,312076.6875,318576.9375,300314.21875
1216100.532321,305003.96875,312266.03125,318343.21875,299751.75
1216100.5366026,304853.84375,312522.03125,318278.9375,299364.25
1216100.5366544,305108.5625,312507.4375,318506.84375,299721.8125
1216100.5447176,305420.59375,312249.25,318711.5625,300330.40625
1216100.5478271,305348.0,312088.75,318580.84375,300317.875
1216100.5478728,305001.90625,312264.4375,318330.59375,299737.71875
1216100.5560986,304844.0,312518.09375,318259.875,299342.34375
1216100.5584436,305108.375,312517.09375,318493.34375,299702.21875
1216100.5620755,305423.09375,312260.3125,318701.5625,300311.78125
1216100.5697058,305352.03125,312101.1875,318574.6875,300300.4375
1216100.5729236,305011.84375,312277.65625,318329.4375,299724.9375
1216100.5729692,304857.34375,312525.875,318259.53125,299332.6875
1216100.5834949,305120.5625,312520.84375,318494.03125,299694.875
1216100.5866144,305427.3125,312259.0625,318696.09375,300298.75
1216100.5866587,305341.90625,312080.34375,318559.40625,300278.96875
1216100.592212,305008.96875,312263.1875,318321.03125,299710.25
1216100.5967242,304857.15625,312516.21875,318255.40625,299318.03125
1216100.5967687,305116.25,312509.5,318487.78125,299677.625
1216100.6022268,305428.8125,312252.8125,318695.75,300289.71875
1216100.6140631,305357.9375,312092.9375,318571.375,300285.96875
1216100.6141068,305016.3125,312270.0625,318328.65625,299716.25
1216100.6166113,304849.03125,312509.9375,318249.15625,299314.5625
1216100.6166556,305103.90625,312503.15625,318480.0,299675.125
1216100.6185384,305412.28125,312247.96875,318689.59375,300290.6875
1216100.6272684,305330.9375,312075.34375,318556.375,300279.53125
1216100.6415639,304994.3125,312255.125,318315.5,299714.375
1216100.6416059,304835.53125,312504.65625,318243.34375,299318.75
1216100.6440459,305085.15625,312492.4375,318464.90625,299668.34375
1216100.6440914,305391.53125,312228.9375,318667.5,300275.6875
1216100.6467191,305316.53125,312060.6875,318537.75,300265.3125
1216100.6467642,304986.09375,312249.3125,318301.46875,299703.46875
1216100.6572412,304834.0,312505.3125,318234.84375,299311.40625
1216100.6639803,305094.625,312504.40625,318468.90625,299669.6875
1216100.6640314,305419.71875,312262.5625,318687.15625,300290.25
1216100.679074,305338.0,312087.0625,318548.21875,300273.4375
1216100.6791176,304996.375,312260.84375,318300.75,299698.375
1216100.6817172,304840.15625,312513.34375,318233.0625,299297.65625
1216100.6817623,305097.65625,312508.53125,318462.5625,299649.8125
1216100.6840782,305409.59375,312250.65625,318670.71875,300261.5625
1216100.6841226,305335.46875,312079.28125,318544.5625,300257.15625
1216100.6922222,304998.59375,312256.46875,318305.65625,299692.28125
1216100.699072,304833.5625,312500.90625,318228.5,299290.84375
1216100.6991177,305098.28125,312505.46875,318466.25,299654.125
1216100.7079542,305407.28125,312242.96875,318669.5625,300260.375
1216100.7079977,305325.90625,312064.78125,318534.53125,300247.25
1216100.7103328,304994.84375,312248.53125,318299.0625,299686.65625
1216100.710378,304833.90625,312500.65625,318224.3125,299288.875
1216100.718491,305083.4375,312495.8125,318445.84375,299637.5625
1216100.7278173,305396.46875,312241.0,318656.21875,300252.6875
1216100.7278608,305330.84375,312074.53125,318533.03125,300252.78125
1216100.7426995,304993.0625,312251.03125,318289.40625,299683.625
1216100.7427559,304825.25,312497.34375,318211.875,299280.40625
1216100.7458841,305077.46875,312491.09375,318437.8125,299627.46875
1216100.745928,305396.09375,312236.28125,318650.6875,300240.8125
1216100.7459396,305324.3125,312066.125,318521.59375,300236.0625
1216100.750318,304992.34375,312249.15625,318283.40625,299673.96875
1216100.7503626,304836.3125,312504.03125,318214.90625,299277.625
1216100.7634934,305091.84375,312503.15625,318446.3125,299630.875
1216100.7667154,305405.5,312247.0,318657.125,300246.4375
1216100.7667605,305333.15625,312073.90625,318531.78125,300244.125
1216100.7720999,304993.6875,312251.46875,318291.53125,299679.78125
1216100.780245,304828.46875,312501.28125,318216.53125,299278.53125
1216100.7802883,305086.40625,312500.28125,318447.1875,299629.34375
1216100.7822448,305407.625,312247.90625,318665.625,300248.59375
1216100.7861071,305338.96875,312075.875,318542.15625,300250.5625
1216100.797821,305005.46875,312258.90625,318307.4375,299695.59375
1216100.7978644,304844.28125,312515.03125,318238.0625,299299.96875
1216100.800283,305087.75,312506.09375,318459.09375,299642.6875
1216100.8003289,305402.71875,312255.40625,318675.28125,300261.625
1216100.8022161,305329.40625,312082.75,318548.9375,300264.3125
1216100.8111032,304995.90625,312263.0,318312.375,299708.21875
1216100.8134898,304829.53125,312512.09375,318238.15625,299307.5625
1216100.8172247,305086.84375,312520.5,318471.875,299659.21875
1216100.8259555,305405.65625,312271.21875,318686.8125,300275.0625
1216100.8302996,305332.0,312090.4375,318556.0,300274.875
1216100.8303547,304995.65625,312262.5625,318311.9375,299714.8125
1216100.8322322,304833.90625,312517.375,318237.96875,299314.375
1216100.8466132,305084.15625,312515.5,318464.8125,299660.8125
1216100.8466579,305410.3125,312266.125,318688.15625,300287.65625
1216100.8484477,305341.75,312087.5,318561.09375,300291.9375
1216100.8510975,305001.28125,312256.9375,318312.625,299724.46875
1216100.8546944,304837.5625,312510.84375,318239.3125,299318.21875
1216100.8590653,305093.71875,312516.21875,318469.09375,299664.5625
1216100.8591088,305417.1875,312265.59375,318687.6875,300284.875
1216100.8722131,305349.53125,312092.0625,318565.9375,300292.21875
1216100.875364,305010.59375,312264.96875,318324.25,299731.71875
1216100.8754072,304844.8125,312517.46875,318248.625,299331.96875
1216100.8771576,305099.34375,312525.0625,318483.40625,299684.6875
1216100.8796113,305413.09375,312269.25,318699.78125,300302.125
1216100.8884928,305336.5625,312084.90625,318570.3125,300301.78125
1216100.8979672,305002.34375,312258.90625,318333.1875,299749.0625
1216100.8980149,304836.6875,312514.5,318258.0,299346.65625
1216100.9010031,305086.9375,312520.125,318484.9375,299684.25
1216100.9147005,305413.90625,312274.8125,318708.71875,300308.125
1216100.9178165,305347.71875,312099.125,318585.78125,300316.1875
1216100.9178601,305003.5,312267.375,318336.40625,299749.34375
1216100.9198545,304835.59375,312516.03125,318255.25,299342.25
1216100.9221965,305089.78125,312521.03125,318482.34375,299688.4375
1216100.9309904,305406.03125,312266.21875,318693.34375,300301.78125
1216100.9340607,305341.03125,312091.25,318571.46875,300310.625
1216100.9341043,305003.96875,312258.53125,318324.0,299747.90625
1216100.9361,304844.375,312513.0,318247.0,299342.0
1216100.9472523,305090.15625,312512.53125,318467.125,299673.96875
1216100.9496954,305403.25,312258.90625,318680.5625,300284.15625
1216100.9528138,305336.75,312083.21875,318560.28125,300296.5
1216100.9528572,304995.5625,312250.40625,318313.8125,299735.84375
1216100.9554282,304830.25,312503.15625,318232.96875,299328.0625
1216100.955473,305077.71875,312501.8125,318454.0,299662.96875
1216100.9846759,305399.40625,312251.28125,318674.03125,300282.03125
1216100.9941305,305333.875,312070.875,318550.0,300288.1875
1216100.9941813,304997.71875,312241.625,318303.53125,299723.5
1216100.9959426,304829.625,312497.4375,318220.28125,299309.90625
1216100.9985644,305083.625,312509.21875,318447.90625,299650.90625
1216101.0009816,305402.71875,312260.40625,318667.40625,300270.40625
1216101.0034631,305339.5,312085.71875,318548.84375,300286.40625
1216101.005995,305000.125,312256.21875,318305.21875,299725.09375
1216101.0085508,304832.21875,312509.21875,318226.53125,299313.03125
1216101.0109849,305080.59375,312510.125,318447.28125,299647.0625
1216101.0135131,305403.6875,312259.59375,318665.96875,300266.90625
1216101.0159239,305343.0,312082.84375,318545.53125,300279.4375
1216101.0186142,305009.59375,312250.3125,318303.34375,299723.21875
1216101.0216196,304843.9375,312503.25,318224.84375,299313.65625
1216101.0216649,305094.875,312511.03125,318450.0625,299649.1875
1216101.0240588,305419.875,312266.40625,318671.78125,300271.90625
1216101.0241714,305350.25,312080.96875,318542.5,300277.5625
1216101.0322416,305011.125,312245.9375,318293.3125,299712.15625
1216101.0472885,304842.75,312499.9375,318211.875,299301.0625
1216101.0473338,305087.75,312506.46875,318435.75,299637.75
1216101.0473458,305403.4375,312254.25,318651.5,300252.25
1216101.0503311,305346.125,312078.28125,318536.15625,300271.125
1216101.0503753,305013.53125,312250.84375,318296.375,299718.03125
1216101.0522199,304838.28125,312499.5625,318210.4375,299301.40625
1216101.0559982,305083.34375,312504.03125,318434.0625,299633.71875
1216101.0698485,305401.1875,312253.34375,318654.4375,300254.9375
1216101.0746585,305338.15625,312076.3125,318534.53125,300271.84375
1216101.0747016,305009.3125,312254.6875,318300.84375,299723.75
1216101.0747132,304841.875,312511.09375,318225.65625,299315.96875
1216101.0778344,305079.34375,312508.15625,318441.21875,299640.96875
1216101.0778787,305404.0625,312259.15625,318664.28125,300266.1875
1216101.0959991,305341.46875,312075.78125,318543.75,300283.28125
1216101.103595,305010.9375,312242.1875,318300.9375,299727.25
1216101.1036442,304848.3125,312500.5625,318225.09375,299318.125
1216101.1036559,305092.375,312507.4375,318447.65625,299646.96875
1216101.1071711,305408.15625,312251.03125,318664.1875,300259.3125
1216101.1072145,305351.5,312074.28125,318550.1875,300279.0625
1216101.107226,305024.09375,312247.28125,318309.34375,299723.75
1216101.1097123,304857.34375,312506.71875,318228.15625,299311.40625
1216101.1234201,305091.40625,312505.46875,318440.3125,299632.375
1216101.1285532,305411.46875,312255.3125,318660.625,300253.59375
1216101.1286007,305359.4375,312082.5,318550.625,300282.1875
1216101.1286131,305033.1875,312256.375,318316.84375,299736.71875
1216101.1309845,304854.125,312501.90625,318228.59375,299316.53125
1216101.1346466,305095.25,312509.59375,318449.6875,299646.53125
1216101.1490888,305415.21875,312264.34375,318676.4375,300272.375
1216101.1491331,305354.15625,312083.5625,318562.09375,300297.3125
1216101.1554421,305024.53125,312257.625,318322.21875,299750.21875
1216101.155488,304846.4375,312510.46875,318235.21875,299331.4375
1216101.166666,305091.3125,312525.5,318464.1875,299661.96875
1216101.1667108,305417.75,312282.21875,318694.5,300291.9375
1216101.1690893,305350.9375,312090.1875,318570.40625,300309.03125
1216101.1691321,305016.9375,312256.46875,318328.1875,299758.09375
1216101.1710017,304848.125,312512.1875,318247.1875,299345.5625
1216101.1798654,305096.9375,312525.78125,318472.84375,299676.46875
1216101.1840859,305407.53125,312266.65625,318689.40625,300294.09375
1216101.1841295,305349.0625,312082.40625,318572.8125,300318.15625
1216101.1922176,305026.21875,312258.8125,318337.03125,299773.03125
1216101.2016079,304863.15625,312525.5,318263.09375,299366.3125
1216101.2016525,305094.8125,312526.5,318472.9375,299679.78125
1216101.204196,305412.5625,312277.84375,318693.25,300297.84375
1216101.2042407,305354.96875,312096.09375,318574.25,300318.3125
1216101.2059966,305024.71875,312259.15625,318329.4375,299763.46875
1216101.2147479,304859.3125,312516.21875,318250.5,299345.75
1216101.2215991,305104.375,312528.46875,318478.21875,299673.34375
1216101.2216432,305431.15625,312285.71875,318707.8125,300300.53125
1216101.2235364,305368.03125,312097.96875,318586.3125,300322.0625
1216101.2347444,305034.09375,312264.0625,318346.25,299775.625
1216101.2377522,304856.875,312520.9375,318261.9375,299358.96875
1216101.2377972,305094.8125,312533.09375,318485.8125,299686.84375
1216101.2396346,305411.65625,312287.0625,318712.28125,300315.625
1216101.2483284,305352.5625,312101.4375,318597.40625,300344.25
1216101.2515472,305017.65625,312260.40625,318353.125,299789.75
1216101.2515797,304848.125,312516.65625,318272.75,299375.4375
1216101.2534035,305096.40625,312535.15625,318500.84375,299704.1875
1216101.2621172,305415.3125,312283.21875,318724.28125,300327.71875
1216101.2664976,305357.65625,312097.78125,318608.75,300358.8125
1216101.2665325,305022.03125,312258.90625,318363.40625,299805.125
1216101.2720928,304846.15625,312515.9375,318279.90625,299384.28125
1216101.2808952,305084.875,312528.28125,318497.53125,299704.71875
1216101.2839847,305411.46875,312285.09375,318725.4375,300332.4375
1216101.2840186,305366.25,312109.5,318618.15625,300366.875
1216101.2898408,305035.34375,312272.84375,318369.59375,299811.65625
1216101.3016127,304862.78125,312533.1875,318280.71875,299387.6875
1216101.3016567,305102.40625,312546.59375,318499.3125,299706.34375
1216101.3039398,305424.96875,312300.1875,318725.53125,300329.6875
1216101.3039838,305374.46875,312119.25,318615.28125,300363.28125
1216101.3096218,305038.125,312278.46875,318364.5,299803.78125
1216101.3120781,304858.84375,312529.34375,318271.5,299372.40625
1216101.3158482,305096.5,312538.5625,318488.875,299689.34375
1216101.3245922,305427.9375,312300.71875,318721.75,300324.40625
1216101.3277915,305370.25,312115.5625,318608.84375,300356.78125
1216101.3278411,305030.96875,312271.21875,318358.25,299798.40625
1216101.3336092,304852.78125,312527.5625,318271.5,299375.0625
1216101.3378362,305091.03125,312544.375,318495.21875,299696.9375
1216101.3378815,305410.84375,312294.9375,318723.28125,300324.5
1216101.3459975,305366.34375,312113.6875,318615.0,300362.75
1216101.3527178,305038.375,312274.34375,318370.03125,299813.71875
1216101.3527683,304858.3125,312523.625,318275.09375,299380.09375
1216101.3611029,305091.3125,312532.3125,318485.46875,299685.3125
1216101.3653583,305422.65625,312293.125,318723.1875,300320.375
1216101.3654051,305373.21875,312107.625,318610.0,300355.34375
1216101.3940655,305046.25,312272.125,318366.28125,299808.6875
1216101.3941104,304869.21875,312529.09375,318273.21875,299378.28125
1216101.395997,305097.03125,312533.5625,318480.09375,299679.96875
1216101.4112646,305424.875,312288.75,318707.90625,300306.53125
1216101.4113201,305376.78125,312101.71875,318594.71875,300341.375
1216101.4113392,305043.84375,312259.15625,318347.15625,299790.09375
1216101.4113564,304866.90625,312518.625,318258.09375,299364.34375
1216101.4184071,305105.71875,312534.625,318476.4375,299677.53125
1216101.4184498,305436.96875,312295.375,318713.28125,300312.78125
1216101.4184621,305378.5625,312100.90625,318594.1875,300342.5625
1216101.4216439,305046.875,312261.84375,318348.84375,299794.125
1216101.4216893,304862.4375,312517.09375,318256.9375,299364.0
1216101.4235244,305101.15625,312534.96875,318476.0,299678.875
1216101.4266863,305425.15625,312287.40625,318705.21875,300306.78125
1216101.4267205,305375.71875,312098.3125,318594.09375,300345.6875
1216101.4283542,305049.8125,312263.625,318350.375,299799.125
1216101.4322491,304868.25,312521.84375,318260.875,299369.34375
1216101.4465309,305097.40625,312531.125,318472.21875,299675.5
1216101.4465775,305412.0,312274.8125,318693.59375,300294.4375
1216101.4486071,305358.46875,312082.5,318579.78125,300331.5625
1216101.4510097,305029.71875,312242.96875,318333.75,299781.0625
1216101.4602196,304855.0,312503.15625,318245.3125,299351.46875
1216101.4602659,305082.90625,312512.375,318451.21875,299651.25
1216101.4626969,305403.78125,312263.8125,318677.15625,300277.0
1216101.4627313,305360.875,312078.90625,318568.96875,300321.1875
1216101.4710619,305034.625,312240.03125,318321.75,299768.46875
1216101.475255,304846.59375,312490.28125,318221.625,299325.90625
1216101.4753014,305078.34375,312501.1875,318430.375,299627.28125
1216101.4771486,305400.21875,312255.59375,318651.3125,300251.0
1216101.4860193,305353.09375,312067.1875,318541.53125,300292.9375
1216101.4904139,305025.15625,312225.1875,318295.84375,299743.625
1216101.4904613,304845.4375,312477.21875,318201.15625,299304.4375
1216101.5010186,305095.875,312507.53125,318429.21875,299621.3125
1216101.5040444,305415.5,312256.21875,318651.65625,300243.21875
1216101.5040879,305361.59375,312058.625,318534.8125,300279.96875
1216101.5059847,305033.28125,312221.59375,318293.5,299736.5625
1216101.5145277,304853.3125,312486.4375,318207.59375,299307.21875
1216101.5216563,305077.625,312499.84375,318418.0625,299609.40625
1216101.5217006,305395.375,312252.0,318643.8125,300235.71875
1216101.5235098,305354.71875,312070.96875,318542.59375,300286.59375
1216101.5322445,305017.5625,312222.0625,318293.25,299734.75
1216101.5367691,304837.21875,312481.0625,318205.34375,299304.53125
1216101.5368144,305067.8125,312496.71875,318421.71875,299611.8125
1216101.5472487,305397.34375,312254.6875,318657.65625,300246.0
1216101.5502955,305358.0,312069.96875,318558.78125,300298.84375
1216101.5503394,305035.25,312233.3125,318323.28125,299761.40625
1216101.552202,304860.1875,312500.75,318242.71875,299335.375
1216101.5617838,305098.90625,312531.84375,318466.25,299647.40625
1216101.5618322,305419.4375,312286.53125,318694.84375,300276.5625
1216101.5634499,305360.34375,312085.25,318576.5625,300312.25
1216101.5697426,305029.53125,312244.59375,318333.90625,299767.65625
1216101.5790592,304845.25,312502.78125,318244.25,299335.5625
1216101.5791032,305071.8125,312518.53125,318455.78125,299639.8125
1216101.5817678,305400.3125,312275.625,318686.625,300270.125
1216101.5818132,305364.1875,312088.46875,318587.28125,300324.59375
1216101.5922526,305042.0625,312247.1875,318346.6875,299785.71875
1216101.5953492,304852.25,312496.1875,318247.1875,299343.96875
1216101.5953936,305075.125,312507.71875,318454.34375,299638.1875
1216101.5971871,305406.125,312273.46875,318692.53125,300274.96875
1216101.6261351,305357.21875,312081.40625,318583.8125,300324.59375
1216101.6284692,305020.59375,312234.75,318335.71875,299779.65625
1216101.6310097,304844.5625,312505.46875,318251.46875,299351.90625
1216101.6335017,305065.28125,312522.46875,318456.59375,299641.96875
1216101.6361254,305382.34375,312274.34375,318680.46875,300264.78125
1216101.6385141,305343.71875,312085.1875,318579.25,300319.75
1216101.6409801,305023.0,312246.65625,318341.4375,299780.90625
1216101.643522,304842.9375,312508.15625,318250.0625,299344.5
1216101.6461243,305076.28125,312528.90625,318465.4375,299644.1875
1216101.649102,305406.90625,312283.21875,318700.125,300277.28125
1216101.649146,305370.8125,312093.21875,318599.1875,300336.75
1216101.6510099,305050.53125,312253.96875,318360.46875,299804.78125
1216101.6603373,304860.46875,312509.6875,318261.78125,299364.0
1216101.6603811,305076.65625,312517.1875,318459.1875,299648.03125
1216101.6667716,305406.5625,312279.0,318694.84375,300280.875
1216101.6668183,305364.375,312091.25,318592.65625,300334.59375
1216101.6803574,305041.0625,312253.34375,318353.9375,299799.75
1216101.6804047,304853.21875,312513.25,318258.8125,299359.15625
1216101.68343,305081.5625,312538.90625,318472.21875,299653.65625
1216101.6834828,305413.28125,312300.46875,318713.1875,300286.5
1216101.6834954,305369.625,312106.625,318607.9375,300339.78125
1216101.6872649,305037.84375,312256.375,318357.6875,299795.5625
1216101.696122,304854.28125,312511.03125,318262.3125,299356.3125
1216101.7028391,305094.4375,312540.96875,318481.625,299660.28125
1216101.7028831,305427.03125,312299.46875,318715.59375,300292.5625
1216101.7116284,305390.65625,312106.71875,318617.0625,300352.75
1216101.7116789,305071.8125,312267.375,318381.40625,299821.9375
1216101.7178628,304871.09375,312513.625,318271.0625,299367.9375
1216101.7179078,305088.4375,312529.78125,318477.78125,299656.4375
1216101.7241291,305413.53125,312288.125,318711.65625,300287.28125
1216101.7241794,305373.125,312095.0,318606.15625,300342.09375
1216101.7309007,305042.75,312249.9375,318356.28125,299797.78125
1216101.7453402,304856.25,312512.28125,318257.75,299354.59375
1216101.7453857,305083.96875,312537.84375,318467.3125,299649.1875
1216101.7484077,305403.34375,312288.125,318693.875,300274.78125
1216101.7484508,305352.28125,312083.9375,318580.21875,300321.1875
1216101.7484632,305032.9375,312244.125,318341.53125,299785.46875
1216101.7529084,304846.25,312503.6875,318245.40625,299344.21875
1216101.7529557,305073.25,312525.0625,318457.9375,299637.9375
1216101.7584329,305405.84375,312282.5,318696.90625,300275.0625
1216101.7672378,305369.28125,312085.875,318593.65625,300335.5625
1216101.7766216,305045.1875,312240.75,318349.75,299797.4375
1216101.7766652,304852.25,312498.3125,318247.8125,299350.3125
1216101.7791956,305077.8125,312520.59375,318453.625,299636.6875
1216101.7792419,305407.0,312279.71875,318690.21875,300267.625
1216101.7897662,305367.40625,312083.84375,318587.75,300324.65625
1216101.792838,305037.125,312237.15625,318341.25,299782.40625
1216101.7928822,304848.65625,312499.84375,318244.6875,299336.0
1216101.7990947,305074.78125,312525.78125,318452.1875,299621.21875
1216101.7991407,305399.15625,312279.375,318680.375,300248.40625
1216101.8011254,305358.375,312080.53125,318573.34375,300304.71875
1216101.81227,305020.15625,312222.9375,318318.625,299754.0625
1216101.8153167,304833.28125,312488.125,318223.40625,299311.5
1216101.815363,305059.3125,312513.875,318430.46875,299600.375
1216101.8172794,305389.9375,312275.625,318665.96875,300237.0625
1216101.8261856,305350.78125,312079.1875,318561.1875,300299.28125
1216101.8283185,305032.84375,312236.625,318324.71875,299768.28125
1216101.8360347,304841.6875,312492.4375,318225.375,299319.65625
1216101.8385249,305063.25,312514.40625,318428.875,299600.375
1216101.8410935,305391.4375,312267.75,318658.28125,300229.625
1216101.8528359,305358.28125,312073.625,318558.78125,300298.03125
1216101.8528801,305035.4375,312228.75,318316.46875,299761.3125
1216101.8553717,304849.09375,312492.96875,318224.3125,299319.75
1216101.8554157,305073.6875,312518.71875,318431.375,299603.6875
1216101.8635168,305407.1875,312279.0,318668.3125,300238.75
1216101.8679779,305370.96875,312080.4375,318564.9375,300302.0625
1216101.8680221,305038.03125,312225.28125,318316.40625,299760.0625
1216101.8790938,304846.53125,312486.96875,318217.6875,299313.5625
1216101.879138,305072.53125,312517.0,318425.46875,299599.84375
1216101.8816617,305402.375,312275.0,318661.78125,300232.84375
1216101.8817125,305374.28125,312083.84375,318565.40625,300303.375
1216101.8897697,305045.8125,312234.46875,318322.28125,299768.5625
1216101.8942194,304849.03125,312493.3125,318224.3125,299321.4375
1216101.8942646,305062.0625,312514.3125,318425.90625,299599.65625
1216101.8972588,305393.78125,312273.375,318661.59375,300231.5
1216101.9060192,305360.78125,312075.59375,318560.5625,300299.1875
1216101.9103372,305035.96875,312226.0,318318.28125,299764.4375
1216101.9103818,304849.46875,312490.8125,318225.5625,299319.90625
1216101.9161716,305069.21875,312519.0625,318432.71875,299602.4375
1216101.9197306,305397.34375,312279.8125,318670.53125,300236.78125
1216101.9291336,305363.90625,312085.71875,318574.875,300307.59375
1216101.9291777,305031.40625,312231.25,318324.71875,299767.40625
1216101.9309687,304841.78125,312494.375,318227.0625,299319.90625
1216101.9448748,305069.84375,312526.84375,318439.59375,299608.875
1216101.9496537,305407.8125,312292.40625,318681.8125,300250.71875
1216101.9496966,305372.6875,312087.0625,318580.9375,300317.25
1216101.9497088,305040.625,312226.71875,318329.28125,299774.625
1216101.9522626,304853.5,312491.78125,318236.1875,299331.34375
1216101.9547662,305071.5625,312518.4375,318444.78125,299613.875
1216101.9636414,305403.0,312281.15625,318685.375,300252.25
1216101.9678587,305366.6875,312081.34375,318585.34375,300320.90625
1216101.9679041,305041.4375,312236.53125,318345.375,299789.375
1216101.9760164,304846.59375,312502.53125,318248.09375,299337.34375
1216101.9803638,305069.5,312537.46875,318460.6875,299621.125
1216101.9804074,305398.4375,312296.8125,318695.375,300253.59375
1216101.9892226,305375.625,312108.25,318606.25,300333.53125
1216101.9892687,305045.8125,312255.0625,318360.1875,299795.28125
1216101.9909581,304844.8125,312509.84375,318253.375,299338.5
1216101.9946831,305066.5625,312539.0,318459.1875,299618.96875
1216102.0090731,305408.09375,312307.8125,318704.875,300263.25
1216102.0091231,305375.90625,312107.0,318607.0625,300336.75
1216102.0111301,305047.40625,312253.34375,318358.5,299799.5
1216102.0134729,304857.15625,312520.21875,318262.40625,299353.875
1216102.0160345,305064.5,312538.03125,318460.59375,299626.5
1216102.0246852,305399.0625,312302.625,318701.90625,300269.15625
1216102.0279536,305365.15625,312097.25,318602.125,300349.34375
1216102.0279985,305040.34375,312243.6875,318360.28125,299813.875
1216102.038441,304838.125,312495.65625,318255.34375,299356.46875
1216102.041575,305051.96875,312517.90625,318451.9375,299627.03125
1216102.0416187,305394.5,312286.34375,318700.9375,300274.15625
1216102.0433095,305364.1875,312089.65625,318607.25,300351.5
1216102.0504082,305032.3125,312235.03125,318359.5,299814.78125
1216102.050453,304837.5,312501.1875,318259.96875,299362.125
1216102.0522896,305063.15625,312540.34375,318471.875,299645.53125
1216102.0660678,305406.46875,312315.3125,318720.96875,300291.0625
1216102.0691216,305381.78125,312124.15625,318632.71875,300374.28125
1216102.0691686,305044.1875,312258.8125,318374.875,299828.46875
1216102.0736235,304843.03125,312517.09375,318267.65625,299365.59375
1216102.0760076,305065.84375,312552.78125,318477.40625,299643.84375
1216102.0786204,305402.375,312317.71875,318722.125,300285.59375
1216102.0872698,305371.59375,312112.71875,318624.5,300363.90625
1216102.0905524,305052.96875,312264.0625,318386.125,299839.8125
1216102.0906038,304843.75,312515.75,318273.9375,299372.9375
1216102.0960647,305055.28125,312543.46875,318471.78125,299639.09375
1216102.1103193,305393.875,312316.5625,318717.375,300284.78125
1216102.1103624,305358.71875,312108.6875,318619.21875,300361.5
1216102.1122742,305024.4375,312241.46875,318365.375,299821.3125
1216102.11548,304828.71875,312502.71875,318260.96875,299367.75
1216102.1155252,305060.28125,312541.6875,318472.40625,299652.34375
1216102.1172155,305397.4375,312303.5,318713.90625,300282.90625
1216102.1360207,305361.0625,312088.84375,318608.65625,300350.96875
1216102.1391109,305038.5625,312234.75,318363.875,299821.84375
1216102.1391549,304836.6875,312492.78125,318256.125,299359.6875
1216102.1410776,305057.0625,312532.03125,318464.71875,299637.03125
1216102.1435063,305398.96875,312305.125,318709.875,300278.53125
1216102.1459989,305374.46875,312108.40625,318618.0625,300360.96875
1216102.1485223,305040.25,312246.03125,318364.75,299823.375
1216102.159213,304837.5625,312501.4375,318255.875,299360.59375
1216102.1592603,305063.6875,312543.84375,318467.03125,299637.03125
1216102.1609686,305396.375,312304.21875,318702.90625,300268.875
1216102.1647119,305368.28125,312101.90625,318605.90625,300349.0625
1216102.1734891,305038.84375,312244.5,318353.84375,299812.375
1216102.17676,304839.46875,312507.0,318247.28125,299352.09375
1216102.1768041,305049.125,312534.1875,318443.1875,299616.03125
1216102.1784637,305391.28125,312302.6875,318686.1875,300255.5625
1216102.1922726,305367.65625,312101.34375,318591.0625,300333.6875
1216102.1953656,305040.53125,312239.21875,318344.125,299801.5625
1216102.1954089,304839.0,312494.3125,318234.21875,299337.625
1216102.1973456,305063.15625,312534.96875,318439.78125,299609.40625
1216102.1997183,305404.6875,312303.6875,318683.84375,300251.8125
1216102.2135209,305375.71875,312094.84375,318585.78125,300330.03125
1216102.2166305,305042.40625,312228.5,318332.21875,299792.78125
1216102.2166766,304843.9375,312490.0,318227.25,299332.96875
1216102.2186319,305056.1875,312514.875,318422.15625,299592.78125
1216102.2209653,305395.21875,312283.21875,318665.53125,300230.53125
1216102.2303405,305377.5,312088.46875,318580.6875,300322.34375
1216102.2303841,305053.3125,312229.84375,318337.40625,299793.5
1216102.2328638,304842.3125,312482.3125,318222.96875,299322.875
1216102.2329079,305057.875,312521.9375,318424.3125,299587.6875
1216102.2411087,305396.375,312290.625,318667.21875,300227.5625
1216102.2685666,305379.21875,312091.875,318580.84375,300318.9375
1216102.2716678,305049.75,312229.375,318332.03125,299786.625
1216102.2717122,304847.6875,312499.03125,318226.1875,299322.6875
1216102.2735201,305056.8125,312532.5625,318422.25,299581.0625
1216102.276124,305397.4375,312303.6875,318669.5625,300224.4375
1216102.2785094,305368.28125,312096.625,318571.75,300307.6875
1216102.2816618,305049.5625,312238.59375,318333.65625,299787.15625
1216102.2817054,304851.25,312504.03125,318232.625,299330.90625
1216102.2835139,305054.65625,312529.78125,318422.15625,299583.125
1216102.286777,305401.375,312303.3125,318674.125,300230.0625
1216102.2868265,305379.46875,312097.34375,318585.875,300322.34375
1216102.2890661,305048.65625,312229.65625,318335.34375,299791.0
1216102.2891106,304847.6875,312494.84375,318229.03125,299328.125
1216102.3022367,305063.59375,312531.59375,318428.875,299590.09375
1216102.3096578,305401.03125,312296.0,318672.84375,300228.46875
1216102.3097007,305382.15625,312091.0625,318584.25,300318.84375
1216102.3097126,305063.875,312235.125,318344.5625,299795.8125
1216102.3129331,304855.09375,312494.65625,318232.875,299326.15625
1216102.3129771,305063.59375,312529.09375,318431.8125,299586.78125
1216102.3234275,305413.71875,312309.75,318690.125,300241.96875
1216102.330792,305384.5625,312097.96875,318594.53125,300330.46875
1216102.3308261,305049.65625,312227.15625,318339.0,299795.8125
1216102.3308378,304851.78125,312500.90625,318238.34375,299338.40625
1216102.3447259,305063.59375,312543.28125,318441.125,299603.34375
1216102.3486233,305402.8125,312314.6875,318691.0,300246.78125
1216102.3528539,305376.0,312103.15625,318596.0625,300334.5
1216102.3528981,305052.59375,312238.78125,318348.59375,299809.59375
1216102.3553301,304853.5,312510.125,318246.21875,299348.0625
1216102.3553737,305069.84375,312552.0625,318450.78125,299609.6875
1216102.3716637,305411.65625,312322.625,318700.125,300252.4375
1216102.3717078,305390.65625,312111.09375,318607.15625,300341.9375
1216102.3747488,305068.78125,312252.46875,318366.8125,299823.8125
1216102.3747921,304868.15625,312524.0625,318265.0625,299363.71875
1216102.3748033,305077.53125,312562.53125,318464.4375,299623.90625
1216102.3772909,305408.71875,312317.28125,318701.03125,300259.3125
1216102.3810219,305382.96875,312099.46875,318603.9375,300345.6875
1216102.389795,305056.1875,312229.125,318357.0625,299818.90625
1216102.3942287,304852.78125,312495.8125,318254.96875,299357.28125
1216102.3942765,305068.5,312545.1875,318459.71875,299621.65625
1216102.3996962,305409.96875,312317.0,318707.1875,300265.5625
1216102.4091099,305385.0,312102.53125,318612.59375,300355.34375
1216102.4091534,305056.96875,312231.09375,318362.4375,299827.9375
1216102.4110165,304852.15625,312498.78125,318259.25,299364.09375
1216102.4204687,305058.21875,312540.53125,318457.65625,299617.8125
1216102.4205146,305402.71875,312317.375,318707.625,300263.96875
1216102.4222567,305392.0,312116.65625,318626.71875,300369.46875
1216102.4260375,305068.59375,312256.3125,318382.09375,299846.625
1216102.4397776,304855.28125,312516.5625,318267.5,299371.15625
1216102.4429765,305061.625,312555.90625,318463.125,299623.1875
1216102.4430245,305403.4375,312330.25,318712.28125,300268.34375
1216102.4447357,305389.21875,312121.46875,318627.09375,300369.90625
1216102.4484938,305078.4375,312269.625,318392.9375,299858.0625
1216102.4573032,304859.3125,312517.375,318271.59375,299379.375
1216102.4604689,305055.1875,312541.15625,318455.875,299622.46875
1216102.460514,305399.15625,312311.09375,318708.0,300268.53125
1216102.4666234,305385.90625,312104.03125,318622.0625,300368.21875
1216102.4666663,305066.0,312241.90625,318375.84375,299844.65625
1216102.4721162,304862.34375,312511.75,318269.09375,299378.03125
1216102.4791198,305075.65625,312561.09375,318471.96875,299635.25
1216102.4791658,305410.9375,312326.75,318714.34375,300270.5625
1216102.4810723,305397.625,312120.125,318630.125,300371.875
1216102.4922717,305082.375,312261.84375,318392.84375,299855.71875
1216102.4953247,304872.96875,312521.75,318281.34375,299384.46875
1216102.4953685,305070.3125,312549.71875,318466.78125,299627.21875
1216102.5035159,305413.90625,312320.3125,318716.03125,300273.4375
1216102.5067714,305406.28125,312116.75,318637.8125,300382.59375
1216102.5068169,305075.9375,312246.90625,318387.5625,299852.59375
1216102.5086096,304859.75,312505.84375,318269.1875,299371.3125
1216102.5222709,305064.59375,312551.625,318462.65625,299617.46875
1216102.5253633,305405.3125,312321.9375,318713.0,300263.25
1216102.5254067,305395.84375,312116.8125,318630.9375,300370.34375
1216102.5273719,305082.90625,312262.5625,318389.96875,299854.3125
1216102.5297885,304864.40625,312520.125,318269.625,299374.4375
1216102.536018,305062.34375,312555.0,318459.28125,299618.0
1216102.5453639,305390.46875,312309.21875,318695.375,300248.40625
1216102.5454078,305378.75,312098.5,318612.15625,300352.28125
1216102.5473526,305056.71875,312231.625,318365.75,299830.96875
1216102.5510365,304845.4375,312495.1875,318248.90625,299357.8125
1216102.5653638,305055.375,312544.09375,318446.03125,299607.53125
1216102.5654077,305396.28125,312315.21875,318694.125,300250.8125
1216102.5672785,305380.8125,312103.59375,318606.34375,300349.25
1216102.569878,305053.21875,312233.78125,318351.96875,299820.3125
1216102.5722842,304841.0625,312497.875,318236.46875,299343.59375
1216102.587832,305047.5,312538.90625,318427.625,299584.8125
1216102.5878747,305392.875,312305.84375,318675.625,300226.84375
1216102.5904344,305380.375,312091.25,318589.96875,300329.75
1216102.5904838,305062.34375,312226.09375,318345.53125,299810.9375
1216102.5923615,304853.9375,312495.1875,318232.625,299337.71875
1216102.5947852,305054.03125,312535.78125,318419.21875,299577.125
1216102.6035302,305389.40625,312300.90625,318659.8125,300213.90625
1216102.6066962,305375.53125,312087.6875,318575.59375,300319.21875
1216102.6067418,305056.0,312225.09375,318333.46875,299801.5625
1216102.6086487,304843.75,312492.0625,318219.3125,299326.0
1216102.6253864,305051.34375,312538.90625,318416.0,299571.875
1216102.6254371,305399.21875,312312.71875,318671.59375,300219.875
1216102.6272652,305379.46875,312089.1875,318577.90625,300314.125
1216102.6297246,305057.15625,312216.25,318328.5625,299790.0
1216102.6323713,304844.46875,312478.75,318213.84375,299316.4375
1216102.6441129,305046.6875,312519.0625,318401.6875,299556.03125
1216102.6441572,305392.875,312291.78125,318657.5625,300206.375
1216102.6466589,305388.5,312088.46875,318586.03125,300325.375
1216102.6467034,305058.78125,312215.96875,318333.8125,299798.5
1216102.6485191,304850.625,312490.90625,318226.1875,299325.46875
1216102.6573639,305051.0,312537.5625,318417.6875,299564.96875
1216102.6597841,305384.46875,312300.28125,318662.84375,300205.03125
1216102.6634782,305379.03125,312091.96875,318586.75,300322.625
1216102.6723018,305063.875,312228.03125,318344.46875,299810.59375
1216102.6767647,304855.8125,312497.875,318235.5625,299337.34375
1216102.6768104,305049.375,312533.1875,318421.0,299570.53125
1216102.6827185,305382.34375,312297.59375,318665.09375,300208.53125
1216102.6827655,305377.40625,312092.25,318590.34375,300322.6875
1216102.6897919,305056.90625,312221.15625,318345.4375,299806.03125
1216102.6947916,304845.53125,312487.5,318231.71875,299329.21875
1216102.6974078,305050.625,312536.0625,318425.46875,299571.3125
1216102.7010366,305395.125,312307.8125,318677.875,300217.5625
1216102.7053758,305394.5,312101.71875,318604.28125,300336.75
1216102.7054224,305074.875,312230.1875,318360.03125,299822.65625
1216102.7136148,304859.84375,312490.53125,318240.03125,299344.21875
1216102.7179689,305053.40625,312530.0625,318424.21875,299574.8125
1216102.7180145,305395.5625,312301.625,318676.78125,300219.09375
1216102.7235205,305395.375,312096.34375,318603.65625,300340.40625
1216102.7378694,305083.71875,312234.75,318367.0,299832.84375
1216102.737916,304864.03125,312497.25,318249.96875,299351.375
1216102.7403891,305053.59375,312537.65625,318431.8125,299580.09375
1216102.7404356,305394.40625,312309.40625,318680.28125,300223.625
1216102.7423971,305393.34375,312104.5,318607.875,300347.1875
1216102.7485217,305076.1875,312233.6875,318366.46875,299835.0625
1216102.7547472,304860.90625,312496.53125,318252.125,299356.40625
1216102.7616649,305051.09375,312533.09375,318433.875,299583.40625
1216102.7617089,305396.8125,312309.6875,318688.875,300232.59375
1216102.7677418,305393.15625,312096.71875,318613.75,300353.625
1216102.7677976,305076.84375,312227.59375,318372.8125,299843.40625
1216102.7791133,304857.5,312491.96875,318255.34375,299360.875
1216102.7791577,305050.625,312536.3125,318440.03125,299589.28125
1216102.7904354,305390.03125,312307.53125,318691.46875,300235.53125
1216102.7904808,305380.375,312090.0,318610.4375,300354.09375
1216102.7971606,305062.53125,312221.59375,318367.1875,299842.75
1216102.7972032,304841.40625,312485.0,318249.53125,299359.6875
1216102.7972155,305036.875,312533.375,318439.59375,299593.40625
1216102.800489,305391.71875,312316.375,318704.15625,300250.71875
1216102.8005348,305377.25,312088.40625,318615.71875,300361.78125
1216102.8110008,305055.5625,312210.78125,318365.03125,299846.53125
1216102.8309119,304846.78125,312485.09375,318257.75,299374.625
1216102.8309547,305035.96875,312530.96875,318442.71875,299600.75
1216102.8309666,305380.53125,312308.0625,318693.96875,300244.5625
1216102.834799,305375.1875,312095.28125,318616.09375,300365.71875
1216102.8385578,305056.25,312224.03125,318373.34375,299853.84375
1216102.8386029,304844.5625,312498.5,318264.625,299377.21875
1216102.8386154,305038.5625,312544.8125,318450.9375,299604.21875
1216102.8409876,305381.78125,312316.8125,318701.65625,300245.8125
1216102.8435829,305378.75,312099.5625,318624.75,300368.21875
1216102.8460461,305062.625,312228.75,318384.78125,299860.28125
1216102.8598957,304858.21875,312509.0625,318277.84375,299386.96875
1216102.8634707,305044.65625,312549.375,318457.21875,299606.46875
1216102.8635143,305389.03125,312323.53125,318711.40625,300251.625
1216102.8635261,305386.1875,312108.0625,318633.0625,300374.28125
1216102.8659962,305066.90625,312230.09375,318385.15625,299862.78125
1216102.8697912,304852.15625,312495.09375,318266.15625,299381.6875
1216102.8787326,305048.03125,312544.5625,318453.0,299608.59375
1216102.8828759,305396.46875,312320.3125,318709.0625,300254.75
1216102.8829197,305390.90625,312103.15625,318629.125,300373.21875
1216102.9078375,305062.4375,312219.71875,318373.78125,299853.6875
1216102.9078816,304846.59375,312487.78125,318255.875,299368.375
1216102.9097327,305048.75,312542.03125,318445.5,299594.40625
1216102.9123956,305394.65625,312317.1875,318700.40625,300238.46875
1216102.9147908,305395.9375,312105.65625,318628.4375,300367.3125
1216102.917284,305083.1875,312232.6875,318387.46875,299860.90625
1216102.9197518,304861.96875,312494.9375,318265.53125,299373.5625
1216102.9223766,305040.625,312530.5,318436.1875,299585.8125
1216102.9247508,305382.6875,312301.53125,318686.53125,300231.6875
1216102.9278813,305383.40625,312086.0625,318612.5,300359.8125
1216102.9279248,305063.875,312209.0,318364.75,299845.1875
1216102.9360951,304847.0625,312477.75,318246.65625,299360.6875
1216102.9392156,305045.34375,312537.125,318437.0,299590.1875
1216102.9392702,305384.9375,312303.59375,318685.1875,300227.03125
1216102.9447853,305380.625,312079.09375,318604.375,300345.21875
1216102.9541162,305067.8125,312207.125,318361.28125,299839.8125
1216102.9541695,304850.8125,312476.34375,318243.78125,299359.0625
1216102.9566611,305039.1875,312525.25,318427.09375,299580.90625
1216102.9567052,305379.21875,312291.78125,318673.65625,300219.15625
1216102.9648613,305379.21875,312072.3125,318595.4375,300344.78125
1216102.9691315,305066.375,312202.125,318354.65625,299841.59375
1216102.9691757,304850.09375,312471.40625,318234.6875,299354.15625
1216102.977172,305039.09375,312520.5,318409.8125,299563.375
1216102.9803676,305384.21875,312293.03125,318659.1875,300203.0625
1216102.9804125,305381.875,312069.53125,318576.65625,300323.875
1216102.9924085,305067.71875,312196.65625,318329.1875,299814.15625
1216102.995384,304843.46875,312463.625,318206.0625,299322.59375
1216102.9954275,305032.125,312514.3125,318384.6875,299539.75
1216102.9972333,305373.40625,312284.5625,318629.5,300177.78125
1216102.9997498,305375.4375,312068.90625,318555.65625,300307.875
1216103.0087036,305058.0625,312192.8125,318310.125,299800.46875
1216103.0128843,304839.1875,312462.90625,318191.21875,299313.65625
1216103.0129269,305024.53125,312508.53125,318365.84375,299522.15625
1216103.0147469,305370.1875,312283.9375,318618.59375,300166.40625
1216103.0316635,305369.09375,312059.25,318542.59375,300294.0
1216103.0317075,305052.40625,312180.84375,318298.15625,299785.09375
1216103.0336907,304835.78125,312450.9375,318178.34375,299295.15625
1216103.0360609,305029.1875,312508.875,318367.90625,299514.46875
1216103.0385724,305377.5,312286.53125,318627.96875,300161.6875
1216103.0409959,305380.625,312067.375,318559.59375,300292.65625
1216103.0499079,305062.53125,312187.53125,318312.09375,299781.25
1216103.0540904,304847.3125,312465.6875,318199.1875,299299.34375
1216103.0541335,305028.8125,312511.65625,318375.65625,299507.9375
1216103.0561043,305371.875,312285.90625,318627.34375,300151.65625
1216103.0703858,305376.0625,312064.25,318556.28125,300287.5625
1216103.0704296,305061.8125,312188.25,318316.84375,299788.59375
1216103.0724029,304845.0,312466.59375,318205.15625,299307.5625
1216103.0748263,305026.84375,312518.25,318385.78125,299520.375
1216103.0786164,305376.875,312300.5625,318647.46875,300171.6875
1216103.0979098,305383.21875,312086.0625,318580.84375,300312.0625
1216103.0979533,305052.40625,312193.625,318325.34375,299797.34375
1216103.0999106,304832.65625,312468.1875,318211.15625,299315.875
1216103.1023082,305026.59375,312531.125,318401.34375,299535.21875
1216103.1048108,305370.25,312307.875,318657.75,300181.15625
1216103.1072611,305372.78125,312084.28125,318583.71875,300313.65625
1216103.1099149,305057.875,312204.1875,318338.9375,299811.75
1216103.1140904,304839.8125,312476.15625,318224.03125,299328.40625
1216103.1141345,305031.15625,312534.53125,318411.0,299543.6875
1216103.1160446,305371.4375,312308.34375,318662.40625,300186.96875
1216103.130367,305376.6875,312088.84375,318594.0,300325.03125
1216103.1304182,305057.96875,312206.59375,318352.25,299820.6875
1216103.1324008,304831.0625,312473.46875,318227.6875,299329.375
1216103.1347889,305014.5,312524.6875,318404.5625,299539.75
1216103.1441334,305366.6875,312305.65625,318666.15625,300192.4375
1216103.1441776,305377.875,312087.3125,318602.59375,300338.53125
1216103.1503947,305055.8125,312195.21875,318349.90625,299832.125
1216103.1504386,304841.5,312475.78125,318236.65625,299350.5
1216103.1524152,305032.125,312537.5625,318419.46875,299559.34375
1216103.1636191,305379.75,312317.0,318680.375,300207.46875
1216103.1666623,305383.21875,312092.78125,318607.78125,300345.0625
1216103.1667057,305062.6875,312213.46875,318365.21875,299848.03125
1216103.1747558,304839.1875,312488.21875,318250.21875,299361.65625
1216103.1821901,305020.15625,312539.8125,318427.78125,299570.96875
1216103.1822447,305366.34375,312311.65625,318683.0625,300219.09375
1216103.1822615,305379.03125,312094.375,318617.78125,300361.15625
1216103.184783,305075.3125,312223.75,318382.375,299866.5625
1216103.1885969,304843.21875,312487.5,318255.40625,299364.15625
1216103.1986347,305029.71875,312548.5625,318441.84375,299576.40625
1216103.213596,305373.75,312324.96875,318699.78125,300229.375
1216103.2136489,305380.8125,312104.03125,318631.5625,300364.28125
1216103.2136622,305063.40625,312219.28125,318386.40625,299859.65625
1216103.2166531,304836.0625,312486.15625,318266.15625,299370.25
1216103.2166972,305020.5,312541.25,318446.40625,299578.65625
1216103.2186073,305369.0,312318.625,318703.34375,300228.75
1216103.2273002,305387.0625,312100.28125,318643.71875,300381.71875
1216103.2317803,305075.75,312216.59375,318402.3125,299884.4375
1216103.231828,304855.46875,312491.53125,318282.875,299390.09375
1216103.2428751,305049.125,312557.5,318470.4375,299602.875
1216103.2429194,305390.375,312332.21875,318722.21875,300238.5625
1216103.2516641,305394.65625,312109.03125,318655.6875,300386.8125
1216103.251708,305074.6875,312221.59375,318407.5,299882.90625
1216103.2541385,304852.96875,312499.5625,318289.65625,299397.25
1216103.2541826,305029.96875,312555.53125,318461.21875,299591.71875
1216103.2673791,305378.125,312331.5,318719.625,300236.78125
1216103.2704241,305391.625,312113.59375,318657.46875,300389.3125
1216103.2704742,305078.96875,312231.4375,318415.28125,299893.71875
1216103.2791079,304851.78125,312501.71875,318286.1875,299393.84375
1216103.2791523,305031.84375,312561.8125,318460.34375,299588.59375
1216103.2878566,305373.40625,312334.625,318713.4375,300231.5
1216103.2879009,305386.1875,312113.34375,318649.4375,300379.28125
1216103.2910276,305061.1875,312218.9375,318394.1875,299868.4375
1216103.2910698,304840.09375,312493.59375,318274.09375,299379.28125
1216103.2910813,305022.75,312552.6875,318450.9375,299579.46875
1216103.3022948,305367.84375,312330.78125,318705.3125,300218.90625
1216103.3053476,305376.34375,312103.15625,318638.625,300369.71875
1216103.3053908,305055.8125,312204.625,318380.40625,299856.625
1216103.3071671,304836.59375,312474.90625,318252.46875,299357.90625
1216103.3161426,305017.09375,312526.5,318423.0625,299552.1875
1216103.319786,305376.6875,312309.6875,318687.78125,300209.25
1216103.3235588,305389.03125,312086.96875,318623.78125,300357.21875
1216103.3377502,305080.59375,312208.28125,318381.21875,299862.15625
1216103.3377902,304846.78125,312475.25,318249.15625,299359.875
1216103.3403647,305025.6875,312534.8125,318422.4375,299561.125
1216103.3403977,305363.125,312303.78125,318666.78125,300196.71875
1216103.3422027,305367.125,312073.46875,318590.0625,300327.71875
1216103.3446853,305059.84375,312193.34375,318351.4375,299836.78125
1216103.3535733,304838.125,312466.59375,318226.375,299337.4375
1216103.3566141,305025.25,312530.6875,318404.625,299535.21875
1216103.3566456,305374.65625,312306.46875,318662.9375,300184.9375
1216103.3672154,305388.3125,312078.75,318591.9375,300330.75
1216103.3703012,305071.90625,312190.21875,318345.28125,299837.5
1216103.3703375,304841.0625,312461.125,318220.46875,299338.6875
1216103.3722403,305022.28125,312528.625,318398.03125,299542.90625
1216103.3809793,305377.5,312315.75,318658.71875,300188.40625
1216103.3835295,305386.0,312088.40625,318592.03125,300331.1875
1216103.3872089,305056.53125,312185.5625,318332.125,299809.875
1216103.39658,304834.96875,312461.125,318209.09375,299316.53125
1216103.3966185,305016.21875,312514.59375,318382.09375,299514.8125
1216103.3984148,305371.6875,312290.90625,318642.28125,300159.1875
1216103.4053322,305393.25,312072.3125,318583.8125,300316.53125
1216103.4053687,305089.53125,312188.96875,318344.65625,299827.84375
1216103.4109559,304853.3125,312452.1875,318217.25,299327.34375
1216103.4147638,305020.21875,312507.4375,318383.53125,299510.09375
1216103.4208767,305374.09375,312295.8125,318649.53125,300165.15625
1216103.4277979,305386.8125,312068.625,318582.75,300311.15625
1216103.4278337,305072.09375,312176.5625,318333.65625,299807.4375
1216103.4366073,304849.375,312451.125,318212.21875,299312.75
1216103.4366398,305028.09375,312516.65625,318389.875,299509.8125
1216103.4385636,305377.25,312297.59375,318650.5,300161.21875
1216103.4447045,305387.0625,312067.65625,318581.3125,300307.78125
1216103.4477579,305070.84375,312184.875,318337.9375,299814.0625
1216103.4477928,304847.0625,312462.21875,318223.15625,299323.3125
1216103.4559899,305018.28125,312517.8125,318387.28125,299507.75
1216103.4602976,305370.1875,312303.15625,318653.0,300159.4375
1216103.460334,305387.53125,312080.71875,318596.9375,300322.34375
1216103.466094,305093.1875,312212.40625,318369.84375,299847.6875
1216103.4697272,304861.0,312480.4375,318244.6875,299341.28125
1216103.4735128,305032.46875,312534.09375,318415.28125,299532.96875
1216103.4877976,305391.375,312322.625,318685.03125,300188.40625
1216103.4878341,305397.8125,312089.09375,318617.6875,300335.84375
1216103.4903591,305082.46875,312191.375,318369.6875,299845.8125
1216103.4903907,304861.0,312475.15625,318250.5,299354.5
1216103.4959695,305044.03125,312545.25,318428.875,299551.03125
1216103.5077983,305383.3125,312324.96875,318689.65625,300193.40625
1216103.5078464,305397.53125,312094.46875,318629.3125,300352.03125
1216103.5479986,305087.125,312206.40625,318385.78125,299864.84375
1216103.5480431,304867.09375,312491.53125,318265.0,299363.71875
1216103.548054,305038.84375,312553.9375,318436.75,299560.0625
1216103.5480639,305383.6875,312330.0625,318695.9375,300209.6875
1216103.5480745,305400.75,312102.4375,318632.71875,300367.5
1216103.5517494,305089.875,312219.09375,318387.375,299866.28125
1216103.5517933,304867.34375,312494.46875,318268.75,299372.03125
1216103.5518045,305041.59375,312556.15625,318441.21875,299558.0
1216103.5518154,305390.75,312337.40625,318706.21875,300210.21875
1216103.5540755,305402.4375,312102.0625,318637.71875,300363.5625
1216103.5541113,305098.1875,312217.75,318399.8125,299881.375
1216103.5560152,304871.1875,312494.03125,318276.15625,299379.625
1216103.5585954,305051.625,312572.96875,318449.34375,299566.9375
1216103.561107,305388.15625,312351.96875,318708.625,300213.34375
1216103.5636124,305406.84375,312106.71875,318654.96875,300383.0625
1216103.5673005,305108.375,312223.75,318420.8125,299907.21875
1216103.5760657,304878.78125,312509.6875,318292.78125,299398.15625
1216103.5792493,305041.34375,312571.90625,318458.375,299574.8125
1216103.5792948,305375.09375,312344.28125,318708.96875,300207.28125
1216103.5810569,305398.5,312114.3125,318652.75,300380.71875
1216103.589784,305123.40625,312272.75,318429.6875,299909.5625
1216103.5966637,304886.84375,312559.125,318306.375,299405.28125
1216103.5967077,305017.5625,312535.4375,318452.84375,299574.0
1216103.5992582,305366.40625,312324.78125,318709.59375,300216.9375
1216103.5993031,305400.3125,312107.96875,318665.34375,300395.125
1216103.6074971,305095.5,312231.90625,318422.34375,299906.0625
1216103.6129074,304856.1875,312512.90625,318290.5625,299397.96875
1216103.6129551,305026.9375,312561.09375,318460.875,299585.4375
1216103.6147932,305382.34375,312350.96875,318727.03125,300244.75
1216103.6211831,305398.4375,312112.71875,318662.03125,300391.625
1216103.6235998,305073.96875,312205.53125,318407.21875,299891.03125
1216103.6322299,304855.8125,312509.40625,318286.34375,299393.9375
1216103.6391387,305038.375,312594.53125,318460.78125,299581.875
1216103.6391828,305407.0,312380.9375,318740.8125,300250.1875
1216103.6410985,305433.90625,312150.625,318690.90625,300429.09375
1216103.6522607,305108.3125,312258.53125,318435.03125,299926.8125
1216103.6553492,304880.21875,312533.09375,318305.21875,299421.21875
1216103.6553927,305040.0,312586.46875,318460.4375,299575.09375
1216103.6572713,305343.875,312288.75,318692.96875,300196.375
1216103.6661745,305375.34375,312073.625,318637.375,300366.96875
1216103.6691308,305081.03125,312193.4375,318396.6875,299886.3125
1216103.6691741,304865.375,312478.03125,318274.09375,299387.15625
1216103.6723005,305040.875,312554.65625,318445.6875,299567.21875
1216103.6866643,305415.5,312356.25,318721.9375,300230.6875
1216103.6867195,305461.46875,312159.65625,318676.34375,300406.65625
1216103.6886491,305147.71875,312299.84375,318440.03125,299925.28125
1216103.6910112,304932.875,312556.875,318317.09375,299429.34375
1216103.6947536,305149.4375,312646.375,318510.125,299640.0
1216103.7010672,305476.84375,312406.21875,318777.8125,300319.46875
1216103.7054918,305429.28125,312093.03125,318667.75,300415.25
1216103.7055377,305129.40625,312202.125,318414.375,299916.71875
1216103.7148472,304894.71875,312492.25,318263.90625,299355.9375
1216103.7178253,305061.625,312559.46875,318442.46875,299567.75
1216103.7178704,305418.53125,312344.1875,318713.0,300240.0
1216103.7260513,305458.15625,312135.78125,318664.625,300403.96875
1216103.7292589,305155.875,312293.59375,318426.8125,299913.75
1216103.7293065,304908.03125,312535.4375,318287.34375,299383.46875
1216103.734741,305078.96875,312555.71875,318463.5625,299585.71875
1216103.7440586,305432.84375,312382.4375,318734.09375,300248.125
1216103.7441084,305400.46875,312080.25,318640.03125,300372.0625
1216103.7466613,305133.25,312198.8125,318412.5,299921.4375
1216103.7467053,304871.0,312461.40625,318259.0,299381.4375
1216103.7599262,305046.0625,312551.15625,318426.8125,299549.6875
1216103.7641522,305423.46875,312354.46875,318707.28125,300222.125
1216103.7641963,305432.59375,312126.3125,318643.4375,300371.6875
1216103.7666553,305105.78125,312234.40625,318385.59375,299858.3125
1216103.7666995,304859.21875,312475.4375,318255.25,299365.25
1216103.7953903,305021.40625,312526.65625,318414.75,299536.28125
1216103.7954342,305443.5,312376.71875,318719.09375,300230.78125
1216103.7973862,305523.59375,312192.09375,318692.8125,300428.46875
1216103.8096302,305165.34375,312255.125,318440.03125,299953.90625
1216103.8096736,304801.90625,312412.75,318224.75,299364.25
1216103.8096853,305045.4375,312570.9375,318427.0,299573.03125
1216103.8135046,305407.8125,312366.28125,318701.125,300225.875
1216103.8135481,305330.125,312032.59375,318575.9375,300293.8125
1216103.81356,305095.0625,312193.4375,318377.5625,299863.40625
1216103.8191439,305007.09375,312584.59375,318333.90625,299476.375
1216103.8191879,305127.0625,312626.625,318471.4375,299598.875
1216103.8211376,305332.71875,312266.65625,318653.0,300134.59375
1216103.8235752,305376.78125,312060.59375,318611.875,300330.03125
1216103.8273019,305071.5625,312172.4375,318362.09375,299846.25
1216103.8360652,304907.84375,312492.0625,318273.5625,299414.15625
1216103.8460922,305005.03125,312496.625,318391.59375,299526.25
1216103.8461394,305383.5,312312.8125,318664.1875,300173.5625
1216103.8461529,305508.40625,312183.78125,318674.8125,300435.09375
1216103.8491545,305164.53125,312261.5625,318409.03125,299900.15625
1216103.8492056,304876.8125,312505.03125,318243.4375,299360.9375
1216103.8510582,305012.28125,312520.125,318385.9375,299513.21875
1216103.8598384,305403.34375,312340.4375,318672.78125,300185.375
1216103.8642072,305458.59375,312120.03125,318624.9375,300351.03125
1216103.8642521,305115.8125,312194.0625,318372.28125,299882.90625
1216103.8697471,304791.71875,312415.34375,318176.375,299283.25
1216103.879138,305042.75,312512.375,318380.5,299510.71875
1216103.8791828,305435.34375,312374.5,318683.9375,300235.71875
1216103.8810653,305338.34375,312056.65625,318563.78125,300319.65625
1216103.8849319,305025.40625,312123.0,318290.03125,299765.25
1216103.8960684,304858.40625,312451.65625,318195.5,299300.875
1216103.8991395,304985.625,312494.65625,318342.21875,299449.8125
1216103.8991834,305321.28125,312287.875,318602.75,300110.71875
1216103.901068,305467.96875,312111.625,318619.65625,300361.78125
1216103.9073698,305154.15625,312217.75,318376.03125,299888.0
1216103.9116578,304870.03125,312478.28125,318229.3125,299336.28125
1216103.9117028,304952.8125,312475.4375,318339.0,299444.0
1216103.9196255,305337.09375,312286.59375,318619.75,300097.3125
1216103.9266589,305364.1875,312048.0625,318565.5625,300276.9375
1216103.9267034,305117.96875,312218.65625,318370.75,299882.46875
1216103.9286596,304879.6875,312459.4375,318237.90625,299370.4375
1216103.9323283,305003.96875,312499.5,318370.84375,299472.1875
1216103.9460715,305402.71875,312340.875,318662.40625,300122.59375
1216103.9491356,305384.3125,312108.25,318591.15625,300290.25
1216103.9491797,305048.75,312199.875,318343.21875,299813.4375
1216103.951114,304813.4375,312446.03125,318210.1875,299304.53125
1216103.9548169,305007.375,312521.03125,318394.8125,299513.3125
1216103.9590988,305338.96875,312301.8125,318646.40625,300144.59375
1216103.9591423,305354.875,312031.53125,318581.21875,300298.65625
1216103.972321,305061.1875,312165.1875,318355.28125,299859.9375
1216103.9755177,304834.8125,312467.46875,318222.53125,299320.1875
1216103.9755631,305049.28125,312566.625,318420.09375,299523.3125
1216103.9773118,305423.90625,312353.40625,318716.03125,300210.75
1216103.9798336,305401.65625,312053.0,318622.6875,300342.09375
1216103.9885779,305042.40625,312140.6875,318337.21875,299807.53125
1216103.9929918,304810.40625,312435.8125,318214.125,299303.09375
1216103.9930367,304954.34375,312483.40625,318361.53125,299446.59375
1216103.9960577,305310.0,312292.40625,318631.03125,300104.0
1216104.0048237,305379.75,312061.84375,318608.75,300326.53125
1216104.0091416,305099.71875,312172.875,318380.59375,299864.21875
1216104.0091853,304843.84375,312441.46875,318240.84375,299356.46875
1216104.0174314,304999.75,312545.71875,318401.25,299507.59375
1216104.0216832,305338.0625,312324.875,318660.6875,300136.125
1216104.0217278,305350.40625,312060.3125,318601.15625,300307.59375
1216104.0262926,305044.375,312123.15625,318358.0625,299841.4375
1216104.0316627,304824.4375,312430.8125,318233.34375,299337.625
1216104.0317079,304999.75,312535.59375,318413.40625,299526.4375
1216104.0399952,305307.6875,312294.65625,318651.9375,300133.15625
1216104.0429074,305341.28125,312063.71875,318601.15625,300308.125
1216104.0429519,305038.46875,312151.78125,318359.5,299844.5625
1216104.0460741,304817.28125,312438.34375,318237.96875,299355.0625
1216104.0547857,304986.25,312533.375,318406.0625,299513.9375
1216104.0573643,305347.03125,312314.25,318676.53125,300166.15625
1216104.0636176,305368.5625,312068.1875,318618.40625,300338.34375
1216104.0728701,305064.03125,312166.34375,318378.875,299864.3125
1216104.0729172,304813.34375,312439.75,318236.375,299337.4375
1216104.075417,304977.0625,312525.59375,318402.9375,299501.84375
1216104.0754611,305325.5625,312315.65625,318664.71875,300147.71875
1216104.0837201,305364.90625,312049.59375,318612.15625,300331.90625
1216104.0860596,305067.875,312153.21875,318375.84375,299866.71875
1216104.089905,304820.84375,312417.59375,318236.65625,299347.90625
1216104.0991505,304980.09375,312502.96875,318397.40625,299498.1875
1216104.0991971,305345.21875,312310.125,318677.0625,300157.9375
1216104.1029924,305385.5625,312080.53125,318632.90625,300351.84375
1216104.1030377,305075.5,312173.96875,318383.8125,299868.78125
1216104.1136193,304829.625,312453.0,318245.6875,299347.8125
1216104.1166627,304986.0,312528.0,318402.65625,299500.0625
1216104.1167066,305341.03125,312320.59375,318674.03125,300153.28125
1216104.1223174,305377.40625,312084.71875,318626.0,300348.375
1216104.1317299,305077.53125,312182.09375,318384.34375,299878.0
1216104.1317748,304842.75,312465.25,318253.53125,299364.0
1216104.1333718,304990.0,312528.375,318407.40625,299508.5625
1216104.1466043,305339.6875,312317.46875,318670.96875,300147.90625
1216104.1466549,305386.34375,312089.46875,318635.125,300350.34375
1216104.1560034,305092.46875,312186.28125,318396.40625,299886.84375
1216104.1560539,304841.59375,312447.90625,318244.6875,299358.1875
1216104.1560664,304990.0,312517.71875,318393.375,299498.09375
1216104.1592714,305346.9375,312313.59375,318664.90625,300148.28125
1216104.1593171,305391.0,312078.125,318625.5625,300351.59375
1216104.1885763,305091.65625,312172.78125,318384.34375,299879.4375
1216104.1916297,304843.03125,312442.71875,318243.625,299354.34375
1216104.1916734,304990.5625,312513.53125,318393.28125,299497.5625
1216104.1953097,305341.5625,312306.09375,318657.5625,300143.53125
1216104.1953534,305386.1875,312076.0625,318618.9375,300345.84375
1216104.1953644,305081.3125,312171.09375,318376.9375,299877.09375
1216104.1953751,304832.03125,312445.5625,318234.84375,299351.75
1216104.1971853,304995.90625,312534.625,318402.59375,299507.75
1216104.1997722,305340.65625,312318.15625,318660.78125,300145.125
1216104.2023124,305377.59375,312077.65625,318611.96875,300342.625
1216104.2060666,305072.96875,312166.96875,318367.4375,299874.9375
1216104.2152916,304830.34375,312443.34375,318229.75,299357.71875
1216104.2153476,304973.28125,312511.46875,318374.5,299494.15625
1216104.2173135,305327.15625,312303.875,318645.6875,300146.46875
1216104.226129,305373.65625,312071.21875,318608.125,300353.46875
1216104.2303689,305071.1875,312163.0625,318366.46875,299886.65625
1216104.230413,304817.90625,312428.9375,318220.5625,299354.875
1216104.2324242,304969.1875,312503.34375,318370.9375,299493.90625
1216104.2491208,305324.5,312295.1875,318637.71875,300137.375
1216104.2491646,305374.09375,312060.40625,318601.4375,300345.6875
1216104.2516615,305073.4375,312147.9375,318358.3125,299879.0625
1216104.2517057,304821.75,312412.65625,318211.25,299347.28125
1216104.2536161,304980.09375,312498.78125,318369.40625,299492.03125
1216104.2573654,305331.71875,312292.34375,318640.21875,300139.875
1216104.2691666,305369.1875,312053.34375,318601.15625,300340.125
1216104.2692109,305064.84375,312143.90625,318359.125,299876.84375
1216104.2779121,304814.25,312419.09375,318213.40625,299350.125
1216104.2779555,304965.59375,312497.875,318363.96875,299491.9375
1216104.2803419,305316.71875,312293.9375,318631.1875,300138.6875
1216104.2803872,305364.90625,312063.28125,318596.40625,300342.46875
1216104.2887351,305063.40625,312151.59375,318354.5625,299878.4375
1216104.2910435,304809.6875,312422.6875,318206.6875,299347.4375
1216104.2954265,304963.28125,312503.34375,318364.5,299494.53125
1216104.2954711,305314.21875,312301.4375,318632.34375,300138.4375
1216104.3036351,305351.65625,312057.28125,318586.84375,300338.96875
1216104.3080266,305044.8125,312128.28125,318337.03125,299867.71875
1216104.3080739,304796.1875,312409.375,318196.0625,299341.90625
1216104.3186269,304956.75,312499.84375,318355.65625,299489.0625
1216104.3216681,305314.5625,312297.34375,318630.46875,300140.84375
1216104.3217136,305367.65625,312064.6875,318600.15625,300352.03125
1216104.3248449,305068.0625,312150.34375,318357.15625,299883.1875
1216104.333723,304807.09375,312421.625,318207.9375,299350.9375
1216104.3366255,304969.09375,312509.40625,318370.84375,299505.0
1216104.3366692,305323.875,312298.9375,318635.5625,300134.5
1216104.3385677,305372.84375,312065.9375,318599.71875,300345.84375
1216104.3510245,305063.6875,312154.09375,318351.25,299874.9375
1216104.3540644,304813.4375,312417.3125,318205.15625,299342.25
1216104.3541085,304963.5625,312503.78125,318359.65625,299483.25
1216104.3558983,305314.21875,312293.125,318627.53125,300127.875
1216104.3596506,305374.46875,312067.125,318598.03125,300341.75
1216104.3684649,305080.9375,312160.625,318363.6875,299885.21875
1216104.3728386,304814.96875,312421.625,318208.84375,299349.0625
1216104.3728894,304959.96875,312496.34375,318356.4375,299486.21875
1216104.3784544,305321.09375,312298.78125,318630.3125,300134.40625
1216104.38475,305376.25,312070.15625,318600.96875,300347.1875
1216104.3890276,305074.15625,312153.40625,318354.84375,299879.15625
1216104.3890606,304823.4375,312426.25,318212.0625,299349.15625
1216104.3972106,304973.65625,312511.28125,318367.4375,299486.375
1216104.4015562,305329.125,312311.90625,318641.5625,300133.53125
1216104.4015879,305372.125,312067.375,318602.75,300342.09375
1216104.4097141,305066.71875,312146.25,318356.28125,299876.125
1216104.4140392,304810.9375,312412.9375,318207.75,299337.15625
1216104.4140714,304946.28125,312489.125,318350.1875,299463.15625
1216104.4197116,305314.21875,312296.0,318630.46875,300121.0
1216104.4240383,305366.34375,312058.53125,318600.34375,300341.84375
1216104.4240664,305060.5625,312140.34375,318348.40625,299874.9375
1216104.4321731,304821.125,312421.0,318208.75,299345.65625
1216104.4390645,304968.03125,312509.21875,318358.3125,299469.40625
1216104.4390968,305333.875,312319.6875,318641.9375,300125.8125
1216104.4409604,305382.78125,312077.21875,318604.8125,300337.53125
1216104.4526553,305079.0625,312157.25,318355.5625,299871.03125
1216104.4526879,304830.96875,312435.28125,318215.09375,299344.5
1216104.4590571,304979.28125,312512.8125,318373.25,299486.75
1216104.4590897,305322.6875,312312.34375,318639.25,300122.15625
1216104.461001,305379.46875,312081.6875,318610.8125,300339.78125
1216104.4647389,305090.40625,312164.9375,318375.9375,299887.8125
1216104.4709336,304840.4375,312442.53125,318236.8125,299363.09375
1216104.4772175,304986.34375,312528.53125,318386.5,299492.03125
1216104.4840652,305338.53125,312324.53125,318656.125,300138.15625
1216104.4840977,305388.40625,312082.5,318619.125,300345.78125
1216104.4865562,305090.5,312162.5,318375.84375,299890.5
1216104.4865924,304839.90625,312436.1875,318230.65625,299365.15625
1216104.4971667,304979.28125,312517.1875,318377.8125,299492.1875
1216104.5002572,305331.09375,312308.59375,318647.28125,300134.84375
1216104.5002892,305379.75,312068.46875,318613.65625,300348.28125
1216104.5022128,305097.84375,312167.25,318384.34375,299904.09375
1216104.510922,304850.375,312442.90625,318246.75,299383.5625
1216104.5135127,304976.25,312510.125,318380.84375,299497.03125
1216104.5172183,305330.125,312314.25,318652.03125,300142.09375
1216104.531563,305390.75,312083.9375,318624.125,300361.25
1216104.5315949,305090.96875,312152.21875,318376.75,299898.03125
1216104.5335111,304838.90625,312432.53125,318235.46875,299374.375
1216104.5359665,304980.4375,312520.40625,318383.09375,299497.65625
1216104.5385114,305335.125,312320.40625,318655.78125,300140.65625
1216104.5477667,305395.46875,312089.28125,318631.90625,300366.4375
1216104.547799,305095.0625,312170.125,318387.375,299910.625
1216104.5497209,304835.6875,312441.28125,318237.0,299373.03125
1216104.5558195,304972.9375,312519.6875,318385.9375,299501.0625
1216104.5627518,305332.1875,312320.84375,318658.375,300141.375
1216104.5627836,305380.53125,312075.4375,318624.65625,300360.34375
1216104.5647112,305077.71875,312152.0625,318379.0625,299904.0
1216104.5740569,304833.5625,312436.625,318240.65625,299378.5625
1216104.5740928,304980.34375,312526.40625,318391.5,299507.40625
1216104.5760105,305324.75,312312.8125,318647.28125,300133.875
1216104.5847093,305383.9375,312068.8125,318615.0,300351.65625
1216104.5990562,305088.625,312149.1875,318374.78125,299897.3125
1216104.5990888,304837.5,312431.28125,318238.53125,299375.96875
1216104.6021461,304974.1875,312519.5,318384.0,299491.75
1216104.602182,305342.0,312339.53125,318665.96875,300140.21875
1216104.6021933,305397.96875,312092.40625,318638.15625,300371.15625
1216104.604765,305088.71875,312162.15625,318387.21875,299903.28125
1216104.6072373,304831.21875,312432.0625,318236.03125,299370.96875
1216104.615974,304960.15625,312511.65625,318374.875,299490.59375
1216104.6203069,305323.875,312320.75,318655.25,300142.8125
1216104.6203569,305386.34375,312086.78125,318627.0,300364.46875
1216104.6260043,305081.3125,312164.375,318379.0625,299904.90625
1216104.6353071,304822.8125,312440.125,318234.84375,299374.71875
1216104.635339,304953.28125,312520.40625,318372.71875,299484.59375
1216104.6378055,305314.90625,312322.5625,318647.75,300129.9375
1216104.6378379,305377.3125,312083.9375,318621.8125,300356.3125
1216104.6436212,305085.15625,312169.125,318385.0625,299905.96875
1216104.6472362,304830.34375,312444.3125,318240.40625,299375.0
1216104.6608929,304973.84375,312537.46875,318385.6875,299491.125
1216104.6639059,305337.28125,312328.375,318658.65625,300139.96875
1216104.6639385,305390.125,312086.15625,318626.46875,300359.4375
1216104.6696962,305088.28125,312165.375,318381.5625,299895.6875
1216104.6721983,304842.84375,312450.21875,318248.53125,299377.75
1216104.674739,304987.0625,312543.75,318398.46875,299502.9375
1216104.6772013,305340.125,312340.53125,318667.21875,300146.03125
1216104.6835143,305394.65625,312095.71875,318633.4375,300367.5
1216104.6878339,305101.59375,312177.875,318390.25,299908.21875
1216104.687865,304858.9375,312460.78125,318253.0,299384.375
1216104.6959569,304999.3125,312550.96875,318399.0,299502.03125
1216104.7002824,305360.96875,312361.09375,318680.5625,300157.75
1216104.7003149,305416.84375,312118.875,318652.90625,300388.0625
1216104.7135153,305101.875,312176.375,318396.875,299922.25
1216104.7165533,304843.3125,312451.21875,318250.21875,299389.21875
1216104.7165859,304987.25,312547.84375,318402.84375,299517.0625
1216104.7185134,305351.5,312359.125,318683.15625,300170.71875
1216104.7221913,305403.625,312112.96875,318648.8125,300388.59375
1216104.7315562,305101.5,312172.625,318401.78125,299934.5
1216104.7315921,304845.96875,312445.5625,318255.875,299405.5625
1216104.7340312,304975.53125,312525.9375,318393.8125,299513.03125
1216104.7340638,305333.96875,312327.8125,318668.65625,300154.78125
1216104.7422383,305401.8125,312094.46875,318647.28125,300391.28125
1216104.7465819,305118.40625,312183.53125,318418.59375,299952.46875
1216104.7466138,304852.15625,312449.78125,318263.03125,299410.9375
1216104.759739,304988.84375,312543.46875,318408.46875,299524.3125
1216104.762241,305337.28125,312348.5625,318679.21875,300161.3125
1216104.7652575,305393.96875,312104.5,318649.0,300388.78125
1216104.7652887,305105.71875,312186.28125,318414.03125,299945.75
1216104.7686859,304844.28125,312462.28125,318263.65625,299403.78125
1216104.7734674,304977.5,312549.1875,318398.03125,299502.03125
1216104.7796672,305334.15625,312349.8125,318667.3125,300138.6875
1216104.7865539,305404.25,312112.25,318645.0625,300367.75
1216104.7865872,305106.0625,312180.03125,318398.90625,299913.9375
1216104.7890322,304842.75,312447.4375,318245.75,299378.03125
1216104.7890645,304978.21875,312539.53125,318388.46875,299489.78125
1216104.8228077,305338.53125,312344.71875,318668.46875,300137.90625
1216104.8228442,305386.34375,312093.3125,318635.84375,300360.0625
1216104.8247611,305087.28125,312166.09375,318389.25,299907.125
1216104.8272619,304839.46875,312451.28125,318246.3125,299379.625
1216104.8298417,304973.75,312540.96875,318389.78125,299492.75
1216104.8324549,305334.15625,312340.875,318666.78125,300136.46875
1216104.8347829,305406.03125,312103.0625,318648.625,300372.84375
1216104.8373335,305113.21875,312173.0625,318403.65625,299922.0625
1216104.839859,304863.78125,312453.53125,318259.71875,299390.71875
1216104.8424472,304989.03125,312540.25,318398.75,299493.625
1216104.8454286,305346.3125,312337.03125,318676.34375,300139.78125
1216104.8454721,305408.8125,312090.71875,318651.9375,300373.5625
1216104.8473358,305106.78125,312159.90625,318405.625,299922.6875
1216104.849847,304852.25,312442.625,318262.84375,299395.71875
1216104.8592638,304983.84375,312538.28125,318402.5,299507.21875
1216104.8593082,305333.59375,312340.25,318671.875,300142.28125
1216104.8616319,305388.15625,312086.5,318638.4375,300364.0
1216104.8616732,305100.4375,312162.34375,318396.5,299917.40625
1216104.8698028,304858.21875,312452.28125,318257.375,299389.21875
1216104.8765103,304993.59375,312549.8125,318402.9375,299497.03125
1216104.8765548,305354.625,312358.9375,318682.59375,300138.96875
1216104.8824155,305414.53125,312122.09375,318662.65625,300376.96875
1216104.8848365,305108.03125,312177.4375,318408.03125,299920.71875
1216104.8886221,304852.59375,312451.125,318263.28125,299388.9375
1216104.9028804,304978.5625,312540.78125,318401.15625,299492.65625
1216104.9029243,305335.65625,312346.59375,318676.34375,300137.4375
1216104.9055482,305399.84375,312098.6875,318651.21875,300376.0625
1216104.9055935,305097.84375,312159.375,318401.34375,299926.09375
1216104.9072852,304842.75,312438.40625,318255.40625,299395.65625
1216104.9110781,304979.8125,312536.9375,318399.0,299502.9375
1216104.9254118,305324.3125,312328.53125,318663.375,300133.15625
1216104.9254558,305389.9375,312084.625,318639.875,300368.84375
1216104.9274447,305103.21875,312163.5,318404.0,299929.40625
1216104.92984,304856.34375,312455.3125,318269.71875,299408.4375
1216104.9336179,304981.25,312546.0625,318401.40625,299501.3125
1216104.9429117,305329.65625,312342.21875,318668.21875,300133.15625
1216104.942956,305390.90625,312091.96875,318644.53125,300369.09375
1216104.9449111,305102.5625,312167.25,318404.71875,299927.6875
1216104.9560962,304844.625,312445.46875,318254.875,299387.3125
1216104.9591705,304977.78125,312544.0,318393.90625,299485.9375
1216104.9592153,305332.53125,312348.3125,318669.5625,300122.34375
1216104.9616213,305409.25,312111.09375,318657.125,300369.71875
1216104.9616643,305120.375,312182.4375,318418.0625,299929.84375
1216104.9699615,304855.1875,312455.84375,318264.1875,299387.15625
1216104.9735595,304979.8125,312545.625,318397.5625,299481.65625
1216104.9771993,305334.15625,312346.25,318668.65625,300118.6875
1216104.9854116,305409.59375,312107.625,318651.84375,300362.5625
1216104.9854553,305116.0,312174.84375,318410.8125,299921.25
1216104.9874447,304846.15625,312441.0,318252.46875,299376.875
1216104.9986199,304972.3125,312532.46875,318382.71875,299472.8125
1216105.0016677,305331.09375,312339.53125,318656.125,300113.125
1216105.0017122,305400.5625,312092.15625,318635.65625,300355.25
1216105.0035787,305114.65625,312169.5625,318401.25,299915.1875
1216105.0124634,304858.9375,312453.1875,318257.28125,299380.875
1216105.0166511,304985.375,312545.875,318391.40625,299473.0625
1216105.0166943,305336.8125,312348.75,318662.65625,300106.78125
1216105.0247976,305410.9375,312102.0625,318644.15625,300348.625
1216105.0316264,305118.75,312169.40625,318402.40625,299906.59375
1216105.0316699,304842.59375,312436.53125,318243.71875,299359.4375
1216105.0342688,304979.09375,312541.15625,318387.75,299459.75
1216105.0343145,305343.53125,312353.9375,318668.65625,300103.375
1216105.0448439,305407.375,312103.78125,318645.0625,300344.59375
1216105.0479122,305119.03125,312172.78125,318406.6875,299909.28125
1216105.0479561,304859.125,312447.375,318254.15625,299372.03125
1216105.0560583,304990.5625,312548.40625,318396.40625,299471.28125
1216105.0587256,305343.8125,312354.46875,318672.40625,300109.5625
1216105.0629301,305409.5,312102.875,318649.96875,300352.28125
1216105.0629741,305118.65625,312168.5,318410.0,299914.90625
1216105.0660781,304851.6875,312438.875,318254.53125,299373.125
1216105.0797328,304970.78125,312528.0,318384.25,299463.5
1216105.0829974,305331.8125,312336.9375,318663.5625,300109.65625
1216105.0830449,305397.25,312080.71875,318636.65625,300348.28125
1216105.0848134,305120.0,312158.75,318407.15625,299922.96875
1216105.0935895,304859.125,312433.0625,318254.96875,299385.625
1216105.1036016,304991.53125,312535.0625,318394.96875,299483.875
1216105.1036457,305335.46875,312336.6875,318666.25,300118.5
1216105.1036574,305401.5625,312090.28125,318647.65625,300363.28125
1216105.1067294,305117.96875,312160.53125,318409.75,299925.90625
1216105.1067738,304863.3125,312446.8125,318267.21875,299393.9375
1216105.1173432,304988.3125,312546.59375,318403.65625,299485.9375
1216105.1216195,305339.875,312348.5625,318674.5625,300122.59375
1216105.121663,305416.5625,312105.375,318660.34375,300372.5
1216105.1354578,305135.5625,312179.0625,318425.46875,299942.46875
1216105.1355022,304865.46875,312448.875,318267.9375,299395.90625
1216105.1387132,304982.6875,312542.03125,318396.9375,299479.78125
1216105.1387583,305343.25,312355.4375,318680.1875,300127.53125
1216105.1387706,305416.75,312110.46875,318667.75,300382.6875
1216105.1410717,305130.84375,312173.25,318429.5,299952.03125
1216105.1498458,304867.4375,312444.21875,318274.375,299409.84375
1216105.159206,304985.625,312534.09375,318398.125,299488.28125
1216105.1592495,305335.84375,312338.65625,318667.125,300119.375
1216105.1679801,305405.40625,312087.78125,318647.03125,300366.96875
1216105.1680246,305119.125,312152.3125,318409.375,299935.40625
1216105.1741038,304861.90625,312432.0625,318261.59375,299399.125
1216105.174146,304984.28125,312531.6875,318394.625,299485.40625
1216105.1829393,305337.53125,312336.75,318668.65625,300122.78125
1216105.1829831,305413.53125,312088.84375,318657.46875,300380.5625
1216105.189146,305120.5625,312148.65625,318410.8125,299943.34375
1216105.1891892,304866.09375,312430.8125,318260.96875,299408.6875
1216105.195403,304983.9375,312531.125,318391.75,299490.59375
1216105.1954502,305338.15625,312340.6875,318665.96875,300124.65625
1216105.2023631,305412.71875,312098.6875,318653.0,300381.1875
1216105.2048447,305127.0,312162.78125,318416.53125,299952.1875
1216105.214187,304871.1875,312445.5625,318269.53125,299415.75
1216105.2142548,304984.5625,312539.53125,318394.625,299491.5
1216105.2162036,305339.59375,312350.71875,318671.6875,300126.46875
1216105.2198434,305411.84375,312100.8125,318657.125,300380.71875
1216105.2341661,305124.21875,312163.84375,318417.6875,299949.6875
1216105.2342106,304858.3125,312435.28125,318260.96875,299405.28125
1216105.236686,304976.5,312532.46875,318387.84375,299482.625
1216105.23673,305336.8125,312347.125,318669.1875,300122.78125
1216105.2449477,305413.09375,312097.25,318657.125,300377.34375
1216105.2473686,305128.40625,312157.40625,318417.5,299947.28125
1216105.2516936,304863.59375,312427.875,318260.5,299405.21875
1216105.2517373,304978.9375,312522.1875,318383.28125,299478.6875
1216105.2598501,305335.84375,312338.03125,318661.5,300113.40625
1216105.2667914,305416.84375,312093.03125,318651.3125,300371.6875
1216105.2668374,305128.40625,312148.21875,318406.25,299941.03125
1216105.2691792,304858.5,312418.5625,318246.75,299394.5625
1216105.2692434,304977.3125,312522.8125,318376.28125,299471.46875
1216105.2773427,305327.15625,312331.5,318649.53125,300102.9375
1216105.2816887,305403.96875,312085.71875,318640.75,300362.3125
1216105.2817324,305122.59375,312147.75,318402.40625,299937.28125
1216105.2898883,304856.0,312423.75,318243.4375,299390.46875
1216105.2940743,304971.40625,312529.71875,318374.15625,299466.625
1216105.2941064,305324.5,312344.53125,318651.65625,300102.5
1216105.2961115,305393.78125,312090.625,318633.15625,300351.5
1216105.3086212,305112.875,312153.5625,318394.28125,299924.3125
1216105.311161,304850.625,312428.0625,318239.25,299380.25
1216105.3136088,304973.375,312534.90625,318372.09375,299459.375
1216105.3173091,305333.78125,312351.96875,318654.875,300097.3125
1216105.3260337,305406.21875,312095.90625,318640.75,300349.875
1216105.3293024,305127.78125,312160.53125,318409.09375,299932.53125
1216105.3293514,304858.6875,312432.34375,318249.15625,299385.90625
1216105.3310333,304969.53125,312530.25,318373.25,299457.0625
1216105.345339,305321.625,312340.0625,318649.6875,300092.46875
1216105.3453898,305398.5,312088.5625,318639.40625,300353.625
1216105.3472523,305112.3125,312143.125,318399.625,299926.28125
1216105.3499508,304855.09375,312423.125,318245.84375,299382.9375
1216105.3535296,304976.15625,312529.71875,318374.5,299460.09375
1216105.3577877,305330.9375,312342.65625,318653.09375,300093.90625
1216105.357824,305410.3125,312091.96875,318645.0625,300355.0625
1216105.371095,305134.9375,312156.53125,318408.125,299936.1875
1216105.3742937,304855.28125,312422.59375,318237.28125,299379.71875
1216105.3743387,304964.4375,312525.0625,318360.1875,299450.625
1216105.3760196,305321.28125,312345.875,318642.09375,300089.4375
1216105.379795,305397.1875,312098.21875,318631.46875,300352.84375
1216105.3941949,305119.65625,312162.5,318398.1875,299937.0
1216105.3942378,304855.28125,312437.53125,318240.9375,299390.375
1216105.3961534,304970.4375,312541.15625,318366.28125,299459.65625
1216105.3985691,305336.09375,312366.53125,318655.59375,300105.1875
1216105.4011054,305405.40625,312107.96875,318636.5625,300358.375
1216105.4102501,305114.65625,312158.3125,318394.1875,299930.5625
1216105.4102939,304845.1875,312430.375,318238.15625,299384.90625
1216105.4167944,304955.9375,312532.125,318362.875,299452.5
1216105.4168391,305315.71875,312351.875,318648.53125,300094.8125
1216105.4185775,305398.0625,312103.15625,318643.25,300366.0625
1216105.4273404,305115.71875,312154.71875,318403.84375,299944.6875
1216105.4316878,304855.46875,312433.25,318249.4375,299399.75
1216105.431732,304971.6875,312536.6875,318377.0,299468.59375
1216105.439721,305336.09375,312363.78125,318662.9375,300109.09375
1216105.4429502,305418.8125,312116.375,318655.5,300377.0625
1216105.442996,305124.65625,312155.96875,318403.375,299942.0
1216105.4673596,304859.5625,312432.875,318247.0,299395.90625
1216105.469843,304965.25,312538.28125,318368.96875,299459.84375
1216105.4724738,305324.9375,312357.25,318652.21875,300096.15625
1216105.4748572,305413.0,312112.71875,318649.6875,300367.3125
1216105.4773557,305135.21875,312172.625,318416.15625,299951.84375
1216105.4804374,304856.96875,312437.53125,318247.90625,299394.84375
1216105.4804815,304966.40625,312540.25,318369.3125,299456.0
1216105.4829828,305331.46875,312365.8125,318658.65625,300098.46875
1216105.4830202,305413.71875,312117.8125,318652.375,300365.96875
1216105.4848006,305130.28125,312171.625,318410.53125,299939.5
1216105.4941863,304865.375,312450.5,318256.59375,299394.65625
1216105.4942521,304975.625,312557.25,318382.09375,299459.84375
1216105.4966419,305320.1875,312364.46875,318650.875,300086.5
1216105.4966858,305411.84375,312119.875,318654.8125,300365.71875
1216105.5099513,305134.40625,312170.90625,318417.78125,299947.5625
1216105.5141179,304855.8125,312433.875,318251.65625,299392.78125
1216105.5141605,304970.34375,312542.40625,318380.6875,299464.125
1216105.522923,305329.65625,312363.78125,318664.71875,300100.875
1216105.5229704,305418.375,312110.75,318661.5,300370.09375
1216105.5316339,305148.53125,312169.40625,318432.90625,299959.8125
1216105.5316796,304880.40625,312445.03125,318274.5625,299409.9375
1216105.5342914,304989.9375,312554.84375,318397.21875,299472.25
1216105.5343367,305347.375,312376.71875,318680.5625,300110.09375
1216105.5498386,305431.96875,312121.65625,318673.65625,300377.59375
1216105.557824,305151.46875,312170.8125,318432.4375,299958.46875
1216105.5578769,304884.875,312445.46875,318273.03125,299412.0
1216105.5578897,304991.0,312552.15625,318393.1875,299469.5
1216105.5579022,305347.71875,312370.125,318674.5625,300105.0
1216105.5604367,305434.71875,312120.75,318671.96875,300379.03125
1216105.5604811,305149.78125,312172.0625,318435.125,299960.0625
1216105.5736719,304881.28125,312450.3125,318276.25,299413.875
1216105.5761074,304985.625,312554.28125,318394.90625,299472.4375
1216105.5786074,305337.1875,312370.375,318667.59375,300099.71875
1216105.5810965,305430.25,312122.8125,318667.6875,300376.875
1216105.5904827,305159.25,312179.9375,318438.4375,299968.03125
1216105.5905268,304882.1875,312446.375,318272.84375,299413.0
1216105.5923399,304992.34375,312557.34375,318396.40625,299475.21875
1216105.5961028,305345.5,312375.5625,318675.0,300108.84375
1216105.6104372,305432.9375,312125.6875,318674.03125,300385.90625
1216105.610489,305152.03125,312173.0625,318437.28125,299970.0
1216105.6130403,304874.84375,312437.875,318268.03125,299414.3125
1216105.6130853,304986.875,312551.625,318389.53125,299474.21875
1216105.6148293,305344.4375,312375.3125,318673.3125,300108.65625
1216105.6186168,305425.875,312119.15625,318669.09375,300380.90625
1216105.6272983,305148.53125,312168.84375,318432.625,299969.53125
1216105.630559,304876.8125,312440.3125,318268.125,299414.0625
1216105.6306063,304987.6875,312557.34375,318390.6875,299473.4375
1216105.6360704,305338.6875,312377.1875,318666.0625,300102.21875
1216105.6454451,305423.625,312123.15625,318658.375,300375.53125
1216105.6454913,305144.25,312169.75,318417.4375,299963.5625
1216105.6472889,304875.125,312445.03125,318256.59375,299414.9375
1216105.6537226,304978.75,312554.125,318376.375,299471.09375
1216105.657877,305329.21875,312371.625,318654.1875,300098.5625
1216105.657917,305419.875,312121.21875,318659.34375,300377.78125
1216105.6660954,305149.15625,312180.03125,318430.46875,299974.5625
1216105.6704338,304879.15625,312449.78125,318261.9375,299418.8125
1216105.6704782,304980.0,312551.6875,318376.375,299464.125
1216105.6736722,305342.09375,312380.65625,318666.15625,300101.5
1216105.6848156,305433.65625,312133.46875,318671.25,300383.21875
1216105.6878932,305152.125,312177.34375,318432.09375,299969.0
1216105.6879379,304882.90625,312453.875,318273.03125,299422.28125
1216105.689795,304986.0,312562.59375,318388.375,299470.84375
1216105.6987219,305338.0,312382.0,318667.0625,300100.78125
1216105.7028749,305426.21875,312127.03125,318665.25,300379.5625
1216105.7029231,305149.78125,312171.4375,318426.90625,299968.84375
1216105.7048584,304879.96875,312442.8125,318260.5,299414.5
1216105.7135716,304985.1875,312555.90625,318380.78125,299468.40625
1216105.7298836,305341.65625,312379.5,318666.0625,300104.90625
1216105.7299292,305434.1875,312124.5,318664.46875,300386.28125
1216105.729942,305156.59375,312169.9375,318422.4375,299971.25
1216105.7323637,304887.5625,312448.625,318262.5625,299423.09375
1216105.7348143,304994.3125,312566.28125,318384.34375,299475.125
1216105.737345,305343.25,312380.75,318660.0,300100.625
1216105.7399246,305434.71875,312129.0625,318662.84375,300386.4375
1216105.7436075,305154.34375,312171.71875,318423.59375,299977.84375
1216105.7504351,304882.625,312448.96875,318263.28125,299430.34375
1216105.7504793,304979.1875,312556.34375,318375.84375,299474.125
1216105.7585572,305332.625,312375.5625,318655.15625,300101.59375
1216105.7736523,305432.125,312126.03125,318660.625,300389.40625
1216105.7736954,305158.625,312174.75,318424.65625,299982.5
1216105.7737067,304882.90625,312444.6875,318259.53125,299423.4375
1216105.7760699,304975.71875,312550.90625,318370.5,299462.59375
1216105.7792062,305335.84375,312378.96875,318658.8125,300099.375
1216105.7792493,305427.03125,312125.3125,318661.25,300382.5
1216105.7811069,305142.8125,312163.75,318419.3125,299970.625
1216105.789886,304868.59375,312434.21875,318254.625,299417.1875
1216105.7941824,304973.375,312550.4375,318373.0625,299466.71875
1216105.7942261,305324.65625,312370.84375,318652.03125,300095.34375
1216105.8061937,305412.8125,312113.15625,318648.09375,300374.75
1216105.8091866,305135.5625,312153.75,318407.59375,299965.0
1216105.8092309,304867.875,312432.53125,318248.96875,299417.09375
1216105.8111753,304959.875,312537.40625,318356.1875,299450.625
1216105.8304351,305315.0,312359.28125,318635.40625,300078.25
1216105.8304793,305411.125,312107.96875,318641.65625,300368.46875
1216105.8323755,305134.40625,312152.59375,318407.0625,299962.40625
1216105.8348651,304857.96875,312428.9375,318242.28125,299407.09375
1216105.8374719,304959.09375,312548.84375,318363.40625,299456.25
1216105.8398121,305312.59375,312371.71875,318646.03125,300084.53125
1216105.8423152,305410.3125,312119.25,318652.90625,300373.84375
1216105.8448179,305134.75,312159.28125,318413.40625,299965.25
1216105.8542979,304854.5625,312424.65625,318241.8125,299404.21875
1216105.8543437,304958.625,312547.21875,318362.71875,299449.09375
1216105.8566554,305318.5,312376.46875,318649.53125,300082.09375
1216105.8566972,305417.75,312119.78125,318656.78125,300372.15625
1216105.8698664,305146.03125,312163.125,318421.28125,299970.71875
1216105.872916,304878.78125,312444.59375,318265.0,299424.0625
1216105.8729592,304960.15625,312541.59375,318360.03125,299444.375
1216105.8749417,305316.875,312367.34375,318643.90625,300072.1875
1216105.8811015,305412.28125,312109.5,318647.65625,300364.1875
1216105.8898155,305139.15625,312151.6875,318413.84375,299967.9375
1216105.8972891,304858.40625,312423.59375,318249.34375,299415.75
1216105.8973343,304954.53125,312539.1875,318361.375,299449.1875
1216105.8973469,305315.375,312366.90625,318646.3125,300081.40625
1216105.9030066,305425.59375,312122.8125,318661.3125,300383.15625
1216105.9030509,305145.59375,312155.8125,318414.84375,299968.75
1216105.9048264,304866.46875,312424.5625,318243.09375,299405.21875
1216105.9186202,304970.15625,312545.0,318362.0,299447.9375
1216105.9216882,305334.3125,312375.9375,318650.96875,300081.46875
1216105.9217322,305433.65625,312120.3125,318657.9375,300369.5625
1216105.9242453,305164.34375,312164.46875,318426.625,299971.59375
1216105.9242899,304893.53125,312440.375,318270.15625,299424.25
1216105.9386298,304991.0,312558.40625,318388.0,299464.125
1216105.9435995,305333.25,312373.4375,318662.75,300083.28125
1216105.9436498,305419.09375,312110.21875,318659.71875,300368.84375
1216105.9436634,305148.96875,312155.625,318428.59375,299971.5
1216105.9460792,304873.6875,312429.03125,318261.6875,299416.28125
1216105.9524725,304963.8125,312540.25,318364.3125,299446.4375
1216105.959191,305326.09375,312371.09375,318650.78125,300079.4375
1216105.9592348,305426.0625,312116.75,318658.65625,300374.75
1216105.967367,305151.65625,312158.21875,318423.25,299972.59375
1216105.9766925,304871.0,312427.59375,318254.625,299410.84375
1216105.9767361,304966.21875,312542.5,318363.875,299443.65625
1216105.9837021,305320.65625,312367.78125,318645.5,300074.6875
1216105.9837468,305419.25,312112.09375,318653.71875,300372.40625
