filename,is_valid,rejection_reasons,overall_ptp,overall_var,variance_zscore,ptp_FZ,ptp_C3,ptp_CZ,ptp_C4,var_FZ,var_C3,var_CZ,var_C4,label,label_encoded
cellula_MI_data_1.csv,True,CLEAN,26.858008640245885,7.871850573820156,-0.6517754956261581,14.062955811937387,11.30561307153292,8.577454081659553,26.858008640245885,5.527712401693424,3.506858713867367,1.4393197539134068,21.013511425806424,Left,0
cellula_MI_data_2.csv,True,CLEAN,44.822430665314755,12.6233326233971,-0.6054676903456375,33.722457752444086,23.00943357310155,20.34898567931235,44.822430665314755,11.415568524108497,6.003721337838126,3.771587990888052,29.302452640753728,Right,1
cellula_MI_data_3.csv,True,CLEAN,42.014102734674864,10.479676531607812,-0.6263597000073006,26.70995437053523,19.049070024772956,9.423745993529764,42.014102734674864,10.2564916253123,5.164477937956697,1.5862926140388403,24.911443949123413,Left,0
cellula_MI_data_4.csv,True,CLEAN,26.23733968141328,11.98261468844778,-0.6117121086264584,21.26926877047965,11.817741311794727,21.362381472893738,26.23733968141328,13.437433084722262,5.291284194428651,4.9021060007302815,24.299635473909927,Left,0
cellula_MI_data_5.csv,True,CLEAN,26.6923799350501,10.773329216566232,-0.6234977695162937,24.74601435785273,12.11346217298695,18.40024061692306,26.6923799350501,12.811662473281071,4.366700647807796,4.62139678306501,21.29355696211105,Left,0
cellula_MI_data_6.csv,True,CLEAN,80.581259280974,21.475922532854305,-0.5191906076421589,59.96637896866251,43.5421903821276,30.159592857456076,80.581259280974,24.41115206562974,10.825103461335795,8.716712543357017,41.95072206109467,Right,1
cellula_MI_data_7.csv,False,extreme_ptp_amplitude_FZ_(620.0uV>200.0uV); extreme_ptp_amplitude_C3_(437.1uV>200.0uV); extreme_ptp_amplitude_CZ_(531.0uV>200.0uV); extreme_ptp_amplitude_C4_(1588.1uV>200.0uV); statistical_variance_outlier_(z=28.05),1588.0621638671669,2952.6817031858627,28.04825532003447,620.0060815553497,437.1197566411319,531.0186674829345,1588.0621638671669,1336.1136529330306,663.6406342100008,1001.6020334300965,8809.370492170323,Right,1
cellula_MI_data_8.csv,True,CLEAN,30.828159287186374,9.316644048632714,-0.6376945806181463,18.929428929461142,13.543603184852163,7.6963460994938435,30.828159287186374,8.432268938250596,4.5195445180512985,1.6546551500594797,22.660107588169478,Left,0
cellula_MI_data_9.csv,False,extreme_ptp_amplitude_FZ_(4680.6uV>200.0uV); extreme_ptp_amplitude_C3_(3263.2uV>200.0uV); extreme_ptp_amplitude_CZ_(4523.4uV>200.0uV); extreme_ptp_amplitude_C4_(3420.7uV>200.0uV); statistical_variance_outlier_(z=773.75),4680.611546408691,79466.80609419072,773.7526769170073,4680.611546408691,3263.194815511268,4523.399170818755,3420.6740564853653,107601.93648595808,52303.421208806074,100455.74490029186,57506.12178170688,Left,0
cellula_MI_data_10.csv,False,extreme_ptp_amplitude_FZ_(6052.0uV>200.0uV); extreme_ptp_amplitude_C3_(2326.3uV>200.0uV); extreme_ptp_amplitude_CZ_(2363.2uV>200.0uV); extreme_ptp_amplitude_C4_(6015.0uV>200.0uV); statistical_variance_outlier_(z=841.61),6051.964321503745,86429.75532046802,841.6133767122025,6051.964321503745,2326.2725917120833,2363.2287852036725,6015.008128012157,151098.6745930049,22325.69747138281,23044.831690259973,149249.81752722434,Right,1
cellula_MI_data_11.csv,True,CLEAN,33.13459728405443,15.417192245476645,-0.5782388160680031,33.13459728405443,10.860193578887104,11.99653954903502,30.553952094884067,29.284486376778933,2.748543705668243,3.7130044332583885,25.92273446620101,Left,0
cellula_MI_data_12.csv,True,CLEAN,196.48259913208747,65.20309967958607,-0.0930268162924746,95.84281485957383,61.95730701530574,51.37254309863128,196.48259913208747,86.65875408736306,15.30627003172108,12.644584520702699,146.20279007855743,Right,1
cellula_MI_data_13.csv,True,CLEAN,149.5586374640508,64.91498776710473,-0.09583474657674712,147.90288566294078,50.498718340816744,48.60978200473843,149.5586374640508,118.36975054716002,12.636831827579236,13.223654967601766,115.4297137260779,Left,0
cellula_MI_data_14.csv,True,CLEAN,46.400426919907744,20.226761291790982,-0.5313648966138039,46.400426919907744,13.116269768948698,17.766751804444475,38.57743354107565,39.80812710299253,3.351006311790399,5.42449516464068,32.32341658774032,Left,0
cellula_MI_data_15.csv,True,CLEAN,40.04953525051074,18.53286656648979,-0.5478735451336761,40.04953525051074,7.767034563913145,15.694379123902863,29.422519868434094,41.67141284939653,2.0022958441929877,6.000995033033512,24.456762539336133,Left,0
cellula_MI_data_16.csv,False,extreme_ptp_amplitude_FZ_(2051.8uV>200.0uV); extreme_ptp_amplitude_C3_(2934.7uV>200.0uV); extreme_ptp_amplitude_CZ_(532.0uV>200.0uV); extreme_ptp_amplitude_C4_(4454.5uV>200.0uV); statistical_variance_outlier_(z=332.69),4454.484588098239,34210.75329747645,332.68850813585976,2051.797468263014,2934.7323488333395,532.0452289981131,4454.484588098239,17436.80248888748,35825.26516492432,1171.8079615142324,82409.13757457977,Right,1
cellula_MI_data_17.csv,True,CLEAN,88.1462311095747,27.66907713423273,-0.45883230377814105,88.1462311095747,21.41223080510141,33.628709272352225,75.16796492011845,57.46868243814569,3.532819052420168,8.40116534778442,41.27364169858064,Right,1
cellula_MI_data_18.csv,True,CLEAN,38.09100141245369,17.304635306146547,-0.5598438511245168,38.09100141245369,9.884534846619339,14.316182376540304,33.65935388253272,34.9513565661458,2.5886015834958505,4.973578244254134,26.70500483069041,Left,0
cellula_MI_data_19.csv,True,CLEAN,66.51062187006646,16.924462199459295,-0.5635490071187252,57.278225962358526,66.51062187006646,37.011724676075154,57.594063013195715,14.368694366750299,25.678695161239954,5.22301910692792,22.427440162919,Right,1
cellula_MI_data_20.csv,False,flatline_dead_channel_CZ_(var=1.8948e-01),41.29083722331153,5.824170597340602,-0.671732124871149,16.907304919933512,41.29083722331153,6.211054029607684,30.93589131110773,1.638740729142838,13.640695941745639,0.18948230250983725,7.827763415964094,Left,0
cellula_MI_data_21.csv,False,flatline_dead_channel_CZ_(var=4.7090e-01),49.5206134429637,7.234615297681595,-0.6579859720159258,19.825335584279355,49.5206134429637,9.569089446337676,38.92776100196646,2.3914528028925,16.36063244507021,0.47090176732705274,9.715474175436617,Right,1
cellula_MI_data_22.csv,False,flatline_dead_channel_CZ_(var=1.7859e-01),50.384844596088485,7.041603835389628,-0.659867056090214,14.476415011096446,50.384844596088485,5.773347245234771,41.281099100025486,1.457396402373513,16.296314120492276,0.1785898953083934,10.234114923384329,Left,0
cellula_MI_data_23.csv,False,extreme_ptp_amplitude_FZ_(925.4uV>200.0uV); extreme_ptp_amplitude_C3_(3004.8uV>200.0uV); extreme_ptp_amplitude_C4_(2271.3uV>200.0uV); statistical_variance_outlier_(z=148.79),3004.8383939915843,15341.600089426802,148.79029207410068,925.4369855547507,3004.8383939915843,191.90043743646402,2271.266859021654,3484.7667943476663,36741.0010745125,149.73006043715571,20990.902428409892,Left,0
cellula_MI_data_24.csv,False,extreme_ptp_amplitude_FZ_(1810.8uV>200.0uV); extreme_ptp_amplitude_C3_(6014.5uV>200.0uV); extreme_ptp_amplitude_CZ_(225.2uV>200.0uV); extreme_ptp_amplitude_C4_(3979.0uV>200.0uV); statistical_variance_outlier_(z=494.06),6014.497812023081,50768.80928810373,494.0628382159226,1810.8344053758294,6014.497812023081,225.18405739754053,3979.0135879731683,12035.017919131566,132753.2153782204,185.26961138357058,58101.73424367938,Left,0
cellula_MI_data_25.csv,False,extreme_ptp_amplitude_FZ_(478.2uV>200.0uV); extreme_ptp_amplitude_C3_(2046.8uV>200.0uV); extreme_ptp_amplitude_C4_(1689.7uV>200.0uV); statistical_variance_outlier_(z=68.03),2046.8004978363356,7055.142599712277,68.03071939862852,478.24227375982315,2046.8004978363356,121.3827605692108,1689.6875245769334,885.4688024004704,16220.066155892542,57.112065462957254,11057.923375093138,Left,0
cellula_MI_data_26.csv,False,flatline_dead_channel_FZ_(var=4.6319e-01); flatline_dead_channel_CZ_(var=4.9820e-02),17.487537688015273,3.449383924730011,-0.6948767264229567,4.482665911662323,17.487537688015273,2.0100736713041134,13.89172473172563,0.46319097619341626,8.164551865066425,0.049820195900474776,5.119972661759726,Right,1
cellula_MI_data_27.csv,False,flatline_dead_channel_CZ_(var=1.5018e-01),17.69800278905504,3.263931196909046,-0.6966841432918555,5.584113435664785,17.69800278905504,5.048458890832329,13.603253556938403,0.7162527053047921,7.658980403071194,0.15018440891093945,4.530307270349257,Right,1
cellula_MI_data_28.csv,True,CLEAN,42.59638686942909,7.69000191798824,-0.6535477873147141,9.355250252190219,42.59638686942909,7.350893897348572,40.758647330464825,1.0165138791642447,15.728019016552519,0.6729802476078997,13.342494528628297,Right,1
cellula_MI_data_29.csv,False,extreme_ptp_amplitude_C3_(439.1uV>200.0uV); extreme_ptp_amplitude_C4_(213.6uV>200.0uV),439.0935238924843,254.68840614326126,1.753691446280122,72.24406397905284,439.0935238924843,154.25187320614566,213.59065069982978,19.816441126455267,733.5162304066117,91.51582468135042,173.90512835862756,Left,0
cellula_MI_data_30.csv,False,extreme_ptp_amplitude_FZ_(526.5uV>200.0uV); extreme_ptp_amplitude_C3_(2692.6uV>200.0uV); extreme_ptp_amplitude_C4_(2095.1uV>200.0uV); statistical_variance_outlier_(z=116.78),2692.562398335229,12057.196697202326,116.78059253975144,526.4917407724527,2692.562398335229,71.33777697137162,2095.0757239253426,1121.8674434142738,29333.804079073256,20.702437489446428,17752.41282883233,Right,1
cellula_MI_data_31.csv,False,flatline_dead_channel_CZ_(var=7.5042e-02),24.14551676867063,3.8983188480651,-0.6905014197719977,5.2590339766839245,24.14551676867063,1.9250482115794867,19.7795950162309,0.5445058700729147,9.023901172820418,0.07504242448810049,5.949825924878969,Left,0
cellula_MI_data_32.csv,False,extreme_ptp_amplitude_FZ_(877.7uV>200.0uV); extreme_ptp_amplitude_C3_(4304.1uV>200.0uV); extreme_ptp_amplitude_CZ_(291.4uV>200.0uV); extreme_ptp_amplitude_C4_(3717.2uV>200.0uV); statistical_variance_outlier_(z=333.56),4304.114990164075,34300.291995410924,333.5611496708078,877.6979641007927,4304.114990164075,291.4460105735638,3717.1570073505927,3182.8340541822035,76551.99450764546,350.6704108124876,57115.66900900354,Left,0
cellula_MI_data_33.csv,False,flatline_dead_channel_CZ_(var=1.0095e-01),29.70205627808825,5.053689381740318,-0.6792412122952491,7.074746383076832,29.70205627808825,3.4758082732603577,25.92911035182556,0.5264677554331123,11.35284292244296,0.10095418136147416,8.234492667723726,Left,0
cellula_MI_data_34.csv,False,extreme_ptp_amplitude_FZ_(487.2uV>200.0uV); extreme_ptp_amplitude_C3_(2480.1uV>200.0uV); extreme_ptp_amplitude_C4_(1833.6uV>200.0uV); statistical_variance_outlier_(z=79.84),2480.094137778462,8267.362638745337,79.84498049421363,487.1688543109073,2480.094137778462,160.17714630309035,1833.5965201880533,802.3749846306091,20813.253689964746,87.13203083338927,11366.689849552604,Right,1
cellula_MI_data_35.csv,False,flatline_dead_channel_CZ_(var=1.0862e-01),44.94980098573297,7.825004822900638,-0.6522320529464144,9.582712538108881,44.94980098573297,3.2616470280250756,36.643317999444555,0.8872505145104187,18.092419686594486,0.10861777313987628,12.211731317357769,Left,0
cellula_MI_data_36.csv,False,extreme_ptp_amplitude_FZ_(631.5uV>200.0uV); extreme_ptp_amplitude_C3_(3323.5uV>200.0uV); extreme_ptp_amplitude_CZ_(235.9uV>200.0uV); extreme_ptp_amplitude_C4_(2927.8uV>200.0uV); statistical_variance_outlier_(z=197.69),3323.482043401468,20358.622607714307,197.68604700713885,631.4861644817033,3323.482043401468,235.8833037366175,2927.8326729781597,1618.3666045329771,44811.354698094234,226.03121267105018,34778.73791555898,Right,1
cellula_MI_data_37.csv,True,CLEAN,24.936413422437134,6.647423760283394,-0.6637087235895378,24.936413422437134,20.59694056023752,14.305762665280131,24.722069704926007,4.625789764614057,10.056651176327922,1.5956479395124468,10.311606160679151,Right,1
cellula_MI_data_38.csv,False,extreme_ptp_amplitude_FZ_(1866.7uV>200.0uV); extreme_ptp_amplitude_C3_(12687.1uV>200.0uV); extreme_ptp_amplitude_CZ_(308.4uV>200.0uV); extreme_ptp_amplitude_C4_(10512.0uV>200.0uV); statistical_variance_outlier_(z=2715.59),12687.087195104594,278712.05038811755,2715.591008528594,1866.723057298306,12687.087195104594,308.3852391950984,10512.02122588544,14127.069405496914,652441.3495281747,385.4899721594518,447894.292646639,Left,0
cellula_MI_data_39.csv,False,extreme_ptp_amplitude_FZ_(322.7uV>200.0uV); extreme_ptp_amplitude_C3_(1992.0uV>200.0uV); extreme_ptp_amplitude_C4_(1750.8uV>200.0uV); statistical_variance_outlier_(z=63.48),1991.9971187148633,6588.056010164274,63.47850713890691,322.7131460036756,1991.9971187148633,81.62316223705062,1750.8141311674135,384.0916893705636,14636.069678407843,24.636828368918025,11307.425844509773,Right,1
cellula_MI_data_40.csv,False,flatline_dead_channel_FZ_(var=4.1271e-01); flatline_dead_channel_CZ_(var=6.6276e-02),23.68805312528533,4.783365755398409,-0.6818757784623422,4.898969927347996,23.68805312528533,2.1359661128895633,19.911100578724767,0.4127148331253617,10.844234768346091,0.06627560390472771,7.810237816217454,Left,0
cellula_MI_data_41.csv,False,flatline_dead_channel_FZ_(var=4.6286e-01); flatline_dead_channel_CZ_(var=5.7883e-02),19.74703465939091,4.38834282738322,-0.6857256603814997,5.899964668907364,19.74703465939091,1.6333638951650429,17.916710788454004,0.46285798400040956,10.0312612708138,0.057882813504118134,7.001369241214553,Left,0
cellula_MI_data_42.csv,False,flatline_dead_channel_CZ_(var=1.0295e-01),98.09891665315217,19.4839554447746,-0.538604260703989,19.157285712154312,98.09891665315217,4.264944019080643,75.17274370070392,1.8597957214892478,47.3565185630232,0.10294876559064844,28.616558728995315,Left,0
cellula_MI_data_43.csv,False,extreme_ptp_amplitude_FZ_(285.4uV>200.0uV); extreme_ptp_amplitude_C3_(1557.6uV>200.0uV); extreme_ptp_amplitude_C4_(1349.0uV>200.0uV); statistical_variance_outlier_(z=37.42),1557.6256640141314,3913.790055091502,37.41518924699543,285.36427266511004,1557.6256640141314,76.78051711593768,1349.041908464959,293.9634503953414,8765.131715986094,21.280962462886766,6574.784091521685,Left,0
cellula_MI_data_44.csv,False,flatline_dead_channel_FZ_(var=4.4718e-01); flatline_dead_channel_CZ_(var=7.1919e-02),31.627078548580457,5.185393103982335,-0.677957631664897,5.6189937016127365,31.627078548580457,2.1044037188422156,27.313554331717118,0.44718273760895444,11.752773304694838,0.07191920983366135,8.469697163791885,Right,1
cellula_MI_data_45.csv,False,extreme_ptp_amplitude_FZ_(331.0uV>200.0uV); extreme_ptp_amplitude_C3_(2130.7uV>200.0uV); extreme_ptp_amplitude_C4_(1629.5uV>200.0uV); statistical_variance_outlier_(z=71.84),2130.728469006019,7445.884623637461,71.83887975155567,330.99625070310975,2130.728469006019,170.4580393849605,1629.5426802436994,444.52759733583156,18434.126465130208,117.43518440367917,10787.449247680124,Left,0
cellula_MI_data_46.csv,False,flatline_dead_channel_CZ_(var=2.4270e-01),37.45478045660987,5.890963700070641,-0.6710811612427415,8.65984887360288,37.45478045660987,6.3526803779908825,31.083585369210148,0.6168512064636701,13.10070274435145,0.24269690522575424,9.603603944241689,Left,0
cellula_MI_data_47.csv,False,extreme_ptp_amplitude_FZ_(513.1uV>200.0uV); extreme_ptp_amplitude_C3_(2441.4uV>200.0uV); extreme_ptp_amplitude_C4_(2039.0uV>200.0uV); statistical_variance_outlier_(z=96.88),2441.386837407175,10015.660586704447,96.88384123317661,513.053820343448,2441.386837407175,110.71237204461092,2038.996332560822,1016.133511297431,22974.50729166396,47.52506735332965,16024.476476503069,Right,1
cellula_MI_data_48.csv,False,extreme_ptp_amplitude_C3_(1030.8uV>200.0uV); extreme_ptp_amplitude_CZ_(232.5uV>200.0uV); extreme_ptp_amplitude_C4_(1122.2uV>200.0uV); statistical_variance_outlier_(z=23.03),1122.1826099229133,2437.758486356164,23.02982868797091,141.024425339809,1030.775609573719,232.4784658985056,1122.1826099229133,80.84224626582991,4324.900310453969,219.8260902139443,5125.465298490914,Right,1
cellula_MI_data_49.csv,False,flatline_dead_channel_CZ_(var=1.0858e-01),29.52957074783836,4.705743881195133,-0.6826322789812559,6.414829923791059,29.52957074783836,3.9876410204566373,22.71333938772216,0.5311121367492082,10.997096410374397,0.10858122643402274,7.186185751222905,Right,1
cellula_MI_data_50.csv,False,extreme_ptp_amplitude_FZ_(558.0uV>200.0uV); extreme_ptp_amplitude_C3_(3670.8uV>200.0uV); extreme_ptp_amplitude_C4_(3077.7uV>200.0uV); statistical_variance_outlier_(z=227.24),3670.8203751002934,23391.333867300753,227.2427623678704,558.0308395348425,3670.8203751002934,35.540421934554274,3077.707395353993,1264.1295513536622,54234.79033140329,5.078803198847425,38061.33678324721,Right,1
cellula_MI_data_51.csv,False,extreme_ptp_amplitude_FZ_(271.3uV>200.0uV); extreme_ptp_amplitude_C3_(3075.6uV>200.0uV); extreme_ptp_amplitude_C4_(2779.8uV>200.0uV); statistical_variance_outlier_(z=163.91),3075.633672742223,16893.369110894808,163.91378763542397,271.2558130771781,3075.633672742223,24.575276111261758,2779.8025835537837,288.034211040301,37027.31869307551,2.3635225263167396,30255.760016937107,Right,1
cellula_MI_data_52.csv,False,flatline_dead_channel_FZ_(var=3.7781e-01); flatline_dead_channel_CZ_(var=4.4107e-02),72.32376181792755,13.974933905542454,-0.5922950237255329,7.4359158095535545,72.32376181792755,1.4087392868933437,64.85657295408708,0.3778088325421339,30.75440655859278,0.04410665574308884,24.723413575291815,Right,1
cellula_MI_data_53.csv,False,flatline_dead_channel_FZ_(var=1.9870e-01); flatline_dead_channel_CZ_(var=4.8800e-02),20.761167987738773,5.259409464469494,-0.6772362703773557,3.889024094073539,20.761167987738773,2.0277396325890717,18.56077995705003,0.19869785195733136,11.745652000002124,0.04880011250243104,9.044487893416088,Right,1
cellula_MI_data_54.csv,False,extreme_ptp_amplitude_C3_(933.7uV>200.0uV); extreme_ptp_amplitude_C4_(974.4uV>200.0uV); statistical_variance_outlier_(z=17.02),974.4318206520255,1820.7362499473466,17.01634799305492,120.99414825992449,933.7464613650516,162.17936915529702,974.4318206520255,57.425510354746834,3408.263470067116,103.1156164481757,3714.140402919348,Left,0
cellula_MI_data_55.csv,False,flatline_dead_channel_CZ_(var=2.8820e-01),21.42846472578008,5.169324197447912,-0.6781142387586633,7.944440506606428,20.742779327186163,7.296041763888172,21.42846472578008,0.825766503517009,10.990671846808944,0.28819865826356295,8.57265978120213,Right,1
cellula_MI_data_56.csv,False,flatline_dead_channel_FZ_(var=4.5435e-01); flatline_dead_channel_CZ_(var=5.1500e-02),26.44990965995734,5.765966268217174,-0.672299382562835,5.293368044814249,26.44990965995734,1.4007748330117433,21.6980889172478,0.45435477854197726,13.10845774484314,0.05149978213864473,9.449552767344935,Right,1
cellula_MI_data_57.csv,False,extreme_ptp_amplitude_FZ_(1309.0uV>200.0uV); extreme_ptp_amplitude_C3_(7419.4uV>200.0uV); extreme_ptp_amplitude_CZ_(214.6uV>200.0uV); extreme_ptp_amplitude_C4_(6324.9uV>200.0uV); statistical_variance_outlier_(z=978.16),7419.36401908512,100440.51194294011,978.1618015481897,1309.0007293147478,7419.36401908512,214.61613364995856,6324.8714968393815,7113.497741869198,228455.79519184266,190.60458151959725,166002.150256529,Right,1
cellula_MI_data_58.csv,False,flatline_dead_channel_FZ_(var=3.9566e-01); flatline_dead_channel_CZ_(var=4.5702e-02),34.68125588939721,6.312140019928909,-0.6669763891305331,5.364455099292973,34.68125588939721,1.8316840394883096,30.84576983296188,0.3956649200118089,14.247546351621672,0.045702153035491404,10.559646655046661,Left,0
cellula_MI_data_59.csv,False,extreme_ptp_amplitude_C3_(1967.2uV>200.0uV); extreme_ptp_amplitude_C4_(1961.8uV>200.0uV); statistical_variance_outlier_(z=75.51),1967.1921782837012,7822.26786692813,75.50709984779003,76.78935382171686,1967.1921782837012,71.50421406795192,1961.8010062538692,24.080583342983832,15667.41019160793,20.559180433655605,15577.021512327949,Left,0
cellula_MI_data_60.csv,False,flatline_dead_channel_FZ_(var=1.4232e-01); flatline_dead_channel_CZ_(var=4.2334e-02),28.238085656065717,5.925725963709235,-0.6707423692366075,2.271723424436339,28.238085656065717,1.687586011118159,27.719556846754294,0.14232213707803026,12.996664107196054,0.04233405260876167,10.521583557954093,Right,1
cellula_MI_data_61.csv,True,CLEAN,23.99690425319085,6.435479051702363,-0.6657743305291833,21.894843082105876,22.117932027477323,11.928988751530227,23.99690425319085,3.49871309015167,11.698239134977205,1.0592586246818052,9.485705356998771,Left,0
cellula_MI_data_62.csv,False,flatline_dead_channel_FZ_(var=2.1147e-01); flatline_dead_channel_CZ_(var=4.0529e-02),19.52288160123821,4.819277219320103,-0.6815257863838132,2.8267539803557744,19.52288160123821,1.7918744841563194,16.42871809453519,0.21146811570093865,10.98604711410947,0.04052902372858986,8.039064623741416,Left,0
cellula_MI_data_63.csv,False,extreme_ptp_amplitude_C3_(816.3uV>200.0uV); extreme_ptp_amplitude_C4_(658.2uV>200.0uV); statistical_variance_outlier_(z=8.18),816.2547089705299,913.6330249687112,8.175746455818167,135.49147284761207,816.2547089705299,22.852634788475328,658.1505450287102,59.50993805711444,2176.4575285808155,1.8176506038789009,1416.7469826330355,Left,0
cellula_MI_data_64.csv,False,extreme_ptp_amplitude_C3_(278.9uV>200.0uV); extreme_ptp_amplitude_CZ_(374.5uV>200.0uV),374.5372409955241,359.03544907558586,2.7706546790757565,80.61275511976575,278.88564418737684,374.5372409955241,136.32224910553194,159.3007372042654,364.23135693538126,811.9031684487611,100.7065337139356,Left,0
cellula_MI_data_65.csv,True,CLEAN,193.2042347353013,148.09093905563384,0.7147956453941544,192.99886297763393,67.19232384270165,193.2042347353013,55.18905404691137,251.2674195644185,44.13030380976316,256.0622988908537,40.903733957499995,Left,0
cellula_MI_data_66.csv,False,extreme_ptp_amplitude_FZ_(40161.0uV>200.0uV); extreme_ptp_amplitude_C3_(24178.3uV>200.0uV); extreme_ptp_amplitude_CZ_(9971.9uV>200.0uV); extreme_ptp_amplitude_C4_(25937.8uV>200.0uV); statistical_variance_outlier_(z=29686.78),40161.030283721266,3046131.3536193566,29686.778710899507,40161.030283721266,24178.301365684387,9971.86646789339,25937.770891341344,6620364.172791033,2400002.709955845,405915.88184412493,2758242.6498864214,Right,1
cellula_MI_data_67.csv,True,CLEAN,109.18960688338181,89.73893385708595,0.1460987069930373,78.49739134226141,34.46665995478475,109.18960688338181,43.51894147596198,126.26037112230647,38.58328993555827,159.1410942764542,34.97098009402485,Right,1
cellula_MI_data_68.csv,False,extreme_ptp_amplitude_FZ_(344.8uV>200.0uV),344.78888092184343,228.02739237296555,1.4938539847525019,344.78888092184343,58.151378934642366,134.03849502998008,176.52694683450613,554.1293239227357,41.78110110512535,172.86265301288975,143.33649145111147,Left,0
cellula_MI_data_69.csv,False,extreme_ptp_amplitude_FZ_(269.3uV>200.0uV),269.27694069416754,168.22171909130083,0.9109896396700365,269.27694069416754,129.06155748117726,57.185028400104386,170.28181630187663,351.4643781846738,89.36929340271267,98.41121478739555,133.64198999042128,Left,0
cellula_MI_data_70.csv,True,CLEAN,72.58414374506005,65.47290141324673,-0.09039733647621034,72.58414374506005,39.7271648338353,64.37615998526847,35.023821029392025,96.0357000302729,35.730395263903205,104.87256861932268,25.252941739488087,Left,0
cellula_MI_data_71.csv,True,CLEAN,61.596235828317106,62.202331236230734,-0.12227221789915899,61.596235828317106,30.34046626029003,51.061858078390145,32.34077465375911,98.72450568724709,32.2771171422448,90.05854004949138,27.749162065939693,Right,1
cellula_MI_data_72.csv,True,CLEAN,184.65377268275853,96.10272474854587,0.20812002715648267,184.65377268275853,34.35133493435262,96.69725613764977,93.83109535790005,184.2824239596036,33.81951702232744,116.88847132895424,49.42048668329818,Right,1
cellula_MI_data_73.csv,False,extreme_ptp_amplitude_FZ_(286.6uV>200.0uV); extreme_ptp_amplitude_CZ_(286.9uV>200.0uV),286.87036899571916,238.08429213180952,1.5918682360743026,286.6096929759756,95.48663046619623,286.87036899571916,94.83517509327572,418.4342234040577,61.4334546589716,419.47979059185104,52.98969987235776,Right,1
cellula_MI_data_74.csv,True,CLEAN,66.13545322921277,61.024559339963865,-0.1337507484014581,59.93172494614488,34.616515925324286,66.13545322921277,22.523611915909306,77.46679689885526,36.351300374382426,112.8447890187235,17.43535106789426,Right,1
cellula_MI_data_75.csv,False,extreme_ptp_amplitude_FZ_(342.8uV>200.0uV); extreme_ptp_amplitude_C3_(210.8uV>200.0uV); extreme_ptp_amplitude_CZ_(476.1uV>200.0uV),476.0649668086086,456.9089873764415,3.7245273248021835,342.79619681680913,210.78401223685503,476.0649668086086,74.41624179929988,541.0222196648874,213.34638766933955,1035.49058753461,37.77675463692895,Left,0
cellula_MI_data_76.csv,True,CLEAN,67.68520143478838,61.60970145266669,-0.12804797046107053,47.97209287960081,35.71511539692895,67.68520143478838,22.840810328804515,83.55430134089286,33.459018113521786,111.20630857761378,18.21917777863835,Left,0
cellula_MI_data_77.csv,True,CLEAN,63.67586884041815,62.4518357697585,-0.11984055400257755,63.67586884041815,28.78754197416522,54.719652685999655,28.217075920988414,89.22832821854037,32.59678617148782,108.42710108300713,19.555127605998674,Left,0
cellula_MI_data_78.csv,False,extreme_ptp_amplitude_FZ_(214.4uV>200.0uV),214.412838251018,137.42372869054364,0.6108333247289783,214.412838251018,53.889217779619344,186.46869718279777,84.61725090041026,251.05159926907393,38.14772849549877,217.7678239620903,42.72776303551162,Right,1
cellula_MI_data_79.csv,True,CLEAN,54.08204787367764,56.833406424762344,-0.17459760230366703,53.05540468630813,28.637448445910636,54.08204787367764,24.918415847834797,75.95723210989443,32.46149870824791,100.8751371965227,18.039757684384327,Right,1
cellula_MI_data_80.csv,True,CLEAN,171.02024486607732,94.2595841807497,0.1901568330146186,171.02024486607732,31.5905121584968,111.33383440078856,78.27581183492367,176.18905302315113,31.688732337515113,130.88647540083605,38.27407596149649,Left,0
cellula_MI_data_81.csv,True,CLEAN,54.91120290691617,57.68786593910752,-0.16627006483271994,53.59678274198761,31.11715601128182,54.91120290691617,27.289990487223005,82.03163950951283,30.460056351374114,99.11496428819395,19.144803607349196,Right,1
cellula_MI_data_82.csv,True,CLEAN,154.55095646559892,117.40240993308399,0.4157061368735126,108.58558547013376,132.84982980855776,154.55095646559892,110.21155427111219,111.82473345675305,99.05402212802296,198.91178404552676,59.81910010203316,Left,0
cellula_MI_data_83.csv,True,CLEAN,51.63308557726499,52.07820401929131,-0.22094166606407228,48.29339802601659,33.312306368604084,51.63308557726499,28.02927885811203,73.44739101448721,27.396282311348628,86.90702648781557,20.562116263513854,Left,0
cellula_MI_data_84.csv,True,CLEAN,161.69711938964835,126.29111192064416,0.5023351668354716,133.3792536638948,153.63993413592908,161.69711938964835,121.07559197787995,132.94258458498615,115.4911356050001,182.66936011640198,74.06136737618841,Left,0
cellula_MI_data_85.csv,True,CLEAN,54.42909837340042,56.247762402039676,-0.18030527184444883,52.053942006014736,33.095387269923506,54.42909837340042,27.88022899300715,75.9583114444206,30.499429838127536,99.44499162833694,19.088316697273616,Right,1
cellula_MI_data_86.csv,False,extreme_ptp_amplitude_FZ_(10980.3uV>200.0uV); extreme_ptp_amplitude_C3_(10399.3uV>200.0uV); extreme_ptp_amplitude_CZ_(9572.0uV>200.0uV); extreme_ptp_amplitude_C4_(10140.8uV>200.0uV); statistical_variance_outlier_(z=4363.84),10980.267903665139,447832.8728080738,4363.8376043885355,10980.267903665139,10399.306236962879,9571.989264812508,10140.815716511306,510303.7260528618,457864.45026047976,387464.0684305115,435699.24648844224,Right,1
cellula_MI_data_87.csv,True,CLEAN,117.01154088625297,75.62993003765615,0.008592767844967172,107.65538771829554,46.87515027874796,117.01154088625297,37.68223484436233,108.53453830413157,33.916995444572834,139.09218817198962,20.975998229930614,Left,0
cellula_MI_data_88.csv,True,CLEAN,69.24363380316086,54.95383408361089,-0.19291585944460327,62.85527949432152,28.79644050918056,69.24363380316086,26.125018453749426,78.48301608585804,27.592174338629697,93.77372606143895,19.966419848516885,Right,1
cellula_MI_data_89.csv,True,CLEAN,199.95391050965978,119.52853688533108,0.436427308053164,199.95391050965978,49.7600161023944,158.0905476540006,84.7448732578397,213.73767939655446,35.70323774137858,185.3181744865651,43.355055916826124,Right,1
cellula_MI_data_90.csv,True,CLEAN,74.6081049897635,56.83261985310284,-0.17460526820808744,47.185283268129574,50.301409674590005,74.6081049897635,41.323462064945126,68.63389349172935,34.74076800339441,101.96289319036461,21.99292472692298,Right,1
cellula_MI_data_91.csv,True,CLEAN,153.4876601576286,84.5630888480364,0.09565507270369786,153.4876601576286,49.82484287666539,138.68007069998714,62.97773090754312,134.55724505850378,30.160323785431018,140.40235866750265,33.13242788070811,Left,0
cellula_MI_data_92.csv,True,CLEAN,51.568646936229975,47.39117487200586,-0.2666213152413103,45.73378776805389,29.871074786455438,51.568646936229975,26.313477483165723,56.60832287498783,25.911943861531334,86.12090356762447,20.923529183879815,Left,0
cellula_MI_data_93.csv,True,CLEAN,51.61887559546347,55.33210341547484,-0.18922925758421996,43.4297052902113,28.872131894551895,51.61887559546347,30.704549965416774,67.49518811587193,30.82990812701753,97.4258694379661,25.577447981043804,Right,1
cellula_MI_data_94.csv,False,extreme_ptp_amplitude_FZ_(200.4uV>200.0uV),200.39092437104523,105.75931445135879,0.30223286836390234,200.39092437104523,45.19328239455687,157.2965234686304,95.56504157871002,197.22252766897174,26.854412734320135,152.7979621654241,46.162355236719165,Right,1
cellula_MI_data_95.csv,True,CLEAN,196.2107805696019,92.29182095525263,0.17097907009060623,90.15270675974455,103.90845205524147,196.2107805696019,25.054748878635763,76.7704446823269,60.504384475548434,214.1641422684337,17.728312394701486,Right,1
cellula_MI_data_96.csv,False,extreme_ptp_amplitude_FZ_(24659.1uV>200.0uV); extreme_ptp_amplitude_C3_(37172.0uV>200.0uV); extreme_ptp_amplitude_CZ_(45113.1uV>200.0uV); extreme_ptp_amplitude_C4_(32600.2uV>200.0uV); statistical_variance_outlier_(z=52017.68),45113.09124113682,5337427.052409238,52017.6796703387,24659.145227098717,37171.99595330004,45113.09124113682,32600.240514935496,2554309.180635989,5797566.997034474,8536675.994477322,4461156.037489166,Right,1
cellula_MI_data_97.csv,True,CLEAN,52.13264348396854,34.51426507285235,-0.39211930205305023,34.472296959945666,30.004083649865635,52.13264348396854,22.409431908679544,43.58562800459244,19.484565177942528,59.48993661552989,15.49693049334457,Left,0
cellula_MI_data_98.csv,False,extreme_ptp_amplitude_FZ_(15390.4uV>200.0uV); extreme_ptp_amplitude_C3_(5108.5uV>200.0uV); extreme_ptp_amplitude_CZ_(15629.6uV>200.0uV); extreme_ptp_amplitude_C4_(4869.7uV>200.0uV); statistical_variance_outlier_(z=5506.10),15629.636970212756,565036.0618338461,5506.0964615265375,15390.392971946685,5108.537407720947,15629.636970212756,4869.655449849625,1007790.113426761,111245.4492224248,1040328.0256008776,100780.65908532112,Left,0
cellula_MI_data_99.csv,True,CLEAN,113.1120472953331,55.56459404791693,-0.18696341067070135,70.42105748732162,90.87121930906113,113.1120472953331,74.80630279845643,55.44460156440147,44.773033391509564,87.90242963821129,34.13831159754539,Right,1
cellula_MI_data_100.csv,False,extreme_ptp_amplitude_FZ_(2639.3uV>200.0uV); extreme_ptp_amplitude_C3_(5326.4uV>200.0uV); extreme_ptp_amplitude_CZ_(8938.3uV>200.0uV); extreme_ptp_amplitude_C4_(978.9uV>200.0uV); statistical_variance_outlier_(z=1152.88),8938.301194602689,118367.36831805824,1152.8764201974893,2639.2538486210124,5326.433278356308,8938.301194602689,978.8569834094114,28418.143474268436,115572.93072533119,325590.5155356746,3887.8835369587987,Left,0
cellula_MI_data_101.csv,True,CLEAN,52.57585109727149,39.041796161394544,-0.34799411629792737,42.38871857388041,27.94916336321519,52.57585109727149,23.795336091237555,53.835108119648076,19.046085697656736,68.91390839277054,14.372082435502804,Left,0
cellula_MI_data_102.csv,False,extreme_ptp_amplitude_FZ_(28094.6uV>200.0uV); extreme_ptp_amplitude_C3_(28458.1uV>200.0uV); extreme_ptp_amplitude_CZ_(29189.3uV>200.0uV); extreme_ptp_amplitude_C4_(28823.4uV>200.0uV); statistical_variance_outlier_(z=33631.98),29189.330088937848,3450934.2108354503,33631.97553441065,28094.606144352896,28458.078138281453,29189.330088937848,28823.389040832146,3320304.6395649435,3405975.0920090256,3582713.140711133,3494743.9710567007,Right,1
cellula_MI_data_103.csv,True,CLEAN,41.6927164723883,32.54079190198596,-0.41135271393786393,41.6927164723883,23.525290505194473,35.51909650816376,26.2364732113944,45.83619470642273,17.433197171189974,50.42047018450639,16.47330554582476,Left,0
cellula_MI_data_104.csv,True,CLEAN,42.51602978424969,32.93352647919661,-0.4075251342188124,34.85698560139248,25.821782545554672,42.51602978424969,22.73672856850226,47.17178214434552,17.10360735630269,51.99323025142245,15.465486164715779,Right,1
cellula_MI_data_105.csv,True,CLEAN,135.6258390196144,63.75101524954471,-0.1071787887372023,81.87446661246275,67.5435587184723,135.6258390196144,22.557327201861533,78.56024520349563,33.246661197394666,125.1459081234234,18.051246473865163,Left,0
cellula_MI_data_106.csv,True,CLEAN,53.252621382684914,33.972740754414005,-0.39739698224446385,37.41039430134799,25.729639448558345,53.252621382684914,21.86676427453994,49.904966532674536,17.14712604418901,53.91870466441414,14.920165776378312,Left,0
cellula_MI_data_107.csv,False,extreme_ptp_amplitude_FZ_(3354.0uV>200.0uV); extreme_ptp_amplitude_C3_(4706.7uV>200.0uV); extreme_ptp_amplitude_CZ_(8425.6uV>200.0uV); extreme_ptp_amplitude_C4_(378.3uV>200.0uV); statistical_variance_outlier_(z=1033.17),8425.603078683502,106085.07799989331,1033.173577480648,3354.0234078206145,4706.683708361432,8425.603078683502,378.2831609721843,45544.735176855414,90008.18540143422,288217.32233682316,570.06908446048,Right,1
cellula_MI_data_108.csv,False,extreme_ptp_amplitude_FZ_(6012.1uV>200.0uV); extreme_ptp_amplitude_C3_(1782.4uV>200.0uV); extreme_ptp_amplitude_CZ_(332.4uV>200.0uV); extreme_ptp_amplitude_C4_(3903.1uV>200.0uV); statistical_variance_outlier_(z=539.72),6012.068212873878,55453.06194443428,539.715427793406,6012.068212873878,1782.411146037542,332.4396634142895,3903.058991742619,146604.8372525735,12875.85680668428,490.5298761600002,61841.02384231936,Left,0
cellula_MI_data_109.csv,True,CLEAN,30.107402493920716,19.294045798947252,-0.5404551145656065,30.107402493920716,10.408315617083343,9.538966643818934,29.412969742346885,36.19147850006989,3.292575595112948,3.562313613198447,34.12981548740772,Right,1
cellula_MI_data_110.csv,True,CLEAN,44.60544901254361,18.516865052070912,-0.5480294954258527,44.60544901254361,11.64572314082948,14.186465593147801,41.92660770592188,34.402528700598374,3.225675370949733,3.382864119393386,33.056392017342155,Right,1
cellula_MI_data_111.csv,False,extreme_ptp_amplitude_FZ_(253.9uV>200.0uV); extreme_ptp_amplitude_C4_(226.7uV>200.0uV),253.91512315552148,143.06621566209145,0.6658248379557986,253.91512315552148,47.37372204672166,74.07956180851146,226.66188075689084,295.3064226682587,12.054081383860396,25.57639357842559,239.32796501782113,Left,0
cellula_MI_data_112.csv,True,CLEAN,35.535928841872945,18.182825175830292,-0.5512850383035233,35.535928841872945,28.158960643879876,11.01214849328764,31.42639473088814,32.54384891834072,6.752800753097661,3.347843554642673,30.086807477240114,Left,0
cellula_MI_data_113.csv,False,extreme_ptp_amplitude_FZ_(7227.6uV>200.0uV); extreme_ptp_amplitude_C3_(5350.2uV>200.0uV); extreme_ptp_amplitude_CZ_(2875.9uV>200.0uV); extreme_ptp_amplitude_C4_(9701.9uV>200.0uV); statistical_variance_outlier_(z=1881.07),9701.91427214538,193084.9142189854,1881.0714403021218,7227.607792530873,5350.204407158651,2875.8979275441416,9701.91427214538,220158.59394706844,120631.43151521332,34854.71287321173,396694.91854044807,Right,1
cellula_MI_data_114.csv,True,CLEAN,30.821340865080103,13.543052466849542,-0.5965041276132437,22.5830839391271,16.287192508695867,8.628765567076421,30.821340865080103,15.91167292068183,7.610004305565209,2.1408045321417672,28.509728109009355,Left,0
cellula_MI_data_115.csv,True,CLEAN,32.04445849390814,13.008199742189948,-0.6017167866465442,22.78086519233956,16.510458424350084,7.452188467253652,32.04445849390814,14.540083499513806,7.7306155498879905,1.8605594133362937,27.901540506021703,Left,0
cellula_MI_data_116.csv,True,CLEAN,30.221753009741285,14.093736275915028,-0.5911371792936956,21.74196404161838,16.014976325993878,7.691209885675638,30.221753009741285,15.642113236732117,8.449292788823094,1.9856831819805303,30.29785589612437,Left,0
cellula_MI_data_117.csv,False,extreme_ptp_amplitude_FZ_(231.1uV>200.0uV); extreme_ptp_amplitude_C4_(305.4uV>200.0uV),305.3916425481669,197.72398168116945,1.1985178292099843,231.0893512394186,167.5505149964624,93.2482236877141,305.3916425481669,229.3160989220785,120.81146020877827,36.64424832069863,404.12411927312246,Left,0
cellula_MI_data_118.csv,True,CLEAN,46.41345154817867,30.855273074766536,-0.4277797311996629,46.41345154817867,25.669916063038343,45.6383636286462,30.75823706861367,41.20089333328679,17.82830934751371,47.56686117985635,16.825028438409287,Right,1
cellula_MI_data_119.csv,True,CLEAN,112.32983710763935,63.33493680989653,-0.11123387705777503,49.38417306488138,49.62413588213728,112.32983710763935,48.4632465162335,54.107837326868946,26.774677946990856,147.4756942819412,24.981537683785135,Left,0
cellula_MI_data_120.csv,True,CLEAN,45.47653674548468,30.535362667132535,-0.43089756868896717,45.47653674548468,25.79538868955033,45.06101532070965,26.95892808069062,44.30204744750188,16.591763343706027,48.86800397334152,12.379635903980715,Left,0
cellula_MI_data_121.csv,True,CLEAN,55.26433830883025,30.263564448208196,-0.4335465061923007,38.82302244303385,25.56521066338521,55.26433830883025,22.37563523617445,39.254719405978655,15.569553088187545,53.75883937932814,12.471145919338444,Left,0
cellula_MI_data_122.csv,False,extreme_ptp_amplitude_CZ_(229.3uV>200.0uV),229.27789954604998,116.80347259182298,0.40986891103850887,49.09499909196197,171.60187515644742,229.27789954604998,88.33935269823785,47.159475946664614,129.53046224045508,249.66241872404441,40.861533456127795,Right,1
cellula_MI_data_123.csv,True,CLEAN,79.67460527635897,34.77463394829487,-0.3895817545974782,79.67460527635897,38.097791583222964,34.947656578116536,49.052863925644296,55.97574812503697,19.342413909161195,44.62647888240638,19.153894876574924,Left,0
cellula_MI_data_124.csv,True,CLEAN,56.431702457062954,29.50537028369233,-0.44093584437539535,56.431702457062954,20.842635803215224,45.37986514132639,28.44102592777707,44.94099109052088,15.00207926373446,45.743727949201784,12.3346828313122,Left,0
cellula_MI_data_125.csv,True,CLEAN,95.62893897370716,40.13168061688923,-0.33737213422650025,31.51292471311268,72.8253231970472,95.62893897370716,32.00309832705746,36.691557608614964,32.752929272864634,77.67541229797443,13.406823288102876,Left,0
cellula_MI_data_126.csv,True,CLEAN,89.30113458424273,55.59977921977379,-0.18662049701342376,50.57259730162788,26.69814488252612,89.30113458424273,36.15480703148072,54.99412351638632,18.63437591270409,125.99412964462125,22.776487805383493,Left,0
cellula_MI_data_127.csv,True,CLEAN,116.59787401208436,55.75484120278405,-0.18510926745583975,61.31364158843773,61.94094527999874,116.59787401208436,22.727905262571483,68.51568179732591,31.490960457774857,111.59799376614741,11.414728789888008,Right,1
cellula_MI_data_128.csv,True,CLEAN,63.12102683075258,45.91054621483504,-0.28105147888996174,43.17450767002376,34.70287694466546,63.12102683075258,18.262124666544892,64.58409926781468,23.214486216208652,83.88982496596283,11.953774409353958,Right,1
cellula_MI_data_129.csv,True,CLEAN,80.13493283426062,46.66624257403074,-0.273686484244565,80.13493283426062,43.859560269150734,45.51865328625057,49.86506930787523,72.20314400835652,25.884086941794717,69.90275970731541,18.674979638656307,Right,1
cellula_MI_data_130.csv,True,CLEAN,75.09946433916997,47.88573094234931,-0.2618013862240465,65.47342403078738,28.107115674249393,75.09946433916997,32.0927066752507,68.99452119862421,20.913870909988663,85.9843121364027,15.65021952438166,Left,0
cellula_MI_data_131.csv,False,extreme_ptp_amplitude_FZ_(5224.6uV>200.0uV); extreme_ptp_amplitude_C3_(4855.3uV>200.0uV); extreme_ptp_amplitude_CZ_(9845.9uV>200.0uV); extreme_ptp_amplitude_C4_(233.6uV>200.0uV); statistical_variance_outlier_(z=1453.91),9845.933057953207,149255.27256450837,1453.9090328525926,5224.585215352368,4855.328729130357,9845.933057953207,233.5861917845982,109794.93908434681,95393.21180898129,391616.1627524312,216.77661227426287,Right,1
cellula_MI_data_132.csv,False,extreme_ptp_amplitude_FZ_(5219.4uV>200.0uV); extreme_ptp_amplitude_C3_(3769.4uV>200.0uV); extreme_ptp_amplitude_CZ_(1950.1uV>200.0uV); extreme_ptp_amplitude_C4_(3399.9uV>200.0uV); statistical_variance_outlier_(z=562.39),5219.353175672568,57779.91193451833,562.3928398373781,5219.353175672568,3769.4315638023036,1950.0641113739146,3399.8801092592303,111237.11005178848,57559.48714498481,15282.716702912745,47040.33383838726,Left,0
cellula_MI_data_133.csv,True,CLEAN,45.06794900957759,39.37314339376212,-0.3447648158488005,44.35466367698577,27.634235274620337,45.06794900957759,20.351502179024752,57.24495269992862,20.46684387428508,69.82829536069706,9.952481640137723,Right,1
cellula_MI_data_134.csv,False,extreme_ptp_amplitude_FZ_(333.0uV>200.0uV),332.9730222635609,190.6913094655188,1.1299776111967281,332.9730222635609,69.14227109782951,123.04846900641301,153.17798642791124,499.7804305184731,37.35357782320051,121.44573259316554,104.185496927236,Left,0
cellula_MI_data_135.csv,True,CLEAN,48.45338738904378,42.82576463487367,-0.31111567007227,47.24670040314544,23.542788684163284,48.45338738904378,17.374338925308603,59.234535765057814,21.133615423095424,82.50002241477965,8.434884936561826,Left,0
cellula_MI_data_136.csv,False,extreme_ptp_amplitude_CZ_(234.9uV>200.0uV),234.9371548517612,147.25897849968305,0.7066873821146009,81.86339805003317,143.63622310839318,234.9371548517612,76.61880940455114,80.78906542115317,116.82145687417271,353.0667772010038,38.358614502402546,Right,1
cellula_MI_data_137.csv,True,CLEAN,48.8979839227746,39.26145038590968,-0.3458533726411569,39.85655727985247,27.21010035450655,48.8979839227746,19.938403523640375,53.596577942552045,19.13812183089274,71.56225491769871,12.748846852495227,Right,1
cellula_MI_data_138.csv,True,CLEAN,112.15465992179291,52.23497104020049,-0.2194138192569238,37.53627856990546,67.32320632555707,112.15465992179291,28.973034870635843,50.99144627327012,35.446949534460096,109.01178048874831,13.489707864323421,Right,1
cellula_MI_data_139.csv,False,extreme_ptp_amplitude_CZ_(228.1uV>200.0uV),228.13199567887216,113.0881571772981,0.37365955552029684,146.50499572646123,100.5681288293743,228.13199567887216,28.975565756008116,121.02078914856058,58.920578743150585,260.25299940395655,12.158261413524713,Left,0
cellula_MI_data_140.csv,True,CLEAN,49.47300228437368,39.64722665095926,-0.34209360842919845,41.5370514095135,24.617099666291324,49.47300228437368,18.545178848267078,53.12451405664339,20.0367571884487,76.30970245522634,9.117932903518595,Right,1
cellula_MI_data_141.csv,False,extreme_ptp_amplitude_FZ_(34402.1uV>200.0uV); extreme_ptp_amplitude_C3_(34191.5uV>200.0uV); extreme_ptp_amplitude_CZ_(67813.6uV>200.0uV); extreme_ptp_amplitude_C4_(780.3uV>200.0uV); statistical_variance_outlier_(z=70926.70),67813.61676966389,7277615.700863428,70926.70157185096,34402.112682858984,34191.54680788574,67813.61676966389,780.289101822329,4954660.39226158,4895957.676881539,19257303.122233592,2541.6120770062203,Left,0
cellula_MI_data_142.csv,True,CLEAN,58.63372461109624,41.230104977506315,-0.3266669224891719,40.9549501606654,34.84429035341676,58.63372461109624,18.041775179164482,54.24122047305762,21.420910625688432,79.86691491784612,9.391373893433077,Right,1
cellula_MI_data_143.csv,False,extreme_ptp_amplitude_FZ_(398.3uV>200.0uV),398.3222423815919,332.8724778101348,2.5156711252542223,398.3222423815919,56.43449779751934,182.43208490845961,178.60042825978584,891.3382893542095,30.48498213361311,234.53909421957377,175.12754553314278,Right,1
cellula_MI_data_144.csv,True,CLEAN,145.47683470609914,64.0143091404473,-0.10461273416638618,145.47683470609914,53.00163397116515,49.6606621682655,80.34845936364519,123.79851247756675,26.245318043441603,74.56664970270407,31.446756338076778,Right,1
cellula_MI_data_145.csv,True,CLEAN,141.07958487923827,68.95804196396091,-0.05643125845807124,129.40032944584615,141.07958487923827,34.536532043893246,76.63663078603763,110.72492517757847,115.33749817844317,8.768749531168194,41.00099496865383,Right,1
cellula_MI_data_146.csv,True,CLEAN,42.67709525687426,15.52144738405799,-0.5772227485323278,22.681017717028368,42.67709525687426,7.035221125709228,31.632301036710444,10.047864979905702,34.351937295414714,0.9201817135188405,16.765805547392695,Left,0
cellula_MI_data_147.csv,True,CLEAN,41.61246677188291,14.560730386296838,-0.5865858683332268,26.511894726729942,41.61246677188291,7.303137724880408,24.119653926506928,10.516947025320851,32.18537844357208,0.8671518666916365,14.673444209602783,Left,0
cellula_MI_data_148.csv,True,CLEAN,46.68791899281973,16.124819088193952,-0.5713423055262574,21.34152929349502,46.68791899281973,6.3134718154425755,38.65070922337297,10.428928755701525,34.71205741626426,0.8854458844270517,18.47284429638298,Right,1
cellula_MI_data_149.csv,True,CLEAN,34.18618150521214,12.520220672172755,-0.6064726164107201,22.08525595227844,34.18618150521214,5.850676127086551,22.766284981161846,8.99865869869388,27.20729854440552,0.7639377278797164,13.110987717711902,Right,1
cellula_MI_data_150.csv,True,CLEAN,49.637900837974776,15.93972313513105,-0.5731462452787841,20.446781710115758,49.637900837974776,6.782466770197232,42.32325750690242,8.931570808353246,34.56697901403317,0.8751762097710801,19.385166508366698,Right,1
cellula_MI_data_151.csv,True,CLEAN,55.47583781162447,15.314492260678024,-0.5792397271203326,36.032814835199446,55.47583781162447,9.400394825710762,30.79414704772273,11.520521621487555,33.84623448704961,0.885199040891599,15.006013893283338,Right,1
cellula_MI_data_152.csv,False,extreme_ptp_amplitude_C3_(3390.7uV>200.0uV); extreme_ptp_amplitude_C4_(3690.0uV>200.0uV); statistical_variance_outlier_(z=246.81),3690.042823384336,25398.632787905553,246.80583902169934,127.80621168813286,3390.706648855837,179.93110125095063,3690.042823384336,69.43438057574762,46386.00357018677,130.43532913003284,55008.65787172967,Left,0
cellula_MI_data_153.csv,True,CLEAN,34.220857252838094,11.967762563302598,-0.6118568570043432,21.974509259005444,34.220857252838094,5.00806628190411,25.129577751227202,8.012931613203193,25.489040300994965,0.5116829537444718,13.857395385267766,Right,1
cellula_MI_data_154.csv,False,extreme_ptp_amplitude_FZ_(9499.4uV>200.0uV); extreme_ptp_amplitude_C3_(12765.6uV>200.0uV); extreme_ptp_amplitude_CZ_(2237.5uV>200.0uV); extreme_ptp_amplitude_C4_(5504.5uV>200.0uV); statistical_variance_outlier_(z=2739.94),12765.638293041793,281210.45100493456,2739.9403479702937,9499.352309713187,12765.638293041793,2237.5059017083167,5504.451900353269,351419.70242453093,635505.6768771246,19508.15491289125,118408.26980519152,Right,1
cellula_MI_data_155.csv,True,CLEAN,145.82004856499574,49.61338223077495,-0.24496374722587788,36.8680983413185,145.82004856499574,12.382543144357555,122.79273167003961,11.662979975853657,109.75054983724516,1.001155282627936,76.03884382737306,Left,0
cellula_MI_data_156.csv,False,flatline_dead_channel_CZ_(var=3.5396e-01),37.9930399539508,12.063095828290336,-0.6109277417881337,21.213129570256214,36.68602210425027,4.439297365367459,37.9930399539508,6.809088978807529,24.341473044806495,0.3539623826926595,16.747858906854663,Left,0
cellula_MI_data_157.csv,True,CLEAN,162.56458211253516,69.64466204316754,-0.04973947921996439,161.29352829959333,162.56458211253516,51.52456787466876,54.15021771803475,120.90417739034157,125.87868637064565,11.96593338520327,19.82985102647969,Left,0
cellula_MI_data_158.csv,True,CLEAN,43.445872713076554,12.97137473123019,-0.6020756821278244,32.525652077270145,43.445872713076554,12.303780829302099,26.137388411403627,18.911744667165692,24.93949001687565,2.1922808440593964,5.8419833968200185,Left,0
cellula_MI_data_159.csv,True,CLEAN,72.18732187582741,19.053548731813446,-0.5427989919577898,64.765836745874,72.18732187582741,21.99474612782965,29.801291965157276,30.569974439027376,35.45322170338813,3.3343360693287685,6.856662715509505,Left,0
cellula_MI_data_160.csv,True,CLEAN,34.99864017362872,12.459786331352998,-0.6070616077312675,32.2097352115233,34.99864017362872,11.099097435964651,13.888002398070064,19.678262208992802,23.77295574123353,2.182950900637724,4.20497647454793,Right,1
cellula_MI_data_161.csv,True,CLEAN,44.09064458589092,15.661922841008572,-0.5758536788316985,44.09064458589092,35.14308584874145,14.86230566647712,13.113488149351355,30.586319041054416,25.239780681669398,3.544913073459934,3.2766785678505457,Left,0
cellula_MI_data_162.csv,False,extreme_ptp_amplitude_FZ_(1772.3uV>200.0uV); extreme_ptp_amplitude_C3_(2187.0uV>200.0uV); extreme_ptp_amplitude_CZ_(714.2uV>200.0uV); extreme_ptp_amplitude_C4_(1129.3uV>200.0uV); statistical_variance_outlier_(z=85.40),2187.018091609687,8837.075166382707,85.39738214919902,1772.284009630905,2187.018091609687,714.2353238104977,1129.3294413341612,11413.936360937016,17418.38066828986,1857.3843951963715,4658.59924110758,Left,0
cellula_MI_data_163.csv,True,CLEAN,86.57574056717368,53.19652884703119,-0.21004250495539026,77.06249081636187,74.80003918525878,21.657392571535212,86.57574056717368,99.32515196374663,62.75497908858122,9.25074483980435,41.45523949599255,Right,1
cellula_MI_data_164.csv,True,CLEAN,32.11758516906159,12.421533773218083,-0.6074344160456231,21.209493758036515,32.11758516906159,5.631081184656567,23.152710935561217,9.989625509158127,25.57993049144437,0.6703909038495208,13.446188188420317,Left,0
cellula_MI_data_165.csv,False,extreme_ptp_amplitude_FZ_(6938.1uV>200.0uV); extreme_ptp_amplitude_C3_(9492.1uV>200.0uV); extreme_ptp_amplitude_CZ_(1703.9uV>200.0uV); extreme_ptp_amplitude_C4_(4258.4uV>200.0uV); statistical_variance_outlier_(z=1644.83),9492.07523410575,168844.65975032633,1644.8266282260931,6938.093822615545,9492.07523410575,1703.8832289264737,4258.362425160043,203947.47036636737,382130.5799832975,12301.91317302717,76998.67547861321,Right,1
cellula_MI_data_166.csv,True,CLEAN,46.30101748510222,15.840300637620885,-0.5741152140357247,29.95918002922965,38.604585726864926,6.021496048300406,46.30101748510222,10.758387108808531,30.92562240576761,0.6540154040674324,21.02317763183997,Left,0
cellula_MI_data_167.csv,True,CLEAN,127.63732219803225,33.2402914998598,-0.4045354112869935,70.93713039738377,127.63732219803225,19.20553480709708,77.1033087200993,25.40250498569803,75.44741327505423,1.7783588901945295,30.332888848492416,Right,1
cellula_MI_data_168.csv,True,CLEAN,63.02060370389201,18.449879479292626,-0.5486823348617287,63.02060370389201,58.44880755280163,14.729269645847246,26.739290612452237,20.969217893344386,35.767289532635175,1.218641600032716,15.844368891158222,Right,1
cellula_MI_data_169.csv,True,CLEAN,31.131637642500664,13.444791841608476,-0.5974617727969839,19.400617267503165,31.131637642500664,4.507740777098377,23.75216060484783,9.184115578351552,28.801361296922753,0.5977739225442253,15.195916568615376,Right,1
cellula_MI_data_170.csv,False,extreme_ptp_amplitude_FZ_(1221.3uV>200.0uV); extreme_ptp_amplitude_C3_(5890.9uV>200.0uV); extreme_ptp_amplitude_CZ_(413.5uV>200.0uV); extreme_ptp_amplitude_C4_(5083.2uV>200.0uV); statistical_variance_outlier_(z=613.30),5890.895791241718,63003.25344927028,613.2993736840815,1221.3375446138452,5890.895791241718,413.5069478769101,5083.245461882548,6094.9312620721175,140647.5768034762,696.2898568178883,104574.21587471491,Left,0
cellula_MI_data_171.csv,True,CLEAN,59.15041936373102,17.323621009444203,-0.5596588170146859,27.917041893349293,59.15041936373102,7.3373823523557675,41.52641619768926,10.966199110946397,38.16037707669343,0.6960768383451478,19.47183101179183,Left,0
cellula_MI_data_172.csv,True,CLEAN,73.40528421560336,27.436089391485442,-0.46110299551417533,38.41934566022229,73.40528421560336,8.212365457037693,42.96002643792798,19.61132870902585,65.43039270443768,0.7465931496962694,23.956043002781968,Left,0
cellula_MI_data_173.csv,False,extreme_ptp_amplitude_FZ_(11466.3uV>200.0uV); extreme_ptp_amplitude_C3_(25493.2uV>200.0uV); extreme_ptp_amplitude_CZ_(2192.7uV>200.0uV); extreme_ptp_amplitude_C4_(16219.7uV>200.0uV); statistical_variance_outlier_(z=10333.63),25493.204063539684,1060372.3607524824,10333.629563696251,11466.253511799307,25493.204063539684,2192.739358313782,16219.689910054167,531413.8290399456,2627133.421254235,19433.12774269493,1063509.0649730538,Left,0
cellula_MI_data_174.csv,False,flatline_dead_channel_CZ_(var=4.2661e-01),56.892694667931835,17.95844281137358,-0.5534718622740714,31.65101041725365,56.892694667931835,7.321938371725196,34.15904890906335,8.347624911556503,42.28415768224373,0.42660916386361686,20.775379487830477,Right,1
cellula_MI_data_175.csv,False,flatline_dead_channel_CZ_(var=3.0852e-01),37.71956813008792,15.53035962745374,-0.5771358900684892,16.033739380437666,37.71956813008792,4.227197053007544,29.75898182653546,6.244696203894862,36.428291181764784,0.30851688349657636,19.13993424065874,Left,0
cellula_MI_data_176.csv,False,flatline_dead_channel_CZ_(var=3.2152e-01),38.652309645175706,17.049350247338566,-0.5623318518516498,19.085058495382192,38.652309645175706,4.5167189128673435,27.848995780771403,6.8253162710998,40.34804802151774,0.32152469257945376,20.70251200415727,Left,0
cellula_MI_data_177.csv,True,CLEAN,74.94770105021365,25.164760412183057,-0.4832393014086494,27.029902427408736,72.83721690493824,10.76493345917439,74.94770105021365,7.289984370562909,52.68354601023535,0.6589917549384768,40.0265195129955,Right,1
cellula_MI_data_178.csv,True,CLEAN,165.9187957095357,59.96100706871633,-0.14411609777428616,15.740252275135244,165.9187957095357,8.559621821236256,150.194604876837,5.781693344382798,132.11828126930058,0.5252390138678711,101.41881464731405,Right,1
cellula_MI_data_179.csv,False,extreme_ptp_amplitude_FZ_(1252.9uV>200.0uV); extreme_ptp_amplitude_C3_(4614.8uV>200.0uV); extreme_ptp_amplitude_C4_(3493.9uV>200.0uV); statistical_variance_outlier_(z=325.41),4614.811296410283,33463.527123932334,325.40606367243805,1252.8698409848698,4614.811296410283,131.84062494060163,3493.8673007843004,5973.802138871795,81227.96034728363,65.96231741320354,46586.38369216073,Right,1
cellula_MI_data_180.csv,True,CLEAN,102.59224605189794,29.756726396371462,-0.43848613504248307,73.65711438010305,102.59224605189794,17.901681693309683,49.559110905189925,23.30629658299491,68.29936722276372,1.338263386410455,26.08297839331675,Left,0
cellula_MI_data_181.csv,True,CLEAN,48.32255885364715,12.360951762144648,-0.60802484655615,48.32255885364715,32.25896452670131,12.04108751832514,35.1790341273978,14.50569398758563,18.07899412456953,0.8691119038962173,15.990007032527213,Left,0
cellula_MI_data_182.csv,True,CLEAN,74.12690307831856,17.742303468377635,-0.5555783499982136,19.96581152744454,66.74038803379592,8.518817859910357,74.12690307831856,7.436383520538856,31.258792537105084,0.6549635435807976,31.619074272285797,Left,0
cellula_MI_data_183.csv,True,CLEAN,103.09686204235265,38.297846996929174,-0.35524462312657795,103.09686204235265,50.449455081999815,28.278481987905195,40.80617699109459,92.42812817278451,29.36885026329215,6.755510968893711,24.63889858274632,Right,1
cellula_MI_data_184.csv,True,CLEAN,82.96445960521964,48.09896054617825,-0.25972325673284236,82.96445960521964,57.51382004763167,21.59256671902034,26.94791276613318,111.08696076989078,58.75166533622977,8.248103326666875,14.309112751925559,Left,0
cellula_MI_data_185.csv,True,CLEAN,55.43868054539336,16.61914366028376,-0.5665246326842124,28.888874060569492,55.43868054539336,7.332687102773711,53.6728000182507,15.18080383333721,28.75487352822912,0.8428874523100587,21.69800982725866,Left,0
cellula_MI_data_186.csv,True,CLEAN,59.35656659985685,14.382418968373191,-0.5883236862044396,39.89064008460064,59.35656659985685,7.759626629665469,32.0700094679149,15.048639867293177,27.964919776596215,0.7252278075418844,13.790888422061485,Right,1
cellula_MI_data_187.csv,False,extreme_ptp_amplitude_FZ_(3778.9uV>200.0uV); extreme_ptp_amplitude_C3_(1253.8uV>200.0uV); extreme_ptp_amplitude_CZ_(924.9uV>200.0uV); extreme_ptp_amplitude_C4_(1604.0uV>200.0uV); statistical_variance_outlier_(z=191.08),3778.871029682415,19680.685711574683,191.0788938175968,3778.871029682415,1253.822169300904,924.8602904720624,1604.0157847057108,58312.21641169765,6390.192694981734,3493.577301190725,10526.756438428616,Left,0
cellula_MI_data_188.csv,False,flatline_dead_channel_CZ_(var=4.1728e-01),43.31545912309744,10.386638627087084,-0.6272664447074383,14.704693149572616,43.31545912309744,4.726798647853613,43.18490773916906,6.394887145105693,18.765141502088262,0.4172817047417735,15.969244156412609,Left,0
cellula_MI_data_189.csv,False,flatline_dead_channel_CZ_(var=4.1919e-01),104.77877169621196,26.160926595717108,-0.4735306948785582,22.1737780541915,104.77877169621196,3.656590963722344,90.01745475173621,7.643849368550408,55.066957059173184,0.4191892334911665,41.51371072165367,Right,1
cellula_MI_data_190.csv,False,flatline_dead_channel_CZ_(var=2.7876e-01),28.49390482388032,9.51175624752571,-0.6357930228262999,17.07653039994756,28.49390482388032,3.7991757932290717,21.875265479804575,5.808850020279693,17.730961477090965,0.27876279631830514,14.228450696413876,Right,1
cellula_MI_data_191.csv,True,CLEAN,80.30831696096065,18.973904452113572,-0.5435752027816059,80.30831696096065,52.497638238490765,18.239267284592263,29.34357162937865,33.35560697271571,25.4425719317733,1.7040627415877938,15.39337616237749,Right,1
cellula_MI_data_192.csv,False,extreme_ptp_amplitude_FZ_(1437.1uV>200.0uV); extreme_ptp_amplitude_C3_(3903.8uV>200.0uV); extreme_ptp_amplitude_CZ_(381.9uV>200.0uV); extreme_ptp_amplitude_C4_(4958.5uV>200.0uV); statistical_variance_outlier_(z=415.84),4958.502172200118,42742.47248162984,415.8383941220718,1437.1117113061737,3903.846432148731,381.9017600932684,4958.502172200118,8453.698056065656,61895.02122563014,596.4744030301138,100024.69624179344,Right,1
cellula_MI_data_193.csv,True,CLEAN,43.591238601315695,12.085790616658976,-0.6107065590435307,41.36917266169496,25.51565805076354,10.165006183409112,43.591238601315695,11.740493143755623,17.704235778148334,0.6661531466378059,18.232280398094137,Right,1
cellula_MI_data_194.csv,False,extreme_ptp_amplitude_FZ_(2149.2uV>200.0uV); extreme_ptp_amplitude_C3_(2386.8uV>200.0uV); extreme_ptp_amplitude_CZ_(465.6uV>200.0uV); extreme_ptp_amplitude_C4_(707.0uV>200.0uV); statistical_variance_outlier_(z=105.49),2386.7617381224795,10899.136061569285,105.49416740789066,2149.155134680051,2386.7617381224795,465.6368020546382,706.9851550736028,18243.38346192375,22526.540897909807,855.914098196337,1970.705788247244,Left,0
cellula_MI_data_195.csv,False,flatline_dead_channel_CZ_(var=3.0197e-01),25.523743167492974,9.465998921515128,-0.636238972389183,14.266536633984076,25.523743167492974,3.1446476519126225,21.952579021043697,5.805918372454479,18.040685024148928,0.30197031195662477,13.715421977500482,Right,1
cellula_MI_data_196.csv,False,extreme_ptp_amplitude_FZ_(1651.6uV>200.0uV); extreme_ptp_amplitude_C3_(4801.1uV>200.0uV); extreme_ptp_amplitude_CZ_(517.9uV>200.0uV); extreme_ptp_amplitude_C4_(5933.3uV>200.0uV); statistical_variance_outlier_(z=612.52),5933.2785393395625,62923.47636136097,612.5218685153351,1651.6069139856272,4801.107225791734,517.8550059394784,5933.2785393395625,11187.235799079279,94733.49342409444,1099.9005018032594,144673.2757204669,Right,1
cellula_MI_data_197.csv,False,extreme_ptp_amplitude_FZ_(2432.0uV>200.0uV); extreme_ptp_amplitude_C3_(2779.9uV>200.0uV); extreme_ptp_amplitude_CZ_(539.4uV>200.0uV); extreme_ptp_amplitude_C4_(892.0uV>200.0uV); statistical_variance_outlier_(z=145.19),2779.9102158805044,14971.838732593358,145.18660868987558,2432.038994229355,2779.9102158805044,539.4271368167772,891.9532703496725,24024.531664463328,31454.8071457238,1181.1433356199038,3226.8727845664066,Left,0
cellula_MI_data_198.csv,False,flatline_dead_channel_CZ_(var=3.2294e-01),66.69697468839226,17.57002879864743,-0.557257333897846,14.72194171230506,66.69697468839226,3.4922936206627906,64.42417214978654,6.097839043285507,34.37573052115353,0.3229405012618767,29.483605128888822,Left,0
cellula_MI_data_199.csv,False,extreme_ptp_amplitude_FZ_(2750.2uV>200.0uV); extreme_ptp_amplitude_C3_(789.6uV>200.0uV); extreme_ptp_amplitude_CZ_(609.0uV>200.0uV); extreme_ptp_amplitude_C4_(1352.6uV>200.0uV); statistical_variance_outlier_(z=99.18),2750.156129559158,10251.304722593391,99.18042209918522,2750.156129559158,789.6437524388642,609.0352520570877,1352.6114912277267,29862.593086647303,2504.9036582716276,1463.8769133921785,7173.845232062457,Left,0
cellula_MI_data_200.csv,False,flatline_dead_channel_CZ_(var=4.3808e-01),26.03965914015781,9.359013264510763,-0.6372816514776598,20.273496122958377,23.608535677676144,4.584346708625521,26.03965914015781,9.3602175720392,14.148601512172105,0.43807961856136274,13.489154355270381,Right,1
cellula_MI_data_201.csv,False,extreme_ptp_amplitude_FZ_(3568.2uV>200.0uV); extreme_ptp_amplitude_C3_(1541.3uV>200.0uV); extreme_ptp_amplitude_CZ_(817.2uV>200.0uV); extreme_ptp_amplitude_C4_(4291.0uV>200.0uV); statistical_variance_outlier_(z=336.10),4291.044597262477,34561.01080419947,336.1021075665499,3568.224090581345,1541.3326387980055,817.2090230504818,4291.044597262477,51461.17966586925,9615.872012343292,2699.823990684964,74467.16754790036,Left,0
cellula_MI_data_202.csv,False,flatline_dead_channel_CZ_(var=3.8825e-01),31.996247488819094,9.591430006401303,-0.6350165246992984,19.614214950724012,28.55668343059441,4.712048711765231,31.996247488819094,7.905258589626265,15.136985428229353,0.3882523885671488,14.935223619182448,Right,1
cellula_MI_data_203.csv,False,flatline_dead_channel_CZ_(var=3.9271e-01),36.130688625269,10.718967965597468,-0.6240275726805277,23.327950181863688,33.421867812429234,5.438375788502434,36.130688625269,7.930104752570635,17.470334695393543,0.3927062374993313,17.082726176926364,Right,1
cellula_MI_data_204.csv,True,CLEAN,61.564232330911125,14.660038129656698,-0.5856180179668835,47.19899579881231,39.02184079713443,12.627787916803257,61.564232330911125,12.768309869032752,19.112041251285536,0.8283360168937844,25.931465381414718,Right,1
cellula_MI_data_205.csv,False,flatline_dead_channel_CZ_(var=4.2758e-01),31.250248603384655,10.44447907428348,-0.6267027333983853,19.47554443560929,30.36768409424036,4.396789851729782,31.250248603384655,7.752097467397693,18.011552595228324,0.42758176783619495,15.586684466671711,Left,0
cellula_MI_data_206.csv,False,flatline_dead_channel_CZ_(var=4.5061e-01),23.074796001008202,9.099631529038774,-0.63980957829591,20.01664601432875,23.074796001008202,4.474166901970272,22.314751009130575,8.333696153317273,14.608406344952495,0.45061159993488653,13.005812017950436,Left,0
cellula_MI_data_207.csv,True,CLEAN,83.2377461017052,19.46137216090245,-0.538824356729026,83.2377461017052,73.54297758526194,17.6985790136008,25.317579174816373,30.52135660398833,31.709869870232186,1.4220718437402897,14.192190325648989,Right,1
cellula_MI_data_208.csv,True,CLEAN,94.0796333960651,30.53817138112508,-0.4308701950444288,94.0796333960651,35.436867664752036,32.054334189325,93.33260005916976,55.688029843219965,9.223933280151773,5.9878871404440375,51.252835260684535,Left,0
cellula_MI_data_209.csv,True,CLEAN,32.088635924931694,12.203079446243152,-0.6095634655360117,28.68672021503862,15.272494737688714,10.102331914742594,32.088635924931694,15.838981969736563,6.174244769690004,1.925119111765735,24.873971933780307,Left,0
cellula_MI_data_210.csv,True,CLEAN,121.41169710939499,33.341370850412176,-0.4035502948886947,70.70584367310485,71.39691393963908,16.983310029098924,121.41169710939499,31.927903411066684,24.188118204563523,2.4134803654946517,74.83598142052386,Left,0
cellula_MI_data_211.csv,True,CLEAN,24.442655904745877,10.283519496680345,-0.6282714407406228,23.510828084227693,13.591159442589241,6.563399813621809,24.442655904745877,18.48525548557898,4.050286437811706,1.4787004016828311,17.11983566164786,Right,1
cellula_MI_data_212.csv,True,CLEAN,72.26095450040938,23.010345340010637,-0.5042361677788931,65.71350319285838,53.878505824587315,19.338203096015377,72.26095450040938,36.044594892641754,14.194123622443309,3.048161742854864,38.754501102102616,Left,0
cellula_MI_data_213.csv,False,extreme_ptp_amplitude_FZ_(16662.6uV>200.0uV); extreme_ptp_amplitude_C3_(12131.2uV>200.0uV); extreme_ptp_amplitude_CZ_(6028.1uV>200.0uV); extreme_ptp_amplitude_C4_(22765.7uV>200.0uV); statistical_variance_outlier_(z=9639.97),22765.664088944766,989198.7358020253,9639.973493669,16662.603894425116,12131.154152029423,6028.09395750977,22765.664088944766,1121670.568624133,594565.8859316895,146842.5046361128,2093715.9840161656,Right,1
cellula_MI_data_214.csv,True,CLEAN,26.473712194262273,12.384815909384413,-0.6077922672741419,18.75588804677062,13.655131719979515,6.534814840141389,26.473712194262273,13.63006245192523,7.3025846916739745,1.5603622477803858,27.04625424615806,Left,0
cellula_MI_data_215.csv,True,CLEAN,107.5795586417547,36.77480104978887,-0.3700881844444069,76.06226122541136,49.737548803661134,26.1817246033802,107.5795586417547,49.26730261117898,21.38651580573321,5.133534124245842,71.31185165799745,Left,0
cellula_MI_data_216.csv,True,CLEAN,107.82279746998387,31.196417004065278,-0.4244549524283731,71.17845682973612,49.08558990644129,12.990343961090979,107.82279746998387,32.7734253252338,17.001591737000062,2.018707476607876,72.99194347741937,Right,1
cellula_MI_data_217.csv,False,extreme_ptp_amplitude_FZ_(2535.2uV>200.0uV); extreme_ptp_amplitude_C3_(6477.6uV>200.0uV); extreme_ptp_amplitude_CZ_(1042.6uV>200.0uV); extreme_ptp_amplitude_C4_(7970.2uV>200.0uV); statistical_variance_outlier_(z=1013.90),7970.201804778237,104107.58312474896,1013.9009701834017,2535.1669959858446,6477.601619572932,1042.5668107805313,7970.201804778237,23814.290409421043,154448.21304825525,4016.4379754223423,234151.3910658972,Left,0
cellula_MI_data_218.csv,True,CLEAN,46.956232188196225,11.530065049781369,-0.616122644187463,18.200148220845698,46.22647868417935,6.493753676811785,46.956232188196225,7.2420163996614635,19.542866968903702,0.5143805849375531,18.82099624562276,Left,0
cellula_MI_data_219.csv,False,extreme_ptp_amplitude_FZ_(2302.9uV>200.0uV); extreme_ptp_amplitude_C3_(454.0uV>200.0uV); extreme_ptp_amplitude_CZ_(585.5uV>200.0uV); extreme_ptp_amplitude_C4_(1267.6uV>200.0uV); statistical_variance_outlier_(z=66.54),2302.8559311110557,6902.094375753547,66.53911587794566,2302.8559311110557,454.0244292616858,585.5331027185034,1267.5933711498792,19597.927364701187,740.7609801449499,1268.8841764140375,6000.804981754012,Left,0
cellula_MI_data_220.csv,False,flatline_dead_channel_CZ_(var=4.8985e-01),35.824573376188305,9.647069269962936,-0.6344742660616607,20.480967718552805,35.824573376188305,4.666060881084878,29.47906816652474,7.582654619878484,17.135049999286455,0.48984707220033724,13.380725388486463,Left,0
cellula_MI_data_221.csv,True,CLEAN,112.91121578281906,28.832661518486248,-0.44749204435355505,88.92155042287301,112.91121578281906,17.81728378506397,44.29544160957741,35.14802170875453,59.59624035052929,1.5981323807030567,18.988251633958118,Right,1
cellula_MI_data_222.csv,True,CLEAN,96.5258970421635,25.453465443623834,-0.4804255906043213,94.72839623858022,39.5488709600497,26.93987785744936,96.5258970421635,39.14789053904334,16.434646534444536,3.0672722233115572,43.16405247769592,Right,1
cellula_MI_data_223.csv,True,CLEAN,52.14160823302572,13.287989150020875,-0.5989899672495225,17.297269875553788,52.14160823302572,6.285162634156958,50.903840580895135,6.816453237508096,25.461952002199297,0.5177792899296344,20.35577207044647,Right,1
cellula_MI_data_224.csv,False,flatline_dead_channel_CZ_(var=4.5463e-01),32.32226838329302,10.241888619371732,-0.6286771740549759,18.36467379107912,32.32226838329302,4.718410230154021,26.770742199412503,6.163607193196914,19.477806690191294,0.4546336614748374,14.871506932623888,Left,0
cellula_MI_data_225.csv,True,CLEAN,131.12491038158376,43.31181461899425,-0.3063786411229005,15.717030765051927,131.12491038158376,11.681928348944126,128.3198554443834,6.678977147079693,86.35942806058473,0.9515036358523916,79.25734963246018,Left,0
cellula_MI_data_226.csv,False,extreme_ptp_amplitude_FZ_(1592.9uV>200.0uV); extreme_ptp_amplitude_C3_(640.1uV>200.0uV); extreme_ptp_amplitude_CZ_(1845.1uV>200.0uV); extreme_ptp_amplitude_C4_(404.0uV>200.0uV); statistical_variance_outlier_(z=59.80),1845.1403816892944,6210.952024230035,59.80326270591874,1592.9205380825572,640.0556867319578,1845.1403816892944,404.0348759569363,9864.855673236274,1575.4839999587248,12736.330343953154,667.1380797719895,Right,1
cellula_MI_data_227.csv,True,CLEAN,90.1405585410505,33.69211282313681,-0.4001319738665024,22.06909478506755,8.667812574197313,83.55319615993245,90.1405585410505,11.5619434250797,2.00817274708035,71.36442062318571,49.83391449720149,Right,1
cellula_MI_data_228.csv,True,CLEAN,54.17279435034182,24.665089289461953,-0.48810908157699257,21.330405228517375,8.532976715502485,54.17279435034182,34.192928249171906,11.160399873379946,1.8147595310654903,57.50359823254002,28.181599520862353,Right,1
cellula_MI_data_229.csv,True,CLEAN,47.12809657473028,24.637791837284723,-0.48837512174864595,26.458267401867,8.930522020266952,47.12809657473028,34.00715778686732,11.91023009217916,1.838728233945512,59.94342383444239,24.858785188571822,Right,1
cellula_MI_data_230.csv,True,CLEAN,171.28267765782647,79.25563177873259,0.04392875111906181,67.8293317257941,37.99281260002116,171.28267765782647,150.63734456720482,22.13005202153674,4.103581717656902,175.62711441601198,115.16177895972477,Right,1
cellula_MI_data_231.csv,True,CLEAN,44.9537849103184,22.20359130352165,-0.5120987690559688,15.210136117753635,5.7687390174289845,44.9537849103184,32.459317856434325,7.9134266064805825,1.2058008651018932,58.06088375310368,21.634253989400445,Left,0
cellula_MI_data_232.csv,True,CLEAN,40.17479459218777,20.132599255783813,-0.5322825970665763,40.17479459218777,17.83929332712449,39.59897689448653,25.429868519846917,10.367822141754809,1.9181233945803022,48.50898066008883,19.735470826711303,Right,1
cellula_MI_data_233.csv,True,CLEAN,48.68999159121549,20.28680766855068,-0.5307796863796546,18.76217553404532,7.673191855057212,48.68999159121549,25.154255381474247,7.5307151189254595,1.196396325906982,51.69224585425611,20.72787337511417,Right,1
cellula_MI_data_234.csv,True,CLEAN,42.75915904527293,23.198646031742435,-0.5024009947368989,17.267364339528932,6.5390439510847145,42.75915904527293,25.565406850104804,8.520657418414164,1.2267186107855137,59.83549188473717,23.21171621303289,Left,0
cellula_MI_data_235.csv,True,CLEAN,56.67648809937279,17.05704090163045,-0.5622568989595389,56.67648809937279,22.251630699575507,29.778309512667292,44.19110689325673,18.85535337665117,4.451559896897627,16.236784095086694,28.68446623788631,Left,0
cellula_MI_data_236.csv,True,CLEAN,34.7822332694712,14.062193870958566,-0.5914445906511548,33.879199753061435,12.38788169797376,34.7822332694712,22.809586018361678,11.188338473448823,3.6479068520494273,22.824812985009675,18.587717173326336,Right,1
cellula_MI_data_237.csv,True,CLEAN,27.8665582327483,12.99598532891509,-0.6018358279615794,20.256367146125683,14.331196693308865,27.8665582327483,23.859335737334796,6.847312043869187,2.869931367774263,22.9816166063031,19.28508129771381,Left,0
cellula_MI_data_238.csv,True,CLEAN,105.36732687543378,32.29736526959921,-0.4137251427874399,58.405175189994566,43.79187319908853,105.36732687543378,26.533812204062983,22.411942363914097,12.15997618562334,74.6084609454921,20.0090815833673,Right,1
cellula_MI_data_239.csv,True,CLEAN,70.84779290175297,23.143508191540427,-0.5029383665171185,64.16273855600606,32.69837151917585,51.208146801029415,70.84779290175297,21.007222093825973,5.864818795527981,31.420672567511584,34.28131930929616,Left,0
cellula_MI_data_240.csv,True,CLEAN,35.315639624062534,12.254539446606096,-0.6090619378754464,15.30618014346388,8.312073156322679,35.315639624062534,23.470552073851827,5.104477447121747,1.4827243930142802,24.64372939983814,17.78722654645021,Left,0
cellula_MI_data_241.csv,False,extreme_ptp_amplitude_FZ_(3256.2uV>200.0uV); extreme_ptp_amplitude_C3_(1695.2uV>200.0uV); extreme_ptp_amplitude_CZ_(5030.5uV>200.0uV); statistical_variance_outlier_(z=387.42),5030.460472702401,39826.269515374275,387.41716518533144,3256.150510005577,1695.1887337121861,5030.460472702401,83.64226984800462,43587.4970578358,11808.875495118196,103868.26960970098,40.43589884214766,Right,1
cellula_MI_data_242.csv,False,extreme_ptp_amplitude_FZ_(219.6uV>200.0uV); extreme_ptp_amplitude_C3_(1326.6uV>200.0uV); extreme_ptp_amplitude_CZ_(6861.5uV>200.0uV); extreme_ptp_amplitude_C4_(5319.1uV>200.0uV); statistical_variance_outlier_(z=760.32),6861.538095909085,78089.03323956174,760.3249429158601,219.5974396056531,1326.5517463461629,6861.538095909085,5319.118349265831,240.18958042375013,7120.279928554732,190683.08335309316,114312.58009617531,Right,1
cellula_MI_data_243.csv,True,CLEAN,95.30121676770504,28.093541634334038,-0.45469548515732044,18.224212863172323,6.944042178750074,87.99597898421375,95.30121676770504,5.675647336982184,1.624388413828396,51.52775020223459,53.54638058429097,Left,0
cellula_MI_data_244.csv,True,CLEAN,184.38772510163218,138.90047722869625,0.6252256728510033,184.38772510163218,76.65527286601348,89.32697082906711,134.70591618186276,318.4023844363479,46.195712698065556,78.28202725920391,112.72178452116756,Right,1
cellula_MI_data_245.csv,False,extreme_ptp_amplitude_FZ_(281.6uV>200.0uV); extreme_ptp_amplitude_C4_(257.8uV>200.0uV),281.5685959563781,190.84264037857463,1.1314524778555082,281.5685959563781,86.42972683450432,71.56388617198682,257.7877543259632,371.4030604235559,45.112091781051014,50.80343880664328,296.0519705030484,Left,0
cellula_MI_data_246.csv,True,CLEAN,23.835332959198126,11.479814008618863,-0.6166123893669705,23.835332959198126,16.309943053616536,20.175942270190458,20.881286543149354,11.653337124685912,7.893785263521984,11.964039465530377,14.408094180737182,Left,0
cellula_MI_data_247.csv,True,CLEAN,23.01243335235998,8.920204044325837,-0.6415582733214547,14.183246686908118,14.05480693957973,22.398588543457926,23.01243335235998,5.863362397779281,4.613017142508848,11.423485270689127,13.780951366326091,Right,1
cellula_MI_data_248.csv,True,CLEAN,98.13496316609769,23.127646820573865,-0.5030929509753018,27.808164656027714,7.861114196789313,69.67722698093776,98.13496316609769,7.686349369768298,1.455931169921752,33.748500036713324,49.619806705892096,Right,1
cellula_MI_data_249.csv,False,extreme_ptp_amplitude_FZ_(2215.8uV>200.0uV); extreme_ptp_amplitude_C3_(244.4uV>200.0uV); extreme_ptp_amplitude_CZ_(5611.3uV>200.0uV); extreme_ptp_amplitude_C4_(8069.1uV>200.0uV); statistical_variance_outlier_(z=1039.45),8069.115276303712,106728.5721822756,1039.4450529878657,2215.817445493776,244.39172738365676,5611.283451695638,8069.115276303712,20668.578213574187,251.79458179892325,132240.19254687996,273753.72338684933,Right,1
cellula_MI_data_250.csv,True,CLEAN,29.844509796135103,13.924284056799696,-0.5927886556720698,29.635600870253022,8.6389174935698,27.014006385551518,29.844509796135103,12.644939339577537,1.9800831919066786,21.030824560704794,20.04128913500978,Right,1
cellula_MI_data_251.csv,True,CLEAN,29.450281092791748,13.899323943777262,-0.5930319162045862,19.374104133440692,6.8488762056293275,26.90725084364801,29.450281092791748,12.63190248703941,1.6263325616288726,18.765265053600675,22.573795672840088,Left,0
cellula_MI_data_252.csv,True,CLEAN,27.20318342489878,14.023724184576537,-0.5918195150910651,24.448695075458975,8.569125612545093,24.13606330926164,27.20318342489878,12.650970336064841,1.6213332390315562,19.472414006695733,22.350179156514017,Right,1
cellula_MI_data_253.csv,True,CLEAN,44.302458842197744,15.45026114197977,-0.5779165275685137,31.46209066359646,20.302454617540572,44.302458842197744,42.01285745197768,17.780667996497353,4.073274682075523,16.088960952896066,23.858140936450134,Left,0
cellula_MI_data_254.csv,True,CLEAN,71.41879847601764,17.889323918395714,-0.5541454929863056,44.81470141114626,23.835850183373935,71.41879847601764,24.472273508352394,18.639378729407955,3.8936935563390653,30.68174489183956,18.34247849599627,Right,1
cellula_MI_data_255.csv,True,CLEAN,28.435621736917554,14.35944261460116,-0.5885476130772405,27.926886246218576,10.734501147812637,28.435621736917554,25.235278371789306,19.4952084666129,2.9729480099437264,16.103984983585562,18.86562899826245,Right,1
cellula_MI_data_256.csv,True,CLEAN,48.78347614879817,17.15107439607587,-0.561340451269073,48.78347614879817,21.427327503191215,32.661630126609744,23.520953104985786,26.46395495151328,5.401640468144052,17.015178144352603,19.723524020293542,Right,1
cellula_MI_data_257.csv,True,CLEAN,167.08938053534422,70.2647462952217,-0.043696156210000024,167.08938053534422,64.06303956744765,131.1067727855896,109.8461376238439,121.81924659626831,17.97174916713218,79.34707292051073,61.92091649697559,Left,0
cellula_MI_data_258.csv,False,extreme_ptp_amplitude_FZ_(534.5uV>200.0uV); extreme_ptp_amplitude_C3_(1316.6uV>200.0uV); extreme_ptp_amplitude_CZ_(7884.8uV>200.0uV); extreme_ptp_amplitude_C4_(6036.9uV>200.0uV); statistical_variance_outlier_(z=931.87),7884.753757727212,95690.31181112074,931.8664898006942,534.4692315600396,1316.5531145169352,7884.753757727212,6036.895737490458,1101.620294722935,6604.516250044022,236513.46993986884,138541.64075984716,Left,0
cellula_MI_data_259.csv,True,CLEAN,34.732898669121845,13.85567647750728,-0.5934573031360592,32.029079732398756,9.96895906583256,21.402992062190634,34.732898669121845,16.27796143776692,1.8309758691666576,13.716746118430565,23.59702248466498,Right,1
cellula_MI_data_260.csv,True,CLEAN,38.563060977570245,19.214867973698038,-0.5412267793379699,38.563060977570245,20.6095799133928,25.2560524726048,26.368534273056074,31.33890611748912,6.180378966274488,17.394203680658382,21.945983130370163,Right,1
cellula_MI_data_261.csv,True,CLEAN,47.868028660793684,19.234094441417717,-0.5410393987451138,47.868028660793684,19.461404384069922,34.905967507912855,41.21561346344261,27.90361524685945,3.4161578417828466,20.38555185335315,25.23105282367542,Left,0
cellula_MI_data_262.csv,True,CLEAN,64.72861862864684,15.369202835690304,-0.578706519454173,64.72861862864684,25.21973897234036,8.111301932833229,49.13509494352124,33.59636464664069,5.406273309615198,0.5799710746555332,21.894202311849803,Left,0
cellula_MI_data_263.csv,True,CLEAN,108.26234921342353,26.818708573563704,-0.4671199709340433,108.26234921342353,43.28469914463244,15.472763540527765,81.61046542807438,60.31706812756111,9.992103278931932,1.2137990050692093,35.751863882692575,Left,0
cellula_MI_data_264.csv,True,CLEAN,163.61234209732012,55.219640094322344,-0.1903253218275005,163.61234209732012,68.97512258481966,21.988507799717823,116.62572731221827,128.2407060465009,24.006978811007237,2.358578219579976,66.27229730020129,Left,0
cellula_MI_data_265.csv,False,extreme_ptp_amplitude_FZ_(12234.8uV>200.0uV); extreme_ptp_amplitude_C3_(6054.9uV>200.0uV); extreme_ptp_amplitude_CZ_(645.8uV>200.0uV); extreme_ptp_amplitude_C4_(18935.5uV>200.0uV); statistical_variance_outlier_(z=5446.54),18935.52640667477,558925.575802244,5446.543843129091,12234.78751295614,6054.893202522911,645.8456911957219,18935.52640667477,613907.3865296732,150173.3051927556,1711.943749117341,1469909.66773743,Right,1
cellula_MI_data_266.csv,False,flatline_dead_channel_CZ_(var=4.8859e-01),32.08550792331246,10.846626683375277,-0.6227834145455428,32.08550792331246,12.938910823676526,4.514201535367462,27.395658731586558,23.405199587706754,4.444783782223162,0.48858837681773903,15.047934986753454,Left,0
cellula_MI_data_267.csv,True,CLEAN,111.14687734809927,25.73150082957514,-0.4777158658533094,111.14687734809927,59.701899167423576,18.240727942368274,70.32772107023989,58.04018715549512,15.499404208300291,1.4854806455316603,27.900931308973483,Left,0
cellula_MI_data_268.csv,True,CLEAN,52.57944771582291,15.329913547947536,-0.5790894317050074,52.57944771582291,24.175960558739256,7.456255706998611,36.73112600531623,33.92762708161943,6.8163613788173985,0.732379659922007,19.843286071431308,Left,0
cellula_MI_data_269.csv,True,CLEAN,38.245289031662715,12.789686035643005,-0.6038464148485073,38.245289031662715,17.785473029530426,5.557967838437456,29.94831540538265,28.0240743618957,5.345873372012367,0.6102307981033508,17.178565610560607,Left,0
cellula_MI_data_270.csv,True,CLEAN,45.87888569525234,14.39094201839901,-0.5882406208078172,45.87888569525234,18.662581958064063,6.934796414282424,35.52134558897967,31.616920786569832,5.573521436819838,0.711433111420549,19.661892738785827,Right,1
cellula_MI_data_271.csv,True,CLEAN,41.138473501051095,10.546441898248617,-0.625709006694009,30.332147267719222,27.047220342104033,9.297769815083527,41.138473501051095,10.409015735709332,6.569241937025548,1.2630865488638112,23.94442337139578,Left,0
cellula_MI_data_272.csv,True,CLEAN,132.00156756277573,30.982888790373494,-0.4265359921625792,69.79637079657621,34.84854181177739,28.735999663576237,132.00156756277573,24.872438083865557,8.28054384079403,4.183997714099468,86.59457552273493,Right,1
cellula_MI_data_273.csv,False,extreme_ptp_amplitude_FZ_(1392.2uV>200.0uV); extreme_ptp_amplitude_C3_(1947.1uV>200.0uV); extreme_ptp_amplitude_CZ_(958.8uV>200.0uV); extreme_ptp_amplitude_C4_(4296.5uV>200.0uV); statistical_variance_outlier_(z=241.51),4296.493985095765,24855.33721176385,241.51089620444125,1392.2288847850932,1947.133004824067,958.8465562724941,4296.493985095765,7646.07297331928,15039.303775225857,3638.9643531692072,73097.00774534106,Right,1
cellula_MI_data_274.csv,True,CLEAN,33.04546935937294,8.958906125284685,-0.6411810839707862,24.283904425009098,9.029842962400842,8.015035567354516,33.04546935937294,11.654096406384774,2.1335591493413393,1.119119346860213,20.928849598552414,Right,1
cellula_MI_data_275.csv,True,CLEAN,126.71822079665093,30.196114674537082,-0.4342038697165205,85.78236079462863,15.429973223842026,29.110458834476887,126.71822079665093,36.88012931880377,2.682745332416255,4.091591364751783,77.12999268217652,Left,0
cellula_MI_data_276.csv,True,CLEAN,36.48803566394228,9.647957443425007,-0.6344656099490398,36.013923937539424,12.506964584103073,8.653171929426314,36.48803566394228,13.728909395800095,2.3346343880086713,1.1877606102368974,21.34052537965437,Right,1
cellula_MI_data_277.csv,True,CLEAN,25.41340703913105,7.324063466323694,-0.6571142127768173,18.17547638191599,11.542262945269592,6.2551329591650315,25.41340703913105,9.750830391401553,2.1470023961465596,0.9787586643323659,16.419662413414297,Left,0
cellula_MI_data_278.csv,True,CLEAN,116.42381266316085,24.931500697110742,-0.48551264377902,68.41003685188889,21.65105164915724,28.30218111366034,116.42381266316085,26.31219374800241,3.535748640250691,3.917169273876947,65.96089112631292,Left,0
cellula_MI_data_279.csv,True,CLEAN,28.016267420567168,8.160922055040526,-0.6489582134129808,21.540944580385126,9.051812561252255,6.6109243922239,28.016267420567168,10.76993973545813,2.1759126907449233,1.0798919500739128,18.617943843885136,Left,0
cellula_MI_data_280.csv,True,CLEAN,75.19363907680693,115.08261939884365,0.39309752608001064,74.43006549386175,32.96575549405769,75.19363907680693,27.01302416220142,199.7937937500826,34.203675182850354,202.37788952138303,23.955119141058542,Left,0
cellula_MI_data_281.csv,False,extreme_ptp_amplitude_FZ_(23254.1uV>200.0uV); extreme_ptp_amplitude_C3_(934.2uV>200.0uV); extreme_ptp_amplitude_CZ_(22323.0uV>200.0uV); statistical_variance_outlier_(z=10761.51),23254.052090634963,1104276.1396735155,10761.514510780336,23254.052090634963,934.1726434084103,22323.030837176673,30.274598648891597,2296752.852416113,3657.3687445533255,2116669.880663882,24.45686951343972,Left,0
cellula_MI_data_282.csv,True,CLEAN,140.03076828061893,145.53977610871272,0.6899320858242681,128.183891486488,63.12412890026263,140.03076828061893,50.10697550544762,246.29481540921358,40.83275631806677,268.3722377100272,26.65929499754326,Right,1
cellula_MI_data_283.csv,True,CLEAN,173.01863133270024,139.22504367102022,0.6283888879184091,173.01863133270024,33.5895307213745,166.24396227831232,25.974928342349713,253.6080144814408,26.664187774276485,260.8040911114459,15.82388131691765,Right,1
cellula_MI_data_284.csv,True,CLEAN,102.60357338304544,147.79041932479012,0.7118667888745124,86.53904888954224,48.975630177985195,102.60357338304544,40.49083511554033,210.09736814286708,52.017292354508605,304.4878782680552,24.5591385337296,Right,1
cellula_MI_data_285.csv,True,CLEAN,110.92756731485407,133.3249346655664,0.5708865978734056,90.0778144130478,41.58265349211119,110.92756731485407,22.973736160097147,194.19561558567892,39.17947859882815,286.92354622143563,13.001098256322834,Right,1
cellula_MI_data_286.csv,False,extreme_ptp_amplitude_FZ_(26212.9uV>200.0uV); extreme_ptp_amplitude_CZ_(28800.1uV>200.0uV); extreme_ptp_amplitude_C4_(2526.5uV>200.0uV); statistical_variance_outlier_(z=15691.49),28800.091956861772,1610123.7928432927,15691.490964480701,26212.895767768896,75.80921966994538,28800.091956861772,2526.5283459388847,2905661.6667053835,53.5490769405765,3507836.518277853,26943.43731299459,Right,1
cellula_MI_data_287.csv,True,CLEAN,113.90382329058444,142.56657601647962,0.6609553645624431,97.01009301060833,38.86727247527142,113.90382329058444,25.020304194367668,212.32912386784417,42.33024863803723,299.99308786100454,15.61384369903249,Right,1
cellula_MI_data_288.csv,False,extreme_ptp_amplitude_FZ_(157890.9uV>200.0uV); extreme_ptp_amplitude_C3_(64150.8uV>200.0uV); extreme_ptp_amplitude_CZ_(184946.5uV>200.0uV); extreme_ptp_amplitude_C4_(37095.2uV>200.0uV); statistical_variance_outlier_(z=672437.00),184946.52979314557,68996485.28861421,672437.0019754634,157890.874797699,64150.811010342055,184946.52979314557,37095.15601489553,106462339.67208809,17573699.711794026,146073850.71641585,5876051.054158926,Right,1
cellula_MI_data_289.csv,True,CLEAN,163.94375557334627,128.03650217977997,0.5193456893240865,163.94375557334627,29.438044453384883,162.5658044864967,25.131891435514476,219.38376942271134,32.725589681710396,240.39917092526449,19.637478689433667,Left,0
cellula_MI_data_290.csv,True,CLEAN,85.13868086909899,140.17719933076623,0.63766856916906,80.12696854911712,36.46539996854852,85.13868086909899,27.26198148861287,227.05436697114632,46.22491831555471,261.7278609605297,25.701651075834086,Left,0
cellula_MI_data_291.csv,False,extreme_ptp_amplitude_FZ_(565.2uV>200.0uV); extreme_ptp_amplitude_CZ_(557.2uV>200.0uV); statistical_variance_outlier_(z=6.53),565.1722167217083,744.9674451337851,6.53193664089584,565.1722167217083,74.99400725448038,557.2193613572489,75.21301521688741,1448.4716754561869,48.57418231489361,1445.530924267954,37.292998496105575,Right,1
cellula_MI_data_292.csv,True,CLEAN,90.16340760400206,103.32818192519883,0.2785391217690733,88.8411159209716,37.81264200926539,90.16340760400206,37.07141653084285,168.50341443276355,36.48290633674077,186.0447741167272,22.281632814563785,Left,0
cellula_MI_data_293.csv,True,CLEAN,168.93177961025035,165.21004589661342,0.8816379606753606,168.93177961025035,77.5292161942653,166.0400393574974,80.10835638527422,276.2136031011539,57.29550239330678,284.41245094288877,42.91862714910426,Left,0
cellula_MI_data_294.csv,False,extreme_ptp_amplitude_FZ_(204.4uV>200.0uV); extreme_ptp_amplitude_CZ_(209.2uV>200.0uV),209.22407492098512,192.75607517206745,1.1501007574679565,204.37860720161814,90.00021570185896,209.22407492098512,84.244426187982,313.37411554715743,70.8141757333169,324.4590226801961,62.376986727599395,Right,1
cellula_MI_data_295.csv,True,CLEAN,112.67718298448484,123.0741916141387,0.47098315548358816,112.67718298448484,52.938507079560864,112.62702834727035,54.79393177452798,187.2714395122637,49.0672962721475,199.70202894190578,56.25600173023782,Right,1
cellula_MI_data_296.csv,True,CLEAN,82.49677986895432,100.2451574969366,0.24849205573590433,76.25454251000278,47.331836964705445,82.49677986895432,44.55431103857158,155.90442206691066,44.859371105870785,168.49070232927434,31.726134485690633,Left,0
cellula_MI_data_297.csv,True,CLEAN,93.391006365642,119.44390109419079,0.4356024501046349,87.06219190009597,37.63421765500821,93.391006365642,29.99768761115557,192.90658763393552,46.07170290254109,210.9196806166781,27.877633223608466,Left,0
cellula_MI_data_298.csv,True,CLEAN,64.70099965950757,62.74302770082737,-0.11700260594710792,64.70099965950757,32.701467392183616,29.880073507436897,36.916264254918474,150.8664066608409,19.57299626323002,37.56573842750533,42.96696945173323,Left,0
cellula_MI_data_299.csv,True,CLEAN,56.678347538500724,62.44181475548981,-0.11993821851496045,56.678347538500724,22.409954402960388,29.93109824139514,29.676675221756103,151.6406559970857,15.666619358220094,39.34211268469767,43.117870981955775,Right,1
cellula_MI_data_300.csv,True,CLEAN,57.00252857025987,52.1734133604667,-0.22001375860571856,57.00252857025987,19.992107929275242,29.196265440987688,30.539935957358313,122.7283726684199,15.537452638564847,36.98532718693003,33.44250094795203,Right,1
cellula_MI_data_301.csv,True,CLEAN,61.0981337852305,61.973191292542126,-0.12450540909794848,61.0981337852305,19.251818552217212,29.21603653470551,32.91845700020919,153.00672704150904,15.011208813868825,37.4963003680539,42.37852894673674,Right,1
cellula_MI_data_302.csv,True,CLEAN,59.583474091447506,56.0020087438231,-0.18270037981979775,59.583474091447506,27.06104642512021,32.29048131043519,29.07424017775376,138.08003507612807,17.50936382174373,35.48349769367853,32.935138383742085,Right,1
cellula_MI_data_303.csv,True,CLEAN,67.03136438123283,48.6197851126099,-0.25464731571991656,67.03136438123283,19.3267513743376,39.21458018863757,34.936764058786444,111.1923341809004,16.464121711234604,38.14655332695586,28.676131231348734,Right,1
cellula_MI_data_304.csv,True,CLEAN,59.45344148596365,54.83440986212529,-0.19407976441922598,59.45344148596365,21.648851992167266,31.138733255618682,30.069646960471367,134.3706748090258,16.37659518168191,38.64365764633683,29.94671181145663,Left,0
cellula_MI_data_305.csv,False,extreme_ptp_amplitude_FZ_(462694.2uV>200.0uV); extreme_ptp_amplitude_C3_(174887.3uV>200.0uV); extreme_ptp_amplitude_CZ_(413846.8uV>200.0uV); extreme_ptp_amplitude_C4_(223734.6uV>200.0uV); statistical_variance_outlier_(z=6671739.92),462694.17359891813,684563989.5309609,6671739.91968481,462694.17359891813,174887.2807161109,413846.84492954705,223734.60938548215,1257995888.8451316,179722781.40769947,1006394750.3226,294142537.54841274,Right,1
cellula_MI_data_306.csv,True,CLEAN,59.49575059453067,51.853036726335766,-0.223136139924845,59.49575059453067,19.938519788200928,30.594401620502204,30.580564866898257,129.85499361791332,15.315226830489442,28.213476165798347,34.02845029114196,Left,0
cellula_MI_data_307.csv,True,CLEAN,27.95881535056104,12.198141127111764,-0.6096115942500346,27.95881535056104,14.976755008896042,11.085324751760552,27.707799154570942,15.762663564109191,6.458627296502151,2.4537080729731535,24.117565574862564,Right,1
cellula_MI_data_308.csv,True,CLEAN,126.11596093366866,39.07323965614922,-0.34768766891640596,89.6796330372541,71.69434892580642,35.390282070784934,126.11596093366866,41.53751381769297,26.37203234010267,6.468970326386904,81.91444214041434,Right,1
cellula_MI_data_309.csv,True,CLEAN,71.71147292467523,18.637679357691503,-0.54685204273185,50.78875160539955,39.52901486813579,18.60629354886009,71.71147292467523,19.979114441566765,12.150991103266994,2.8552730774172135,39.565338808515044,Right,1
cellula_MI_data_310.csv,True,CLEAN,25.78362126793619,11.306891928176338,-0.6182976829124965,18.54329718458709,14.107034620589417,7.2378673146848485,25.78362126793619,12.120041301689596,7.431164195044649,1.7928417742710494,23.88352044170006,Left,0
cellula_MI_data_311.csv,True,CLEAN,32.580150644372566,11.653617289702447,-0.6149185076657336,25.646852328703787,17.998940847651124,11.065642531982352,32.580150644372566,14.106890865071598,6.753072037845612,2.4207628756993977,23.33374338019318,Right,1
cellula_MI_data_312.csv,False,extreme_ptp_amplitude_FZ_(62086.3uV>200.0uV); extreme_ptp_amplitude_C3_(3070.8uV>200.0uV); extreme_ptp_amplitude_CZ_(21041.4uV>200.0uV); extreme_ptp_amplitude_C4_(44115.7uV>200.0uV); statistical_variance_outlier_(z=71897.12),62086.3003847633,7377186.925042933,71897.11981456706,62086.3003847633,3070.7759251505668,21041.376109213856,44115.70020069998,18192884.76597335,44274.21690628713,2089534.6897309455,9182054.02756115,Left,0
cellula_MI_data_313.csv,True,CLEAN,29.5949030993524,10.97657236706809,-0.6215169677075448,29.5949030993524,16.389288832319792,10.862091746575185,29.53415024377548,14.27087844924074,5.9649157230167535,2.24615469187697,21.424340604137896,Right,1
cellula_MI_data_314.csv,True,CLEAN,40.11698675747435,13.300506891011931,-0.5988679697114243,39.29587823278151,26.06164678012954,27.498641315514014,40.11698675747435,16.584921392207725,8.032950049753858,4.784029872412427,23.800126249673713,Left,0
cellula_MI_data_315.csv,True,CLEAN,61.774397102326795,16.46552801066855,-0.5680217663187707,58.23561537986446,27.438965720877142,23.696011778401836,61.774397102326795,23.012036831064272,7.812263206296663,3.9909781283191545,31.046833876994107,Left,0
cellula_MI_data_316.csv,False,extreme_ptp_amplitude_C3_(202.4uV>200.0uV); extreme_ptp_amplitude_CZ_(325.9uV>200.0uV); statistical_variance_outlier_(z=4.43),325.9244887803096,529.1171110186383,4.428265588864933,74.29460197234025,202.35190539570118,325.9244887803096,133.63163582156756,215.85380137059232,452.45874137501374,1232.0209989913299,216.1349023376173,Left,0
cellula_MI_data_317.csv,True,CLEAN,182.10041000780768,473.46789786479974,3.8859099827921755,90.12721819811912,96.4946876585399,182.10041000780768,69.35533928023396,231.21615813889625,386.2002039627424,1089.453295596521,187.00193376103923,Left,0
cellula_MI_data_318.csv,False,extreme_ptp_amplitude_FZ_(636.9uV>200.0uV); extreme_ptp_amplitude_C3_(248.2uV>200.0uV); extreme_ptp_amplitude_C4_(413.0uV>200.0uV); statistical_variance_outlier_(z=10.12),636.8644638577669,1113.3810303000387,10.122484681816317,636.8644638577669,248.16608084378652,155.58852858387806,413.015959800642,1883.4762857312123,597.8340799922956,1116.303299361618,855.9104561150286,Left,0
cellula_MI_data_319.csv,False,extreme_ptp_amplitude_FZ_(44100.6uV>200.0uV); extreme_ptp_amplitude_C3_(114830.2uV>200.0uV); extreme_ptp_amplitude_CZ_(159859.9uV>200.0uV); extreme_ptp_amplitude_C4_(89124.3uV>200.0uV); statistical_variance_outlier_(z=492715.61),159859.85070601612,50555901.8014574,492715.6138964594,44100.57895527104,114830.17920029472,159859.85070601612,89124.33905097387,8095752.207395392,54834782.510322146,106252523.06183778,33040549.42627428,Right,1
cellula_MI_data_320.csv,True,CLEAN,150.62096338680612,463.84854284886427,3.7921600297555647,69.88267662386302,98.39404422999729,150.62096338680612,81.14975663255215,217.5391925511419,389.9821357324961,1052.8719078771192,195.00093523469997,Left,0
cellula_MI_data_321.csv,True,CLEAN,160.9008933797537,450.0184101380312,3.657371960287,84.22631035730143,102.78307258352666,160.9008933797537,72.62800822654448,248.17005974216377,366.40971438230304,992.3467159358374,193.14715049182036,Right,1
cellula_MI_data_322.csv,False,extreme_ptp_amplitude_FZ_(713.8uV>200.0uV); extreme_ptp_amplitude_C3_(541.7uV>200.0uV); extreme_ptp_amplitude_CZ_(478.0uV>200.0uV); extreme_ptp_amplitude_C4_(630.8uV>200.0uV); statistical_variance_outlier_(z=17.02),713.7991783025329,1820.7514171410132,17.016495812081416,713.7991783025329,541.7441872939689,477.95494921615625,630.7783128912766,2305.3752205890996,1465.9753793136106,1741.2566748104055,1770.3983938509375,Left,0
cellula_MI_data_323.csv,True,CLEAN,144.64749939998717,435.7535332051545,3.5183468863278007,92.65697175225895,83.29975410085946,144.64749939998717,61.29911988379215,253.0267459421319,354.12999018827577,942.8412193135375,193.01617737667294,Right,1
cellula_MI_data_324.csv,True,CLEAN,168.06365948394756,433.49868211370335,3.496371173447062,67.28027625289451,108.33149716965787,168.06365948394756,77.3745318356896,206.12727595160416,371.82357323966676,964.2750941528489,191.7687851106936,Left,0
cellula_MI_data_325.csv,False,extreme_ptp_amplitude_C3_(208.7uV>200.0uV); extreme_ptp_amplitude_CZ_(396.8uV>200.0uV); statistical_variance_outlier_(z=7.20),396.82562280812226,813.2324085423356,7.1972449804877945,55.481275682884714,208.72859528126443,396.82562280812226,168.24174373813707,94.17320325336328,680.3410518818869,2160.598433886736,317.8169451473566,Right,1
cellula_MI_data_326.csv,False,extreme_ptp_amplitude_FZ_(377.7uV>200.0uV); extreme_ptp_amplitude_CZ_(475.6uV>200.0uV); statistical_variance_outlier_(z=8.73),475.6081234156023,970.4588119004247,8.72956891556637,377.6687145368178,192.3853949186871,475.6081234156023,129.62491804529503,690.080255214002,621.6785144764993,2312.5954405811185,257.4810373300788,Right,1
cellula_MI_data_327.csv,False,extreme_ptp_amplitude_CZ_(204.8uV>200.0uV); statistical_variance_outlier_(z=4.90),204.77271934297175,577.8897552997045,4.903602355544878,57.44637878470704,120.34245276940717,204.77271934297175,75.84663926163813,135.43596761676562,492.85531175025665,1478.757746696648,204.50999513514768,Left,0
cellula_MI_data_328.csv,False,statistical_variance_outlier_(z=4.51),182.37239762258196,537.2189277056862,4.507225657670347,58.81537620030335,107.70077409424644,182.37239762258196,81.44098106447507,136.22907097993317,457.58606626646315,1351.2627588695748,203.79781470677358,Right,1
cellula_MI_data_329.csv,False,extreme_ptp_amplitude_CZ_(246.7uV>200.0uV); statistical_variance_outlier_(z=4.67),246.67238752961492,554.1931972239802,4.672656392634867,54.58289073330634,141.78879440462032,246.67238752961492,80.47097529543171,137.77933383127782,472.40388402118253,1399.4007575805504,207.18881346291028,Right,1
cellula_MI_data_330.csv,False,extreme_ptp_amplitude_CZ_(232.1uV>200.0uV); statistical_variance_outlier_(z=5.09),232.08165514481766,596.65626520547,5.0865002129804395,50.665517377026625,137.8713949526172,232.08165514481766,98.71524563219899,136.9405648438503,513.9829453050215,1513.6620005974755,222.0395500755325,Left,0
cellula_MI_data_331.csv,False,extreme_ptp_amplitude_FZ_(207.3uV>200.0uV); extreme_ptp_amplitude_C3_(1508.3uV>200.0uV); extreme_ptp_amplitude_CZ_(2567.5uV>200.0uV); extreme_ptp_amplitude_C4_(872.7uV>200.0uV); statistical_variance_outlier_(z=100.01),2567.458772279293,10336.279511216917,100.00858390728506,207.31894526587087,1508.2954090072149,2567.458772279293,872.6646669748186,248.50039953430473,9721.455230794463,28088.564486035495,3286.597928503406,Right,1
cellula_MI_data_332.csv,False,extreme_ptp_amplitude_CZ_(210.2uV>200.0uV); statistical_variance_outlier_(z=5.87),210.1993105873279,677.5167225698358,5.8745638687941595,52.58913215828964,119.61194812508946,210.1993105873279,76.99374008024532,119.80205584461545,598.4223566872207,1748.2885941612396,243.55388358626692,Left,0
cellula_MI_data_333.csv,False,extreme_ptp_amplitude_FZ_(410.3uV>200.0uV); extreme_ptp_amplitude_C3_(608.5uV>200.0uV); extreme_ptp_amplitude_CZ_(1149.4uV>200.0uV); statistical_variance_outlier_(z=21.09),1149.372618437659,2238.7715826451854,21.090508136135487,410.2555107087802,608.5431909685265,1149.372618437659,159.1087476431408,746.8194950864292,1790.8621619173289,6144.941756458085,272.46291711889967,Right,1
cellula_MI_data_334.csv,False,extreme_ptp_amplitude_C3_(535.0uV>200.0uV); extreme_ptp_amplitude_CZ_(979.8uV>200.0uV); extreme_ptp_amplitude_C4_(316.9uV>200.0uV); statistical_variance_outlier_(z=16.08),979.7929656028541,1724.4452423245787,16.07789864509679,151.78433613778822,535.0325313681691,979.7929656028541,316.900667247382,195.66168146699206,1438.837000814235,4820.438487090374,442.8437999267136,Left,0
cellula_MI_data_335.csv,False,extreme_ptp_amplitude_C3_(726.4uV>200.0uV); extreme_ptp_amplitude_CZ_(1263.8uV>200.0uV); extreme_ptp_amplitude_C4_(413.8uV>200.0uV); statistical_variance_outlier_(z=28.20),1263.7534539252053,2968.3298784152926,28.200761978790432,144.3949807262699,726.4350715249477,1263.7534539252053,413.7739861448319,168.685877869358,2671.048036830513,8172.921184953445,860.6644140078556,Left,0
cellula_MI_data_336.csv,False,extreme_ptp_amplitude_CZ_(228.5uV>200.0uV); statistical_variance_outlier_(z=6.03),228.53244794510138,693.9661039406811,6.034879059203845,49.448179184014975,130.54100419155048,228.53244794510138,77.3342144508851,98.49952759675458,609.2165895373228,1842.7210610770478,225.42723755159923,Left,0
cellula_MI_data_337.csv,False,extreme_ptp_amplitude_C3_(525.4uV>200.0uV); extreme_ptp_amplitude_CZ_(925.2uV>200.0uV); extreme_ptp_amplitude_C4_(276.5uV>200.0uV); statistical_variance_outlier_(z=15.57),925.1910605332691,1672.1202225842221,15.56794053094343,142.46801623115869,525.404665900757,925.1910605332691,276.50114177012733,144.6759398073735,1493.6535720526397,4582.548467698185,467.6029107786908,Left,0
cellula_MI_data_338.csv,False,extreme_ptp_amplitude_CZ_(241.2uV>200.0uV); statistical_variance_outlier_(z=5.85),241.1892383536782,674.8063716909861,5.848148868289037,54.75132004387359,140.8128636223916,241.1892383536782,90.58060052433247,98.21240850445055,595.6133520468632,1784.2938724891812,221.1058537234494,Left,0
cellula_MI_data_339.csv,False,extreme_ptp_amplitude_FZ_(335.4uV>200.0uV); extreme_ptp_amplitude_C3_(565.8uV>200.0uV); extreme_ptp_amplitude_CZ_(1051.0uV>200.0uV); statistical_variance_outlier_(z=18.71),1050.993232709089,1994.4415308731318,18.70927458761621,335.43395490015695,565.7506594905128,1050.993232709089,162.51934162177105,533.9757611702687,1661.7644831721325,5507.3061594292,274.7197197209257,Left,0
cellula_MI_data_340.csv,False,extreme_ptp_amplitude_FZ_(233.4uV>200.0uV); extreme_ptp_amplitude_CZ_(272.8uV>200.0uV); statistical_variance_outlier_(z=6.83),272.77668513258686,775.6713655088162,6.831176152113638,233.43851652070617,132.38571122196785,272.77668513258686,126.00762769068999,283.00991051099425,626.807150647491,1932.5415274951629,260.32687338161685,Left,0
cellula_MI_data_341.csv,False,extreme_ptp_amplitude_CZ_(217.4uV>200.0uV); statistical_variance_outlier_(z=5.47),217.38970661885656,635.6131059737846,5.466172445311397,54.78820444134451,122.83851993117389,217.38970661885656,64.21636327063794,97.31009240127563,567.2077452125096,1680.15672346147,197.77786281988364,Right,1
cellula_MI_data_342.csv,False,extreme_ptp_amplitude_FZ_(293.5uV>200.0uV); extreme_ptp_amplitude_C3_(622.8uV>200.0uV); extreme_ptp_amplitude_CZ_(936.7uV>200.0uV); extreme_ptp_amplitude_C4_(597.4uV>200.0uV); statistical_variance_outlier_(z=18.56),936.7217407312357,1979.1264452408009,18.56001421034516,293.53312164361097,622.8133193987364,936.7217407312357,597.4092312036798,424.721569597992,1772.3815091522183,4263.88000358524,1455.522698627753,Left,0
cellula_MI_data_343.csv,False,extreme_ptp_amplitude_CZ_(200.1uV>200.0uV); statistical_variance_outlier_(z=5.27),200.13883273746364,615.3670233847871,5.268854715718351,186.9320178432106,124.35809127195623,200.13883273746364,167.71725243383497,225.29936056352454,508.1933329483453,1447.500439658054,280.47496036922473,Left,0
cellula_MI_data_344.csv,False,extreme_ptp_amplitude_FZ_(326.2uV>200.0uV); extreme_ptp_amplitude_C3_(1030.6uV>200.0uV); extreme_ptp_amplitude_CZ_(1840.2uV>200.0uV); extreme_ptp_amplitude_C4_(502.7uV>200.0uV); statistical_variance_outlier_(z=49.29),1840.228338092803,5131.949165249483,49.28733235630391,326.1618916356337,1030.6241837147045,1840.228338092803,502.6957074716146,519.8657368978048,4515.953254404448,14378.516611566314,1113.4610581293643,Left,0
cellula_MI_data_345.csv,False,extreme_ptp_amplitude_FZ_(371.8uV>200.0uV); extreme_ptp_amplitude_C3_(322.8uV>200.0uV); extreme_ptp_amplitude_CZ_(406.6uV>200.0uV); extreme_ptp_amplitude_C4_(428.6uV>200.0uV); statistical_variance_outlier_(z=10.90),428.6323892190261,1193.0228245564062,10.898671282572499,371.8022959473563,322.842548920232,406.61817748106665,428.6323892190261,681.1756689904788,937.0459830543823,2159.832084159582,994.0375620211821,Right,1
cellula_MI_data_346.csv,False,statistical_variance_outlier_(z=5.37),179.20363324157654,625.3638168814103,5.366283173164049,59.770862429245966,103.61471237048035,179.20363324157654,68.9373435321961,125.36782473198038,539.720053877865,1599.5481809831595,236.8192079326366,Right,1
cellula_MI_data_347.csv,False,extreme_ptp_amplitude_FZ_(26351.5uV>200.0uV); extreme_ptp_amplitude_C3_(11838.4uV>200.0uV); extreme_ptp_amplitude_CZ_(29823.5uV>200.0uV); extreme_ptp_amplitude_C4_(8371.3uV>200.0uV); statistical_variance_outlier_(z=18570.77),29823.49493849826,1905556.4835660597,18570.76933967907,26351.471439818837,11838.44206329987,29823.49493849826,8371.26273655544,2956192.3639461817,593302.847704065,3773035.565583395,299695.157030597,Left,0
cellula_MI_data_348.csv,False,statistical_variance_outlier_(z=5.35),183.11820106818584,623.8729876475761,5.351753594993161,54.149399704858894,105.89240088164641,183.11820106818584,73.04859242690861,119.76071437809053,541.4589680887349,1575.181791050642,259.090477072837,Right,1
cellula_MI_data_349.csv,False,extreme_ptp_amplitude_FZ_(14465.9uV>200.0uV); extreme_ptp_amplitude_C3_(22549.0uV>200.0uV); extreme_ptp_amplitude_CZ_(43253.1uV>200.0uV); extreme_ptp_amplitude_C4_(6239.5uV>200.0uV); statistical_variance_outlier_(z=26581.70),43253.13937333676,2727529.748716045,26581.696774782864,14465.944171843727,22548.97959838336,43253.13937333676,6239.451348764807,868637.932453128,2111358.1561932066,7768235.0235962095,161887.88262163717,Right,1
cellula_MI_data_350.csv,False,extreme_ptp_amplitude_FZ_(209.2uV>200.0uV); extreme_ptp_amplitude_C3_(332.3uV>200.0uV); extreme_ptp_amplitude_CZ_(480.0uV>200.0uV); extreme_ptp_amplitude_C4_(332.9uV>200.0uV); statistical_variance_outlier_(z=8.91),480.0465975374348,989.1613054788334,8.91184287174521,209.23657881788282,332.2987425171056,480.0465975374348,332.89630781904555,258.454093983474,868.8650059737481,2219.6885510524935,609.6375709056177,Left,0
cellula_MI_data_351.csv,False,statistical_variance_outlier_(z=5.02),172.75209516253415,589.5912545894768,5.017644825861939,65.25777818188918,102.06629762462114,172.75209516253415,75.7526364120601,128.99352129203245,510.00411163838703,1492.9832331624705,226.38415226501687,Right,1
cellula_MI_data_352.csv,False,extreme_ptp_amplitude_FZ_(1035.2uV>200.0uV); extreme_ptp_amplitude_C3_(1104.7uV>200.0uV); extreme_ptp_amplitude_CZ_(2312.3uV>200.0uV); statistical_variance_outlier_(z=83.73),2312.2927863279638,8666.004870108874,83.73013603809673,1035.1604785088923,1104.7098636729718,2312.2927863279638,190.1121020085901,4709.479587976367,5570.028126237029,23984.407654552142,400.10411166996704,Right,1
cellula_MI_data_353.csv,False,extreme_ptp_amplitude_C3_(527.6uV>200.0uV); extreme_ptp_amplitude_CZ_(832.3uV>200.0uV); extreme_ptp_amplitude_C4_(444.9uV>200.0uV); statistical_variance_outlier_(z=14.85),832.271231781317,1598.2265717131243,14.847775167736337,164.3191857923677,527.6308829450664,832.271231781317,444.94101547784106,276.88258561483434,1420.6436804346818,3742.545853421756,952.8341673812248,Right,1
cellula_MI_data_354.csv,False,statistical_variance_outlier_(z=4.28),168.67602522060912,513.5584409699967,4.276631244986794,62.93982401999322,99.70482030613263,168.67602522060912,78.10063278932734,172.59375746823895,414.04459351248533,1259.3237845729468,208.27162832631572,Right,1
cellula_MI_data_355.csv,False,extreme_ptp_amplitude_CZ_(219.2uV>200.0uV); statistical_variance_outlier_(z=4.09),219.22577763385345,494.6698844629017,4.092543924939243,61.973836098592415,119.89918041152288,219.22577763385345,66.05967815972349,182.30863425201028,394.77294013933977,1210.3668543998865,191.23110906037022,Right,1
cellula_MI_data_356.csv,False,extreme_ptp_amplitude_FZ_(11670.4uV>200.0uV); extreme_ptp_amplitude_C3_(10462.7uV>200.0uV); extreme_ptp_amplitude_CZ_(22559.9uV>200.0uV); extreme_ptp_amplitude_C4_(447.4uV>200.0uV); statistical_variance_outlier_(z=7450.80),22559.93397313896,764575.2200377203,7450.799269520244,11670.442211084477,10462.66555547474,22559.93397313896,447.36922348626695,551614.2538092721,443579.82641817903,2062172.5567733445,934.2431500856668,Left,0
cellula_MI_data_357.csv,True,CLEAN,151.46515594051561,448.3445532549216,3.64105859999189,63.565938160918606,85.66498497411155,151.46515594051561,65.51020060473239,177.78280310545153,359.14187443495086,1082.8403341842968,173.61320129498733,Left,0
cellula_MI_data_358.csv,False,extreme_ptp_amplitude_CZ_(209.1uV>200.0uV); statistical_variance_outlier_(z=4.37),209.0652862266215,523.2497200405385,4.3710821677589395,157.21791985785075,157.74201738918183,209.0652862266215,174.6365066312667,245.56066827959813,422.1430813693399,1161.7141633145218,263.58096719869377,Right,1
cellula_MI_data_359.csv,False,extreme_ptp_amplitude_FZ_(367.3uV>200.0uV); extreme_ptp_amplitude_C3_(250.1uV>200.0uV); extreme_ptp_amplitude_CZ_(576.4uV>200.0uV); statistical_variance_outlier_(z=7.84),576.3722543954066,879.1655951630048,7.83982789160834,367.3096914358913,250.13844680751674,576.3722543954066,91.57725845944334,686.0127756982196,534.2745963850341,2109.3088898916276,187.06611867713798,Left,0
cellula_MI_data_360.csv,False,extreme_ptp_amplitude_FZ_(363.5uV>200.0uV); extreme_ptp_amplitude_C3_(318.0uV>200.0uV); extreme_ptp_amplitude_CZ_(374.9uV>200.0uV); extreme_ptp_amplitude_C4_(391.0uV>200.0uV); statistical_variance_outlier_(z=8.36),390.9669157629581,932.8139458874186,8.362683150882322,363.47098422347136,317.97276272378446,374.90904475744713,390.9669157629581,668.3991240244823,746.2163944570248,1554.7120214503777,761.9282436177901,Left,0
cellula_MI_data_361.csv,False,extreme_ptp_amplitude_FZ_(254.7uV>200.0uV); extreme_ptp_amplitude_C3_(215.4uV>200.0uV); extreme_ptp_amplitude_CZ_(433.2uV>200.0uV); statistical_variance_outlier_(z=6.91),433.22729309672144,783.5923322354263,6.908373662486639,254.6844631726514,215.44292658261708,433.22729309672144,100.2776632692186,399.0336203452408,578.0539717118137,1933.229500978719,224.05223590593124,Left,0
cellula_MI_data_362.csv,False,statistical_variance_outlier_(z=4.15),182.52729450917047,500.74510813075767,4.151752877369513,66.18689199530178,103.38015505691618,182.52729450917047,56.0724931495247,130.59521161991708,435.1690897431992,1262.928127266294,174.2880038936205,Left,0
cellula_MI_data_363.csv,False,extreme_ptp_amplitude_FZ_(368.2uV>200.0uV); extreme_ptp_amplitude_C3_(347.7uV>200.0uV); extreme_ptp_amplitude_CZ_(449.2uV>200.0uV); extreme_ptp_amplitude_C4_(450.7uV>200.0uV); statistical_variance_outlier_(z=9.26),450.6592261230628,1024.4998194299328,9.256250996594629,368.1996179665726,347.71572433985705,449.21538066330584,450.6592261230628,594.7116958102288,807.679206821793,1788.1329658642956,907.4754092234144,Left,0
cellula_MI_data_364.csv,False,extreme_ptp_amplitude_FZ_(7205.2uV>200.0uV); extreme_ptp_amplitude_C3_(5241.5uV>200.0uV); extreme_ptp_amplitude_CZ_(11026.2uV>200.0uV); extreme_ptp_amplitude_C4_(1446.0uV>200.0uV); statistical_variance_outlier_(z=1640.13),11026.210576184738,168362.82380914481,1640.1306692161297,7205.156985964742,5241.461112423558,11026.210576184738,1445.969957879269,171651.85937475512,91369.8426757896,403653.1654784551,6776.42770757947,Right,1
cellula_MI_data_365.csv,True,CLEAN,189.17374727774109,457.0296619543078,3.725703415713574,62.61333754389421,113.03720579896867,189.17374727774109,74.34376889877558,123.62523176174331,399.94476980801556,1141.4323616011384,163.1162846463339,Left,0
cellula_MI_data_366.csv,False,extreme_ptp_amplitude_CZ_(203.5uV>200.0uV),203.46971306304184,475.2628009076142,3.9034030554244223,49.683140732438886,122.68895094212168,203.46971306304184,73.97201427881193,134.4894601721817,415.02578650026663,1183.2436046898176,168.2923522681908,Left,0
cellula_MI_data_367.csv,False,extreme_ptp_amplitude_FZ_(471.7uV>200.0uV); extreme_ptp_amplitude_C3_(579.1uV>200.0uV); extreme_ptp_amplitude_CZ_(1084.9uV>200.0uV); statistical_variance_outlier_(z=19.83),1084.9448752406365,2109.7923474036666,19.833480276517136,471.74352894394957,579.1257730776874,1084.9448752406365,73.14950001189597,961.5757386122026,1672.4736481743346,5627.937938285586,177.18206454254255,Right,1
cellula_MI_data_368.csv,False,extreme_ptp_amplitude_FZ_(15572.5uV>200.0uV); extreme_ptp_amplitude_C3_(99295.4uV>200.0uV); extreme_ptp_amplitude_CZ_(166356.9uV>200.0uV); extreme_ptp_amplitude_C4_(51490.3uV>200.0uV); statistical_variance_outlier_(z=407553.53),166356.87950760082,41817717.98468826,407553.52963090513,15572.493381316373,99295.37264953917,166356.87950760082,51490.349069198026,1001995.6266793514,40794798.676296204,114501327.52224548,10972750.113531996,Right,1
cellula_MI_data_369.csv,True,CLEAN,172.92475890148592,442.4446162364007,3.583557986126511,48.25605025051503,103.41008236899657,172.92475890148592,70.80278424424844,126.13536405126736,389.297521252236,1079.4066220273112,174.93895761478822,Right,1
cellula_MI_data_370.csv,False,extreme_ptp_amplitude_FZ_(205.5uV>200.0uV); extreme_ptp_amplitude_C3_(638.2uV>200.0uV); extreme_ptp_amplitude_CZ_(976.0uV>200.0uV); extreme_ptp_amplitude_C4_(532.8uV>200.0uV); statistical_variance_outlier_(z=18.29),976.0366348038373,1951.8507501536365,18.29418608265609,205.53081042191008,638.1585858476128,976.0366348038373,532.7721690783613,293.2098959831321,1842.234824317832,4476.882713219882,1195.0755670937,Right,1
cellula_MI_data_371.csv,False,extreme_ptp_amplitude_C3_(252.1uV>200.0uV); extreme_ptp_amplitude_CZ_(385.0uV>200.0uV); extreme_ptp_amplitude_C4_(212.1uV>200.0uV); statistical_variance_outlier_(z=4.84),385.00047433057205,571.1561337017956,4.83797667611788,104.3227716755836,252.10685334758284,385.00047433057205,212.14436887861282,166.04468172543923,500.53457543410565,1365.3026370372654,252.7426406103721,Left,0
cellula_MI_data_372.csv,True,CLEAN,146.1726093790337,411.2048726987722,3.2790963580156145,77.84630499516993,89.42189882380625,146.1726093790337,60.202794085065676,155.38100431613856,349.87212455390755,986.9129798058759,152.6533821191668,Right,1
cellula_MI_data_373.csv,True,CLEAN,131.50846703865292,392.01578194304665,3.092080039958495,58.050393978061756,79.84538740626215,131.50846703865292,56.717135764274474,161.80902860509525,331.513179016152,926.655566743646,148.08535340729333,Right,1
cellula_MI_data_374.csv,False,extreme_ptp_amplitude_C3_(334.6uV>200.0uV); extreme_ptp_amplitude_CZ_(524.7uV>200.0uV); extreme_ptp_amplitude_C4_(221.4uV>200.0uV); statistical_variance_outlier_(z=6.09),524.6713855618312,699.3738969331059,6.087583251764746,60.38676004438603,334.572562190249,524.6713855618312,221.35928288983513,145.62650418276164,658.0015989465475,1704.4337561720683,289.4337284310466,Left,0
cellula_MI_data_375.csv,False,extreme_ptp_amplitude_FZ_(259.0uV>200.0uV); extreme_ptp_amplitude_C4_(217.6uV>200.0uV); statistical_variance_outlier_(z=4.05),259.00438503251917,490.23473956122194,4.049319132262993,259.00438503251917,115.89048222748846,145.82283125206425,217.62807471153423,398.9591661126409,349.5589818191561,896.3424831565492,316.0783271565418,Left,0
cellula_MI_data_376.csv,False,extreme_ptp_amplitude_FZ_(203.1uV>200.0uV); extreme_ptp_amplitude_C3_(245.3uV>200.0uV); extreme_ptp_amplitude_CZ_(332.9uV>200.0uV); extreme_ptp_amplitude_C4_(261.2uV>200.0uV); statistical_variance_outlier_(z=5.40),332.94862564714686,628.3901119460905,5.39577735647662,203.12924244336006,245.30285332065074,332.94862564714686,261.2315667143994,330.8626773251286,533.5288545957194,1253.8830829716442,395.28583289187026,Left,0
cellula_MI_data_377.csv,True,CLEAN,129.47417191276287,349.90390699042075,2.681658936615075,60.86675586985186,75.38759922850198,129.47417191276287,53.44587160038956,159.14486326906146,296.1119203204949,825.8349671340554,118.52387723807125,Left,0
cellula_MI_data_378.csv,True,CLEAN,174.38347002949658,362.9935812904862,2.809230520038574,54.84783877969501,106.16183671866983,174.38347002949658,60.973690808916984,152.12397585658755,314.78725320189847,854.480591026833,130.58250507662575,Left,0
cellula_MI_data_379.csv,True,CLEAN,114.88490753933682,179.71110345729568,1.0229648441351187,114.58437433342937,96.26695301684137,114.88490753933682,88.80973041190569,316.56082300262506,90.22634712689424,243.25055306298955,68.80669063667393,Left,0
cellula_MI_data_380.csv,True,CLEAN,116.94742040269489,153.85517554424828,0.7709737258584161,116.94742040269489,82.56782958042373,84.57172824051803,53.972115201734645,316.3757175097981,48.607155191452186,220.73502350405963,29.702805971683222,Right,1
cellula_MI_data_381.csv,False,extreme_ptp_amplitude_FZ_(285.7uV>200.0uV); extreme_ptp_amplitude_CZ_(229.0uV>200.0uV),285.7093055154632,269.3335373086464,1.8964224668834135,285.7093055154632,68.30995492607742,229.0063491658875,25.637216428455545,602.5196329994802,45.70151295363144,404.9887591464523,24.124244135021655,Left,0
cellula_MI_data_382.csv,True,CLEAN,139.40243427170634,145.85384267912474,0.6929929694466855,139.40243427170634,28.177092730680116,116.3424312683947,27.373233505520716,310.2356028462163,29.219415142309177,219.92433761760262,24.036015110370805,Left,0
cellula_MI_data_383.csv,True,CLEAN,117.04062801096939,148.803230094328,0.7217376130536651,117.04062801096939,29.3038677366125,100.30067711277522,34.39219027538417,316.5339533161443,30.032307332670694,223.2910099937627,25.35564973473426,Left,0
cellula_MI_data_384.csv,False,extreme_ptp_amplitude_FZ_(27567.1uV>200.0uV); extreme_ptp_amplitude_C3_(8660.2uV>200.0uV); extreme_ptp_amplitude_CZ_(21169.0uV>200.0uV); extreme_ptp_amplitude_C4_(2261.9uV>200.0uV); statistical_variance_outlier_(z=13440.77),27567.073216392757,1379185.5491027622,13440.773585907415,27567.073216392757,8660.194765477416,21169.0403152218,2261.8997956098156,3254812.583926985,320857.8471832062,1919238.899430205,21832.86587065283,Right,1
cellula_MI_data_385.csv,True,CLEAN,162.92110751325848,175.66833085954633,0.9835641004731133,95.15753683226788,162.92110751325848,79.96056680853884,127.8097578671459,297.7149082795861,118.90912612139539,208.9941643316419,77.05512470556194,Left,0
cellula_MI_data_386.csv,True,CLEAN,96.35133900916148,138.1710903001953,0.6181170891487484,96.35133900916148,35.254955415539825,80.83985655488357,31.9349882426353,289.5648088058452,30.784654102657,204.84038502194076,27.49451327033819,Left,0
cellula_MI_data_387.csv,False,extreme_ptp_amplitude_C3_(229.1uV>200.0uV),229.1086635095195,219.00671274045976,1.4059387045175216,90.99446611556598,229.1086635095195,94.82406390111524,181.47277699312417,294.4136281581773,219.8982601917935,215.25967181355813,146.45529079831007,Left,0
cellula_MI_data_388.csv,True,CLEAN,113.22333491825921,138.60858282732997,0.6223808785405318,113.22333491825921,28.837838858449572,99.89842854286425,23.946292238595397,292.21687688651303,24.527742558991683,217.21357380048056,20.47613806333461,Right,1
cellula_MI_data_389.csv,True,CLEAN,98.34575382286695,143.4600584132592,0.6696632179058699,98.34575382286695,35.388331736204954,84.69327721882688,30.423522362043002,302.5476151887664,27.208951512175567,221.13787961902256,22.945787333072214,Right,1
cellula_MI_data_390.csv,True,CLEAN,156.5706381090627,161.93705609942845,0.849739497704914,156.5706381090627,42.396973502696824,134.4667903088393,43.33113317000799,342.3169187456461,29.460024522049725,250.06185073514675,25.909430394871208,Right,1
cellula_MI_data_391.csv,True,CLEAN,95.93713519428974,134.83944036039244,0.5856469261416116,95.93713519428974,30.26275935122609,82.70083033529352,26.89881359107184,287.3482253040997,25.068393387123287,206.55068454340127,20.390458206945503,Right,1
cellula_MI_data_392.csv,False,extreme_ptp_amplitude_FZ_(608.7uV>200.0uV); extreme_ptp_amplitude_CZ_(554.6uV>200.0uV); extreme_ptp_amplitude_C4_(225.1uV>200.0uV); statistical_variance_outlier_(z=7.48),608.7481322742677,842.6014996077463,7.483475284239864,608.7481322742677,180.0039039066846,554.6137734199743,225.1036068200816,1648.6191861853076,147.62334385505093,1358.4146736433559,215.748794747271,Right,1
cellula_MI_data_393.csv,True,CLEAN,102.98857716053841,142.13474061494415,0.6567467093515241,102.98857716053841,33.016026360216536,87.9572043601975,31.173409913226934,297.63821161211746,27.1713535097031,219.03940810616444,24.689989231791643,Left,0
cellula_MI_data_394.csv,False,extreme_ptp_amplitude_FZ_(203.4uV>200.0uV),203.42855140672313,202.99764715395867,1.249914818881927,203.42855140672313,63.45128808332515,185.297597879739,75.91757906935263,416.7775613807603,36.561863599953874,318.4262592298274,40.22490440529307,Left,0
cellula_MI_data_395.csv,False,extreme_ptp_amplitude_FZ_(13108.9uV>200.0uV); extreme_ptp_amplitude_C3_(6895.8uV>200.0uV); extreme_ptp_amplitude_CZ_(12827.7uV>200.0uV); extreme_ptp_amplitude_C4_(7174.4uV>200.0uV); statistical_variance_outlier_(z=4381.90),13108.945362839606,449686.48102512857,4381.902815934349,13108.945362839606,6895.751238134586,12827.710602252093,7174.392953476735,709940.479134666,196343.19911571237,679842.1078935107,212620.137956625,Left,0
cellula_MI_data_396.csv,True,CLEAN,92.96936080759895,140.43923895572289,0.6402223997005999,92.96936080759895,35.13906477332833,82.19230637321733,33.00929495859965,290.46012626459526,28.9694181700961,216.12165640507052,26.205754983129633,Left,0
cellula_MI_data_397.csv,True,CLEAN,93.35498428747297,135.21795982458167,0.5893359657843316,93.35498428747297,26.53050467548553,79.8459360705398,24.522677486616907,283.79511382205976,24.45492075095647,210.73547084919676,21.886333876113696,Left,0
cellula_MI_data_398.csv,False,extreme_ptp_amplitude_FZ_(725.5uV>200.0uV); extreme_ptp_amplitude_CZ_(615.8uV>200.0uV); statistical_variance_outlier_(z=9.47),725.5335503429609,1046.1242941812152,9.467002495943147,725.5335503429609,27.888583870226515,615.7936913086212,122.68953827399338,2373.588119220661,26.623739025099493,1709.2353376755457,75.04998080355493,Right,1
cellula_MI_data_399.csv,False,extreme_ptp_amplitude_FZ_(239.7uV>200.0uV),239.74709897633315,190.77274052029432,1.1307712358782458,239.74709897633315,49.793141379727814,193.3179718867046,32.076560962665084,412.41882284491237,33.65934503113925,291.4242000703014,25.588594134824227,Right,1
cellula_MI_data_400.csv,True,CLEAN,105.69048576150755,145.96801160190972,0.6941056564336615,105.69048576150755,27.03195907889731,90.34353007338855,28.63229823867134,306.31702659817853,26.821613451682566,225.6659349734014,25.06747138437637,Right,1
cellula_MI_data_401.csv,False,extreme_ptp_amplitude_FZ_(8145.3uV>200.0uV); extreme_ptp_amplitude_C3_(8979.0uV>200.0uV); extreme_ptp_amplitude_CZ_(9171.7uV>200.0uV); extreme_ptp_amplitude_C4_(7951.8uV>200.0uV); statistical_variance_outlier_(z=2936.99),9171.71699822087,301428.7226359847,2936.987032779448,8145.34747938867,8979.002269547986,9171.71699822087,7951.798105728116,271488.26447953837,330640.8398014155,344354.3302704807,259231.45599250423,Left,0
cellula_MI_data_402.csv,False,extreme_ptp_amplitude_FZ_(7883.1uV>200.0uV); extreme_ptp_amplitude_C3_(4545.6uV>200.0uV); extreme_ptp_amplitude_CZ_(5518.2uV>200.0uV); extreme_ptp_amplitude_C4_(2183.1uV>200.0uV); statistical_variance_outlier_(z=1165.85),7883.109136981584,119698.03218639814,1165.8450313941566,7883.109136981584,4545.560419423646,5518.237586847629,2183.052490455976,252335.88806973342,83490.9337838556,123788.32763176355,19176.979260239972,Right,1
cellula_MI_data_403.csv,True,CLEAN,99.62510401805554,141.74846653511904,0.6529820934513028,99.62510401805554,33.852088593129935,85.32211726008534,29.75862439041532,290.59545903800836,31.455307109976285,215.8009376365968,29.142162355894687,Right,1
cellula_MI_data_404.csv,False,extreme_ptp_amplitude_FZ_(66409.2uV>200.0uV); extreme_ptp_amplitude_C3_(16402.4uV>200.0uV); extreme_ptp_amplitude_CZ_(59758.3uV>200.0uV); extreme_ptp_amplitude_C4_(23052.3uV>200.0uV); statistical_variance_outlier_(z=91677.39),66409.1543563011,9406771.420681236,91677.39103178655,66409.1543563011,16402.391616719535,59758.32707582447,23052.26047866342,18897420.03867076,1152061.1687422418,15301230.799408777,2276373.6759031615,Left,0
cellula_MI_data_405.csv,True,CLEAN,103.7088203690925,150.86584861150226,0.7418398328799625,103.7088203690925,32.844515878848554,90.95059500322839,37.16059807156704,306.0870393908918,35.17620750346848,229.11784258115478,33.08230497049394,Left,0
cellula_MI_data_406.csv,False,extreme_ptp_amplitude_FZ_(5936.9uV>200.0uV); extreme_ptp_amplitude_C3_(4670.9uV>200.0uV); extreme_ptp_amplitude_CZ_(3054.6uV>200.0uV); extreme_ptp_amplitude_C4_(7553.3uV>200.0uV); statistical_variance_outlier_(z=1289.66),7553.257298722655,132402.34786947008,1289.6609209914538,5936.883226987215,4670.943612844146,3054.569541108708,7553.257298722655,151218.09194544327,93613.20900958289,40054.507214596364,244723.58330825777,Left,0
cellula_MI_data_407.csv,False,extreme_ptp_amplitude_FZ_(6144.5uV>200.0uV); extreme_ptp_amplitude_C3_(4705.1uV>200.0uV); extreme_ptp_amplitude_CZ_(1895.2uV>200.0uV); extreme_ptp_amplitude_C4_(8954.3uV>200.0uV); statistical_variance_outlier_(z=1478.97),8954.339311352049,151826.35734949348,1478.9667500744015,6144.456906564591,4705.1073135662255,1895.2249087787684,8954.339311352049,159594.33103395198,93575.38661418707,15176.242582492452,338959.46916734247,Right,1
cellula_MI_data_408.csv,True,CLEAN,31.478990043670496,10.628951376394538,-0.6249048717298205,21.573226404106038,16.73448549303812,7.41787827636569,31.478990043670496,11.345434342973203,6.879981559124433,1.6173291100010587,22.673060493479454,Right,1
cellula_MI_data_409.csv,True,CLEAN,27.80682731744696,11.228964896796365,-0.6190571574843419,19.928297069834294,15.535373902233783,7.656843654621117,27.80682731744696,11.964349942750111,7.4237109388457085,1.8325520142463996,23.69524669134324,Left,0
cellula_MI_data_410.csv,False,extreme_ptp_amplitude_FZ_(242.9uV>200.0uV); extreme_ptp_amplitude_C4_(227.7uV>200.0uV),242.93970303732516,173.29928242069303,0.9604754235799097,242.93970303732516,66.86716057086753,82.18036554042834,227.70520318752966,326.4711406335621,30.446729674029203,37.51525298685756,298.7640063883233,Left,0
cellula_MI_data_411.csv,False,extreme_ptp_amplitude_FZ_(42635.3uV>200.0uV); extreme_ptp_amplitude_C3_(24965.1uV>200.0uV); extreme_ptp_amplitude_CZ_(15236.9uV>200.0uV); extreme_ptp_amplitude_C4_(52363.6uV>200.0uV); statistical_variance_outlier_(z=56198.87),52363.55537378808,5766443.944625311,56198.8657717499,42635.290333497236,24965.131241784435,15236.866201493593,52363.55537378808,7742891.073975188,2654708.044117559,988906.2438101033,11679270.416598393,Left,0
cellula_MI_data_412.csv,False,extreme_ptp_amplitude_FZ_(854.6uV>200.0uV); extreme_ptp_amplitude_C3_(683.8uV>200.0uV); extreme_ptp_amplitude_C4_(1374.4uV>200.0uV); statistical_variance_outlier_(z=27.18),1374.4071220837363,2863.1830434649332,27.176003996346243,854.556655865282,683.8452938700797,164.10618419156503,1374.4071220837363,2688.316154232015,1719.4681347492249,100.12353042235772,6944.824354456136,Left,0
cellula_MI_data_413.csv,True,CLEAN,175.4312308994479,61.94187563870102,-0.12481061054565999,133.52097077576067,87.60676138510951,45.69650126142231,175.4312308994479,76.01510683908283,32.397345755116696,9.08492570465985,130.27012425594472,Right,1
cellula_MI_data_414.csv,True,CLEAN,173.49273397749474,79.11341081302055,0.042542669741023734,171.8575090612407,59.80003111173894,54.018132660492974,173.49273397749474,133.20833490776315,20.150106434413804,13.640647858290682,149.45455405161456,Left,0
cellula_MI_data_415.csv,True,CLEAN,98.09159326944561,131.5139723208396,0.5532370117537591,98.09159326944561,27.997236890815262,85.73111468141389,25.91128584570521,272.5769490908091,22.814833401346593,208.9217737981193,21.742332993083433,Left,0
cellula_MI_data_416.csv,True,CLEAN,121.95552098702447,156.20258342990775,0.7938514945522398,121.95552098702447,75.54277390640175,118.34995366844412,72.93684368707969,299.7232973900858,42.78696319914349,242.07527172332797,40.224801407073755,Right,1
cellula_MI_data_417.csv,False,extreme_ptp_amplitude_FZ_(362.2uV>200.0uV); extreme_ptp_amplitude_CZ_(274.6uV>200.0uV),362.1554803473511,324.76775047875236,2.436682689394133,362.1554803473511,143.38952102773675,274.58926251916193,58.94815713065003,712.4945979225366,103.97384325650388,447.3598163379995,35.24274439796942,Left,0
cellula_MI_data_418.csv,True,CLEAN,108.19834524194954,131.69443900992454,0.5549958348347617,108.19834524194954,27.673936873286582,92.29624025182278,27.311538428911767,269.3518204470571,28.89233175766605,202.98612512203536,25.547478712939647,Left,0
cellula_MI_data_419.csv,True,CLEAN,147.62927089837225,162.67475986974378,0.8569291371045851,147.62927089837225,91.9898088501524,145.38146995545316,86.66512214288363,297.47269326774386,55.848360969350395,246.62125478946072,50.75673045242012,Left,0
cellula_MI_data_420.csv,False,extreme_ptp_amplitude_FZ_(11829.4uV>200.0uV); extreme_ptp_amplitude_C3_(4953.1uV>200.0uV); extreme_ptp_amplitude_CZ_(8745.1uV>200.0uV); extreme_ptp_amplitude_C4_(1869.1uV>200.0uV); statistical_variance_outlier_(z=2420.56),11829.392152617804,248439.7791954445,2420.558337635051,11829.392152617804,4953.128003120526,8745.14557461378,1869.1433719563038,568802.0298922842,99941.35911080083,310746.6052038481,14269.122574844992,Right,1
cellula_MI_data_421.csv,True,CLEAN,102.27349086146786,129.4000869149513,0.5326351463273862,102.27349086146786,33.40346856745322,92.24746719870542,35.512055180147414,258.6766302253723,29.622424680128763,201.9326974606613,27.368595293642812,Right,1
cellula_MI_data_422.csv,False,extreme_ptp_amplitude_FZ_(97376.9uV>200.0uV); extreme_ptp_amplitude_C3_(25821.2uV>200.0uV); extreme_ptp_amplitude_CZ_(90058.2uV>200.0uV); extreme_ptp_amplitude_C4_(33139.2uV>200.0uV); statistical_variance_outlier_(z=200177.96),97376.87417656838,20539635.306792773,200177.95731267845,97376.87417656838,25821.22293007411,90058.2352838984,33139.22398373221,40240673.991460994,2832388.4526584856,34422117.94543948,4663360.83761213,Left,0
cellula_MI_data_423.csv,True,CLEAN,99.72458606616462,122.76500382674656,0.46796982033798984,99.72458606616462,40.20256743397234,90.9454818464287,39.71174213267335,228.55885441696464,46.585986668670294,178.37789110854328,37.53728311280805,Left,0
cellula_MI_data_424.csv,False,extreme_ptp_amplitude_C3_(220.0uV>200.0uV),220.03188530861792,205.33202040987123,1.2726655524549346,90.13516777547456,220.03188530861792,62.5758867906074,192.8410870169563,165.6411752119986,332.1481589315093,91.58248133390002,231.95626616207716,Right,1
cellula_MI_data_425.csv,False,extreme_ptp_amplitude_FZ_(435.6uV>200.0uV); extreme_ptp_amplitude_CZ_(354.8uV>200.0uV),435.61694588200226,435.16701578658837,3.512630704696637,435.61694588200226,90.60220290479954,354.80889307250544,150.17466472824728,861.15393252678,146.892319117446,559.7517754187373,172.87003608339026,Left,0
cellula_MI_data_426.csv,True,CLEAN,71.39603478135652,102.36862035675118,0.26918726274851756,71.39603478135652,58.13343977233174,55.71016443913726,49.27574378692272,130.28661830034207,104.30505450622861,90.50796294660903,84.37484567382502,Right,1
cellula_MI_data_427.csv,False,extreme_ptp_amplitude_FZ_(259.3uV>200.0uV); extreme_ptp_amplitude_CZ_(208.7uV>200.0uV),259.33321899081864,183.958521593974,1.0643600572425245,259.33321899081864,60.79467337095506,208.71093114445335,79.17878191130394,327.112209182762,101.82807811744986,216.02906844035078,90.86473063533342,Left,0
cellula_MI_data_428.csv,True,CLEAN,84.84307354711706,100.77467199461819,0.2536526885649886,84.84307354711706,65.30068372210206,71.29673830223447,58.41133418069749,129.76422066002146,102.18702743498534,88.67997473482374,82.46746514864218,Left,0
cellula_MI_data_429.csv,False,extreme_ptp_amplitude_FZ_(414.0uV>200.0uV); extreme_ptp_amplitude_CZ_(329.5uV>200.0uV),414.0199763148735,359.78340149728325,2.7779442015324687,414.0199763148735,57.10018154974554,329.53453632823897,81.03697476416482,760.8590345611394,102.61633419188969,484.4657445875519,91.19249264855196,Left,0
cellula_MI_data_430.csv,False,extreme_ptp_amplitude_FZ_(12349.4uV>200.0uV); extreme_ptp_amplitude_C3_(10746.1uV>200.0uV); extreme_ptp_amplitude_CZ_(8949.2uV>200.0uV); extreme_ptp_amplitude_C4_(7346.3uV>200.0uV); statistical_variance_outlier_(z=4123.22),12349.352673539215,423144.1194495327,4123.221735230845,12349.352673539215,10746.060922666393,8949.1895636493,7346.3450963510095,641340.3882168592,486859.1068147868,336672.4504304312,227704.53233605355,Right,1
cellula_MI_data_431.csv,True,CLEAN,67.46862391458478,72.23543090207049,-0.024489921588657367,67.46862391458478,40.67555864667811,56.91788725527306,39.4549462634168,104.16820778615185,57.34221562646582,75.42666301985315,52.00463717581112,Right,1
cellula_MI_data_432.csv,True,CLEAN,69.9476063978768,93.74565421227018,0.1851480865519665,69.9476063978768,63.870399163254895,60.909681444007106,56.18741847907609,140.9752668209844,67.00743697129222,107.37795025809896,59.62196279870516,Right,1
cellula_MI_data_433.csv,True,CLEAN,93.52602600223817,116.43406281311215,0.40626865412439833,93.52602600223817,44.34963764352158,86.6950397239687,46.45325334134866,204.86212964150138,49.53451561492801,164.36794611995057,46.971659876068635,Right,1
cellula_MI_data_434.csv,False,extreme_ptp_amplitude_FZ_(285.9uV>200.0uV); extreme_ptp_amplitude_CZ_(258.8uV>200.0uV),285.9441179292145,255.62344568578268,1.7628043143522059,285.9441179292145,99.60362919681441,258.7825182220598,122.9562321844472,476.0270905295627,75.85389350568533,380.6255215066574,89.9872772012253,Right,1
cellula_MI_data_435.csv,True,CLEAN,94.74490655825062,118.63708831171645,0.4277392762909017,94.74490655825062,49.57557837609288,84.74764774559225,46.127071559331334,207.50969498629112,53.433391351855335,163.07235995033034,50.53290695838901,Left,0
cellula_MI_data_436.csv,True,CLEAN,156.80380583411466,139.28640967865624,0.628986959236537,156.80380583411466,71.42661556886247,144.55087270969696,78.32771268215987,241.43169617548017,60.06958645835491,194.94234393548365,60.702012145306185,Left,0
cellula_MI_data_437.csv,False,extreme_ptp_amplitude_FZ_(498.5uV>200.0uV); extreme_ptp_amplitude_CZ_(403.7uV>200.0uV); statistical_variance_outlier_(z=4.59),498.47237249712055,546.0437487187864,4.593232105520967,498.47237249712055,133.20676164430822,403.7433545624485,56.33871178179993,1209.573808868795,113.04840716758231,811.7196352447925,49.8331435939764,Right,1
cellula_MI_data_438.csv,True,CLEAN,110.19229607171266,135.9743767378634,0.5967079829288058,110.19229607171266,94.72982287416376,103.68920165747309,88.39551972687838,227.6302147713584,68.75707089969207,183.84013447220465,63.670086808198434,Left,0
cellula_MI_data_439.csv,False,extreme_ptp_amplitude_FZ_(298.2uV>200.0uV); extreme_ptp_amplitude_CZ_(259.3uV>200.0uV),298.15139296435257,262.4402769340848,1.829240952601665,298.15139296435257,68.14115872147696,259.2578112591875,87.26875952524354,510.2566335051168,67.5096705020024,393.5143316976557,78.48047203156452,Left,0
cellula_MI_data_440.csv,True,CLEAN,94.8885766118019,107.20257035751888,0.31629879827273427,94.8885766118019,40.5057683482473,84.59416008249683,43.776185990444496,183.3783838941672,52.65355306234297,144.0608826682069,48.7174618053584,Left,0
cellula_MI_data_441.csv,True,CLEAN,72.30376374172661,100.2542315525067,0.24858049121646814,72.30376374172661,37.77436313205179,64.61851139040208,35.670322638231056,177.6191979600701,40.6761357944382,145.19430628655152,37.52728616896693,Right,1
cellula_MI_data_442.csv,False,extreme_ptp_amplitude_FZ_(14597.6uV>200.0uV); extreme_ptp_amplitude_C3_(8085.5uV>200.0uV); extreme_ptp_amplitude_CZ_(14318.2uV>200.0uV); extreme_ptp_amplitude_C4_(8364.2uV>200.0uV); statistical_variance_outlier_(z=5561.84),14597.63780145775,570755.5350135776,5561.838280089809,14597.63780145775,8085.500454093935,14318.178450446132,8364.226777847907,879010.2562448032,269691.4982828099,845680.3651945003,288640.0203321967,Left,0
cellula_MI_data_443.csv,False,extreme_ptp_amplitude_FZ_(1332.3uV>200.0uV); extreme_ptp_amplitude_C3_(6095.8uV>200.0uV); extreme_ptp_amplitude_CZ_(207.6uV>200.0uV); extreme_ptp_amplitude_C4_(4607.5uV>200.0uV); statistical_variance_outlier_(z=592.42),6095.762045620116,60860.859212839845,592.4196620278914,1332.2911007538155,6095.762045620116,207.61758768519678,4607.5366443808425,7216.007173574457,150210.26929809025,270.2972240197838,85746.8631556749,Right,1
cellula_MI_data_444.csv,True,CLEAN,111.82702505048674,124.60881384247004,0.4859395388998011,111.82702505048674,44.09557030377103,102.52687869007495,37.83120496640194,224.41461934528024,42.85911319525157,196.11075431106346,35.0507685182849,Right,1
cellula_MI_data_445.csv,False,extreme_ptp_amplitude_FZ_(12078.9uV>200.0uV); extreme_ptp_amplitude_C3_(2292.0uV>200.0uV); extreme_ptp_amplitude_CZ_(11315.6uV>200.0uV); extreme_ptp_amplitude_C4_(3055.3uV>200.0uV); statistical_variance_outlier_(z=2770.38),12078.885622329575,284333.8197220566,2770.3806082643714,12078.885622329575,2292.0141482614795,11315.598347571538,3055.301423019513,575063.4782345404,20750.367088291714,504699.5009652606,36821.93260013372,Right,1
cellula_MI_data_446.csv,False,extreme_ptp_amplitude_FZ_(607.0uV>200.0uV); extreme_ptp_amplitude_CZ_(574.4uV>200.0uV); statistical_variance_outlier_(z=8.01),607.0330272890845,896.6140002248736,8.00987953773265,607.0330272890845,155.57413791970126,574.4281645603951,184.49602656626303,1727.1475929985882,141.15096173189636,1544.038378282041,174.11906788696905,Left,0
cellula_MI_data_447.csv,True,CLEAN,89.35385952710317,119.74634208219575,0.43855003114045693,89.35385952710317,39.29911318554685,80.37701884198644,34.79070348699522,216.46688612268213,43.560535681125444,185.4502954740189,33.50765105095654,Left,0
cellula_MI_data_448.csv,True,CLEAN,98.85687832586265,153.3022418937486,0.7655848506499605,98.85687832586265,67.30565421966297,96.98015227277887,41.27271596836897,244.3472803402299,63.3400887768755,269.6390935404138,35.88250491747518,Left,0
cellula_MI_data_449.csv,True,CLEAN,80.77412151314564,130.4834871823403,0.5431939336909165,80.77412151314564,36.69067874696319,79.62746832166786,30.61413015214398,221.81646553321121,42.179867812443874,228.82987393703843,29.10774144666765,Left,0
cellula_MI_data_450.csv,False,extreme_ptp_amplitude_FZ_(5428.0uV>200.0uV); extreme_ptp_amplitude_C3_(17015.6uV>200.0uV); extreme_ptp_amplitude_CZ_(7747.3uV>200.0uV); extreme_ptp_amplitude_C4_(14696.2uV>200.0uV); statistical_variance_outlier_(z=6208.84),17015.585998946495,637142.2885944799,6208.841641557636,5428.005801589565,17015.585998946495,7747.259724311504,14696.248992014818,125608.1029796066,1240968.9614914912,256187.2443768033,925804.8455300184,Right,1
cellula_MI_data_451.csv,False,extreme_ptp_amplitude_FZ_(483.8uV>200.0uV); extreme_ptp_amplitude_C3_(207.1uV>200.0uV); extreme_ptp_amplitude_CZ_(506.9uV>200.0uV); statistical_variance_outlier_(z=5.60),506.92021631150817,649.3131236503923,5.599692417456619,483.7781672348758,207.08378886907224,506.92021631150817,182.98094533442026,1083.857034009594,197.06458570280185,1166.6205257504696,149.71034913870403,Right,1
cellula_MI_data_452.csv,False,extreme_ptp_amplitude_FZ_(7681.6uV>200.0uV); extreme_ptp_amplitude_C3_(14160.9uV>200.0uV); extreme_ptp_amplitude_CZ_(11630.2uV>200.0uV); extreme_ptp_amplitude_C4_(10209.6uV>200.0uV); statistical_variance_outlier_(z=5057.71),14160.895342584496,519028.83143603156,5057.711337784414,7681.619281475204,14160.895342584496,11630.193153524528,10209.577559699412,244870.84061579738,835053.4619255769,562161.1999138729,434029.8232888792,Right,1
cellula_MI_data_453.csv,True,CLEAN,99.64425139385662,114.04632309437508,0.3829978125633562,90.29419016556326,42.956340684369806,99.64425139385662,33.48552942869134,183.3928615471715,35.8305837390979,215.20247243422386,21.7593746570071,Left,0
cellula_MI_data_454.csv,True,CLEAN,103.26820384600039,151.64087254378572,0.7493931934881797,103.26820384600039,38.92755976526052,100.46995376620909,36.20675259690212,279.3483339976783,36.0701567199674,266.6538102225463,24.491189234950898,Right,1
cellula_MI_data_455.csv,False,extreme_ptp_amplitude_FZ_(407.8uV>200.0uV); extreme_ptp_amplitude_CZ_(412.4uV>200.0uV),412.4087165818586,447.96618333860965,3.637371017838414,407.7910721713142,139.80274130920714,412.4087165818586,133.259271395102,806.1400364057649,92.49315381972242,809.6110436959467,83.62049943300462,Left,0
cellula_MI_data_456.csv,True,CLEAN,116.98224543237127,114.47406461075984,0.3871665688891648,116.98224543237127,40.24477944406687,75.72488515107341,36.17636966633099,220.95440466136802,27.450913298066833,188.25865123012585,21.232289253478644,Left,0
cellula_MI_data_457.csv,True,CLEAN,86.55110078852499,104.87499095864258,0.2936142774319766,84.66347512121567,79.56418848303115,86.55110078852499,59.188441692331246,165.82581220796652,45.03125226189267,182.65809156912215,25.98480779558902,Right,1
cellula_MI_data_458.csv,False,extreme_ptp_amplitude_FZ_(202.4uV>200.0uV); extreme_ptp_amplitude_CZ_(220.3uV>200.0uV),220.31771011696947,167.49803385217956,0.9039366244659491,202.36385069777594,86.51668512677436,220.31771011696947,68.08398735476666,275.70059411301156,49.43648594164559,314.9043036792991,29.95075167476192,Right,1
cellula_MI_data_459.csv,True,CLEAN,67.66651813586782,94.27401492686064,0.19029747464474278,64.1512303537085,32.157366043984595,67.66651813586782,28.709517854430132,152.0457288443729,32.61998035711383,169.3755083000713,23.05484220588458,Right,1
cellula_MI_data_460.csv,False,extreme_ptp_amplitude_FZ_(376.2uV>200.0uV); extreme_ptp_amplitude_C3_(334.8uV>200.0uV),376.1633914857918,393.1382673872775,3.1030197503139805,376.1633914857918,334.8298592045277,52.15076316770424,135.26068926611657,730.0428682350808,565.1519541360393,43.781749059801655,233.57649811818806,Left,0
cellula_MI_data_461.csv,False,extreme_ptp_amplitude_C4_(232.4uV>200.0uV),232.37491624005767,235.5402910105742,1.5670744754483774,122.1941320370897,143.1389175791236,91.35831615009373,232.37491624005767,298.7284469502068,283.7149280639471,54.77037039323754,304.9474186349055,Right,1
cellula_MI_data_462.csv,False,extreme_ptp_amplitude_FZ_(9224.3uV>200.0uV); extreme_ptp_amplitude_C3_(2248.8uV>200.0uV); extreme_ptp_amplitude_CZ_(6453.2uV>200.0uV); extreme_ptp_amplitude_C4_(13429.4uV>200.0uV); statistical_variance_outlier_(z=3093.93),13429.433245485112,317532.21706824016,3093.9312191878184,9224.310194983564,2248.7989881345566,6453.202966612013,13429.433245485112,345870.74309955107,20505.81835641042,169421.04341983935,734331.2633971598,Right,1
cellula_MI_data_463.csv,False,extreme_ptp_amplitude_FZ_(34314.1uV>200.0uV); extreme_ptp_amplitude_C3_(25615.7uV>200.0uV); extreme_ptp_amplitude_CZ_(10381.3uV>200.0uV); extreme_ptp_amplitude_C4_(19079.2uV>200.0uV); statistical_variance_outlier_(z=23702.16),34314.087883361295,2432070.4683956215,23702.159258142325,34314.087883361295,25615.732678255274,10381.325066312009,19079.159035769542,4969590.508458007,2767933.641755197,454240.0655157978,1536517.6578534842,Right,1
cellula_MI_data_464.csv,False,extreme_ptp_amplitude_FZ_(13126.1uV>200.0uV); extreme_ptp_amplitude_C3_(8314.2uV>200.0uV); extreme_ptp_amplitude_CZ_(2407.6uV>200.0uV); extreme_ptp_amplitude_C4_(7218.5uV>200.0uV); statistical_variance_outlier_(z=2942.25),13126.115056233113,301969.1579729976,2942.2540997896945,13126.115056233113,8314.23083086255,2407.5763564273057,7218.545697746722,695295.6838351323,279020.30398114526,23357.671330938778,210202.9727447739,Right,1
cellula_MI_data_465.csv,False,extreme_ptp_amplitude_C4_(256.8uV>200.0uV),256.750991480809,225.93405377022174,1.473452367869473,98.1955784282919,136.96517674126443,118.01398261185524,256.750991480809,259.90915536574994,180.55107334415558,82.17658393876363,381.0994024322177,Right,1
cellula_MI_data_466.csv,False,extreme_ptp_amplitude_FZ_(16592.0uV>200.0uV); extreme_ptp_amplitude_C3_(12687.8uV>200.0uV); extreme_ptp_amplitude_CZ_(6957.2uV>200.0uV); extreme_ptp_amplitude_C4_(10860.4uV>200.0uV); statistical_variance_outlier_(z=5933.00),16592.0096507979,608839.2488579797,5933.001042921389,16592.0096507979,12687.780349403964,6957.209770763846,10860.370697217439,1112393.3591071994,650589.0136057211,195628.4338474305,476746.18887156737,Right,1
cellula_MI_data_467.csv,True,CLEAN,93.69173717884462,147.5328016037687,0.7093560540895764,93.69173717884462,76.98203110903438,38.63021544854843,80.86980456369324,275.42053730511367,138.57520226920258,34.68952195026773,141.44594489049078,Right,1
cellula_MI_data_468.csv,True,CLEAN,199.0533813052192,269.1752280906552,1.894879589868546,199.0533813052192,150.15852798408122,58.681970348568136,187.40173137106217,369.41755682737653,254.43285213747882,51.48105398090679,401.36944941685863,Right,1
cellula_MI_data_469.csv,False,extreme_ptp_amplitude_FZ_(217.5uV>200.0uV); extreme_ptp_amplitude_C3_(338.9uV>200.0uV); extreme_ptp_amplitude_C4_(292.4uV>200.0uV),338.90752100195476,426.3708619181742,3.4269036460008597,217.46542304088146,338.90752100195476,100.43902799220427,292.37333949822556,331.7495754414899,629.9453262007119,90.66189104268261,653.1266549878126,Left,0
cellula_MI_data_470.csv,True,CLEAN,108.71020280584358,184.36069962248638,1.0682796725621515,85.95915967944676,90.14346561919535,42.95039944302998,108.71020280584358,153.61526783789614,170.167730846914,55.34952673747884,358.3102730676566,Left,0
cellula_MI_data_471.csv,True,CLEAN,151.2267992087178,209.37150052509043,1.3120342076783633,116.4743470355761,151.2267992087178,49.050220138886985,138.87797492743158,160.64565814230278,224.3790163008662,58.580335224997576,393.88099243219517,Left,0
cellula_MI_data_472.csv,False,extreme_ptp_amplitude_FZ_(8817.7uV>200.0uV); extreme_ptp_amplitude_C3_(1854.0uV>200.0uV); extreme_ptp_amplitude_CZ_(5050.7uV>200.0uV); extreme_ptp_amplitude_C4_(12046.1uV>200.0uV); statistical_variance_outlier_(z=2356.25),12046.096768881289,241841.756118594,2356.254197433915,8817.710950104385,1854.0327604412723,5050.725585768501,12046.096768881289,300066.96955922304,13394.782901245166,97899.08116913868,556006.1908447691,Right,1
cellula_MI_data_473.csv,False,extreme_ptp_amplitude_C3_(376.8uV>200.0uV); extreme_ptp_amplitude_C4_(547.2uV>200.0uV); statistical_variance_outlier_(z=5.02),547.2181808169811,589.6929259889121,5.018635712351359,72.05678142523348,376.8333352553925,187.7514408711905,547.2181808169811,125.27874662519903,649.2545131373095,174.84368559026885,1409.394758602871,Right,1
cellula_MI_data_474.csv,False,extreme_ptp_amplitude_FZ_(7917.0uV>200.0uV); extreme_ptp_amplitude_C3_(8651.2uV>200.0uV); extreme_ptp_amplitude_CZ_(1707.9uV>200.0uV); extreme_ptp_amplitude_C4_(987.3uV>200.0uV); statistical_variance_outlier_(z=1350.07),8651.249394542587,138601.2217099544,1350.0749643927581,7917.034839686003,8651.249394542587,1707.8747702183218,987.3398732802707,245662.75471987418,293298.0387794622,11405.818343196637,4038.274997284686,Right,1
cellula_MI_data_475.csv,True,CLEAN,148.7124962000791,169.7041805736161,0.9254376659790152,59.465339898231264,105.03488111694519,51.16834829576446,148.7124962000791,109.02991352384743,166.38568729145408,47.21012920430861,356.19099227485435,Left,0
cellula_MI_data_476.csv,False,extreme_ptp_amplitude_C4_(490.0uV>200.0uV),490.0274225666133,450.44567476591266,3.6615360688713836,193.68803028285333,138.7326308146553,183.87705452530548,490.0274225666133,223.4907089448045,223.71724153274997,163.47919305416164,1191.0955555319345,Left,0
cellula_MI_data_477.csv,False,extreme_ptp_amplitude_FZ_(1632.1uV>200.0uV); extreme_ptp_amplitude_C3_(5915.8uV>200.0uV); extreme_ptp_amplitude_CZ_(4295.5uV>200.0uV); extreme_ptp_amplitude_C4_(11843.5uV>200.0uV); statistical_variance_outlier_(z=1753.68),11843.455239228735,180013.2750648118,1753.6756268837396,1632.132822408324,5915.781116580807,4295.5413002396035,11843.455239228735,9949.382936795253,128175.46101746087,67670.54576584358,514257.7105391475,Left,0
cellula_MI_data_478.csv,False,extreme_ptp_amplitude_FZ_(222.5uV>200.0uV); extreme_ptp_amplitude_C4_(361.8uV>200.0uV),361.76700214632865,349.54048185218977,2.6781170058322896,222.4911749860018,86.75847062459808,146.49654327463904,361.76700214632865,331.72466255367135,152.75533253704126,127.16053453245594,786.5213977855906,Right,1
cellula_MI_data_479.csv,False,extreme_ptp_amplitude_FZ_(331.7uV>200.0uV); extreme_ptp_amplitude_CZ_(213.9uV>200.0uV); extreme_ptp_amplitude_C4_(497.3uV>200.0uV); statistical_variance_outlier_(z=4.29),497.2928412355378,515.1009557393347,4.291664548877143,331.7114120747338,81.0339307292805,213.87601587369528,497.2928412355378,513.6457783975629,136.80081248106137,211.14732734141774,1198.809904737297,Right,1
cellula_MI_data_480.csv,False,extreme_ptp_amplitude_FZ_(15002.1uV>200.0uV); extreme_ptp_amplitude_C3_(22407.2uV>200.0uV); extreme_ptp_amplitude_CZ_(3288.7uV>200.0uV); extreme_ptp_amplitude_C4_(4125.7uV>200.0uV); statistical_variance_outlier_(z=7584.52),22407.167228067676,778295.9554972207,7584.521156572441,15002.145055470752,22407.167228067676,3288.6587572849676,4125.673408742676,928130.0352548098,2070286.919670057,44637.44293453474,70129.42412948195,Left,0
cellula_MI_data_481.csv,False,extreme_ptp_amplitude_C4_(360.5uV>200.0uV),360.5006772582983,282.66636312425965,2.0263637978758116,102.84745599528287,172.04078041342567,117.0357740278439,360.5006772582983,119.16372875169324,207.77418884145166,82.1081575180433,721.6193773858503,Right,1
cellula_MI_data_482.csv,False,extreme_ptp_amplitude_FZ_(319.9uV>200.0uV); extreme_ptp_amplitude_C3_(252.6uV>200.0uV); extreme_ptp_amplitude_C4_(249.1uV>200.0uV),319.8855276516581,413.66670545512716,3.3030893081572748,319.8855276516581,252.57726659790745,118.40579881444512,249.11973552562722,594.2887785554918,378.81835315161106,108.33221282063234,573.2274772927734,Left,0
cellula_MI_data_483.csv,False,extreme_ptp_amplitude_FZ_(8646.0uV>200.0uV); extreme_ptp_amplitude_C3_(14906.8uV>200.0uV); extreme_ptp_amplitude_CZ_(2198.7uV>200.0uV); extreme_ptp_amplitude_C4_(4083.4uV>200.0uV); statistical_variance_outlier_(z=3146.32),14906.82576122653,322907.2731597004,3146.316358868053,8645.960556924096,14906.82576122653,2198.661329016085,4083.3560095897683,303491.57726738503,901146.0487650187,19688.374244624156,67303.09236177379,Left,0
cellula_MI_data_484.csv,False,extreme_ptp_amplitude_C4_(327.0uV>200.0uV),327.02306317069815,330.1160036412774,2.4888066085117884,143.7546031077779,157.7790012111341,88.5532886515665,327.02306317069815,254.49694299292582,339.1338903610103,71.03240046675027,655.8007807444234,Right,1
cellula_MI_data_485.csv,False,extreme_ptp_amplitude_FZ_(7109.4uV>200.0uV); extreme_ptp_amplitude_C3_(4478.2uV>200.0uV); extreme_ptp_amplitude_CZ_(3362.2uV>200.0uV); extreme_ptp_amplitude_C4_(6015.0uV>200.0uV); statistical_variance_outlier_(z=1014.95),7109.390095183667,104214.94326533534,1014.9472989779314,7109.390095183667,4478.211726858911,3362.1685211909535,6015.01550334691,178776.4961321963,71357.25429333004,39925.4799613515,126800.5426744635,Right,1
cellula_MI_data_486.csv,False,extreme_ptp_amplitude_FZ_(13415.3uV>200.0uV); extreme_ptp_amplitude_C3_(28266.6uV>200.0uV); extreme_ptp_amplitude_CZ_(1131.3uV>200.0uV); extreme_ptp_amplitude_C4_(13738.7uV>200.0uV); statistical_variance_outlier_(z=11696.17),28266.619794226368,1200178.0878665196,11696.172096899094,13415.335705330617,28266.619794226368,1131.294244981189,13738.651166441374,739609.3269083167,3282316.507031104,5286.328528042485,773500.188998615,Left,0
cellula_MI_data_487.csv,False,extreme_ptp_amplitude_FZ_(270.4uV>200.0uV); extreme_ptp_amplitude_C4_(235.4uV>200.0uV); statistical_variance_outlier_(z=4.83),270.38784384924395,570.0420256150733,4.827118611243999,270.38784384924395,166.78708903411103,147.72149601784355,235.41669527410633,872.8349326238288,345.7568843218415,265.8778919252631,795.6983935893599,Right,1
cellula_MI_data_488.csv,False,extreme_ptp_amplitude_FZ_(19900.7uV>200.0uV); extreme_ptp_amplitude_C3_(57065.6uV>200.0uV); extreme_ptp_amplitude_CZ_(41692.6uV>200.0uV); extreme_ptp_amplitude_C4_(118631.8uV>200.0uV); statistical_variance_outlier_(z=192320.65),118631.7804798212,19733424.282835227,192320.64821987462,19900.714923025876,57065.559246819874,41692.64704481397,118631.7804798212,1604219.9088901898,13203182.996811852,7048619.730740138,57077674.49489872,Right,1
cellula_MI_data_489.csv,False,extreme_ptp_amplitude_FZ_(7785.4uV>200.0uV); extreme_ptp_amplitude_C3_(1418.5uV>200.0uV); extreme_ptp_amplitude_CZ_(4046.7uV>200.0uV); extreme_ptp_amplitude_C4_(10431.3uV>200.0uV); statistical_variance_outlier_(z=1690.26),10431.308114713072,173506.86717221158,1690.2643655925392,7785.440573969808,1418.475596077868,4046.68697996032,10431.308114713072,224432.71620046257,8378.838849982792,60481.14674490496,400734.7668934959,Left,0
cellula_MI_data_490.csv,True,CLEAN,113.16812573760038,137.95105816320347,0.6159726623680177,107.28050099964383,82.63103445020724,47.019391870419526,113.16812573760038,167.44529391499736,89.25030449372565,40.36808703548037,254.7405472086105,Left,0
cellula_MI_data_491.csv,False,extreme_ptp_amplitude_FZ_(21765.1uV>200.0uV); extreme_ptp_amplitude_C3_(13581.0uV>200.0uV); extreme_ptp_amplitude_CZ_(7245.9uV>200.0uV); extreme_ptp_amplitude_C4_(15449.6uV>200.0uV); statistical_variance_outlier_(z=9509.88),21765.056662074243,975850.4196475911,9509.881194286872,21765.056662074243,13581.04981820942,7245.925626322769,15449.634067528956,1947368.48888481,758003.1324730144,215990.16045107893,982039.8967814613,Right,1
cellula_MI_data_492.csv,True,CLEAN,143.5153306720486,185.996254567086,1.0842197432832132,116.13894989663766,143.5153306720486,38.126802893341676,103.49503544593,232.70994384248465,183.58962014183814,34.88490208771641,292.8005521963048,Left,0
cellula_MI_data_493.csv,False,extreme_ptp_amplitude_C4_(216.0uV>200.0uV),216.03110933709257,207.17503485825682,1.2906275174407067,105.30959015948142,94.66395231441277,47.0176947295048,216.03110933709257,223.06323471712875,134.64311219037967,40.98383799866989,430.0099545268489,Left,0
cellula_MI_data_494.csv,False,extreme_ptp_amplitude_C4_(261.1uV>200.0uV),261.13988681970613,351.58846091231555,2.698076549937762,140.211317381372,194.2220363156766,64.75417502340909,261.13988681970613,358.7663357745095,289.6258079911103,72.79512651083654,685.1665733728058,Left,0
cellula_MI_data_495.csv,False,extreme_ptp_amplitude_FZ_(301.8uV>200.0uV); extreme_ptp_amplitude_C3_(272.8uV>200.0uV); extreme_ptp_amplitude_C4_(396.2uV>200.0uV); statistical_variance_outlier_(z=5.46),396.18411618492195,634.787815269216,5.458129186208611,301.82247968987383,272.8056843209891,126.87860438825044,396.18411618492195,762.465080149428,527.0583717602061,142.12984501666085,1107.4979641505695,Right,1
cellula_MI_data_496.csv,False,extreme_ptp_amplitude_FZ_(222.7uV>200.0uV); extreme_ptp_amplitude_C3_(261.4uV>200.0uV); extreme_ptp_amplitude_C4_(367.1uV>200.0uV); statistical_variance_outlier_(z=4.51),367.0618561742216,537.9822386859537,4.514664864190313,222.7452774167926,261.3737840343484,147.152816543793,367.0618561742216,459.0565297846183,614.8613561297501,130.75464584479096,947.256422984655,Left,0
cellula_MI_data_497.csv,False,extreme_ptp_amplitude_C3_(217.2uV>200.0uV); extreme_ptp_amplitude_C4_(258.2uV>200.0uV),258.204161404724,221.35120037211868,1.4287880125011467,62.59070902726583,217.2044578895824,63.147297749315065,258.204161404724,102.07105976705469,255.3322503793031,43.56655305105629,484.4349382910606,Right,1
cellula_MI_data_498.csv,False,extreme_ptp_amplitude_FZ_(294.3uV>200.0uV); extreme_ptp_amplitude_C4_(322.7uV>200.0uV),322.65257365122096,341.6770308343932,2.601480041877547,294.25258527050363,158.57281474480914,157.7003770227784,322.65257365122096,419.75851548117026,183.72520339568894,125.97720385311372,637.2472006075998,Left,0
cellula_MI_data_499.csv,True,CLEAN,164.88409460626292,158.46746223119482,0.8159249372001645,63.265156675526555,154.81648532138632,40.150099594307164,164.88409460626292,98.82416266419627,168.45825736190835,36.80184217800209,329.7855867206725,Left,0
cellula_MI_data_500.csv,False,extreme_ptp_amplitude_FZ_(240.1uV>200.0uV); extreme_ptp_amplitude_C4_(474.0uV>200.0uV),473.96213801329594,443.18891649697093,3.590811914727546,240.08963007501364,124.2455724774465,185.78221953873418,473.96213801329594,327.5054950923727,180.20271555128357,155.97397703039022,1109.073478313837,Right,1
cellula_MI_data_501.csv,False,extreme_ptp_amplitude_FZ_(7495.5uV>200.0uV); extreme_ptp_amplitude_C3_(6923.0uV>200.0uV); extreme_ptp_amplitude_CZ_(3604.8uV>200.0uV); extreme_ptp_amplitude_C4_(4194.2uV>200.0uV); statistical_variance_outlier_(z=1272.10),7495.490437598886,130600.37287245248,1272.098925300091,7495.490437598886,6922.988217141252,3604.7819273682817,4194.220011924577,218115.6083897477,185393.03364082373,50479.18434852244,68413.66511071604,Right,1
cellula_MI_data_502.csv,False,extreme_ptp_amplitude_FZ_(6945.3uV>200.0uV); extreme_ptp_amplitude_C3_(14308.5uV>200.0uV); extreme_ptp_amplitude_CZ_(1424.2uV>200.0uV); extreme_ptp_amplitude_C4_(8794.9uV>200.0uV); statistical_variance_outlier_(z=3303.05),14308.532512609592,338989.38410688844,3303.052142455496,6945.2679196673635,14308.532512609592,1424.2378569964749,8794.945990373435,197708.85453386017,836000.1184281738,8199.483551005755,314049.07991451403,Left,0
cellula_MI_data_503.csv,True,CLEAN,98.09525359818335,186.19979082022437,1.0862034016616968,89.62625356271545,98.09525359818335,40.94498348047682,96.79245455172513,217.80647615915788,220.50417485797107,39.66556064453455,266.82295161923395,Left,0
cellula_MI_data_504.csv,False,extreme_ptp_amplitude_FZ_(375.4uV>200.0uV); extreme_ptp_amplitude_C3_(577.8uV>200.0uV); statistical_variance_outlier_(z=6.26),577.845400996038,717.1307712263961,6.260641230009149,375.38388034639684,577.845400996038,93.33116529419758,198.3408402169057,797.3980500686442,1465.5065974315976,94.70355822869075,510.91487917665177,Left,0
cellula_MI_data_505.csv,True,CLEAN,53.81730537599788,24.21548739246036,-0.4924908885338253,47.40735175522144,23.969166240414097,17.07290207692408,53.81730537599788,33.88799335033684,10.587080917131772,4.677816144247527,47.7090591581253,Left,0
cellula_MI_data_506.csv,True,CLEAN,40.64093954148622,21.01738311819796,-0.5236595193850204,40.64093954148622,16.771474809950156,18.12306529844185,26.61858459662544,33.79313898598217,10.41224277467248,5.839042183332323,34.025108528804864,Left,0
cellula_MI_data_507.csv,True,CLEAN,31.288530580555857,16.454916607199902,-0.568125184747053,25.118760515369964,17.387988320429223,11.333970302606096,31.288530580555857,19.621485071139208,9.962249775215133,3.708650652737054,32.52728092970821,Left,0
cellula_MI_data_508.csv,True,CLEAN,31.457216087493478,18.23457657065053,-0.5507806707210876,24.435220690898355,18.3166158265554,11.294620429960272,31.457216087493478,23.052968980512905,10.340072668074487,4.377775175915165,35.16748945809955,Left,0
cellula_MI_data_509.csv,True,CLEAN,33.57523039784967,18.152116970396335,-0.5515843195768002,24.29376493978622,19.641146236627257,10.359680778563812,33.57523039784967,19.444428569726355,12.565242030484026,3.7201912425152885,36.87860603885967,Left,0
cellula_MI_data_510.csv,False,extreme_ptp_amplitude_FZ_(62489.8uV>200.0uV); extreme_ptp_amplitude_C3_(60683.5uV>200.0uV); extreme_ptp_amplitude_CZ_(414.2uV>200.0uV); extreme_ptp_amplitude_C4_(122759.1uV>200.0uV); statistical_variance_outlier_(z=302893.73),122759.1182541908,31078942.137830116,302893.7338706033,62489.79852592078,60683.50780442513,414.1880761550856,122759.1182541908,21425596.037523057,20204920.704993702,944.5014685597469,82684307.30733514,Left,0
cellula_MI_data_511.csv,False,extreme_ptp_amplitude_FZ_(60330.6uV>200.0uV); extreme_ptp_amplitude_C3_(41423.6uV>200.0uV); extreme_ptp_amplitude_CZ_(25020.7uV>200.0uV); extreme_ptp_amplitude_C4_(76733.5uV>200.0uV); statistical_variance_outlier_(z=138780.35),76733.5151669414,14239841.527184963,138780.35113220534,60330.59006195249,41423.60583890136,25020.680733912428,76733.5151669414,17465871.371218927,8234253.153626851,3003931.9976346986,28255309.58625938,Right,1
cellula_MI_data_512.csv,True,CLEAN,35.446312905386954,14.796290833246319,-0.5842901030971779,27.858292596982835,19.29346002629496,11.825954115547063,35.446312905386954,18.051407486393135,8.670343081766116,3.4003045637880818,29.06310820103794,Left,0
cellula_MI_data_513.csv,False,extreme_ptp_amplitude_FZ_(65956.6uV>200.0uV); extreme_ptp_amplitude_C3_(47183.2uV>200.0uV); extreme_ptp_amplitude_CZ_(30641.8uV>200.0uV); extreme_ptp_amplitude_C4_(82498.2uV>200.0uV); statistical_variance_outlier_(z=219096.25),82498.17188123398,22480774.689234965,219096.24503987006,65956.62947832716,47183.16966859024,30641.81061740566,82498.17188123398,27314951.023601826,13978527.316880856,5895180.302751726,42734440.11370544,Left,0
cellula_MI_data_514.csv,True,CLEAN,157.47984274893594,237.84372964348682,1.589523721089123,90.441098025227,92.3485730838047,56.60344805892373,157.47984274893594,238.57188974125586,210.106275085592,55.126151864694656,447.5706018824049,Right,1
cellula_MI_data_515.csv,False,extreme_ptp_amplitude_FZ_(8088.5uV>200.0uV); extreme_ptp_amplitude_C3_(5053.4uV>200.0uV); extreme_ptp_amplitude_CZ_(6118.4uV>200.0uV); extreme_ptp_amplitude_C4_(19254.8uV>200.0uV); statistical_variance_outlier_(z=4929.56),19254.8076360228,505879.2997602353,4929.556386125273,8088.489552560881,5053.434503905484,6118.449852067748,19254.8076360228,265093.3290162702,103706.30175176718,151720.910595679,1502996.6576772248,Left,0
cellula_MI_data_516.csv,False,extreme_ptp_amplitude_FZ_(9452.8uV>200.0uV); extreme_ptp_amplitude_C3_(1760.3uV>200.0uV); extreme_ptp_amplitude_CZ_(6217.2uV>200.0uV); extreme_ptp_amplitude_C4_(17409.7uV>200.0uV); statistical_variance_outlier_(z=4291.59),17409.73578608754,440420.26689495414,4291.594563656318,9452.840185685043,1760.2996831333803,6217.22507012124,17409.73578608754,362578.2129875188,12492.84362083266,156834.2712287394,1229775.7397427256,Right,1
cellula_MI_data_517.csv,False,extreme_ptp_amplitude_C4_(239.5uV>200.0uV),239.5359740605394,244.25852502974936,1.6520421295692467,145.11157503468016,80.79934804846988,82.17180203290519,239.5359740605394,247.90054886815483,176.0594998487616,59.544500038130316,493.5295513639507,Right,1
cellula_MI_data_518.csv,True,CLEAN,180.62694850177337,233.03455736358575,1.5426536685087993,126.1889824086314,77.47771661290957,67.40675440948851,180.62694850177337,235.01102977192085,220.63827720549043,52.55366228595815,423.9352601909736,Right,1
cellula_MI_data_519.csv,True,CLEAN,192.40911902322534,245.53783823817582,1.6645102787341763,124.77339853390622,95.84877865234903,52.853090856455225,192.40911902322534,266.35757721145706,231.37378145463737,48.41539236192171,436.00460192468717,Left,0
cellula_MI_data_520.csv,False,extreme_ptp_amplitude_FZ_(5315.4uV>200.0uV); extreme_ptp_amplitude_C3_(9301.4uV>200.0uV); extreme_ptp_amplitude_CZ_(6282.4uV>200.0uV); extreme_ptp_amplitude_C4_(20869.1uV>200.0uV); statistical_variance_outlier_(z=5688.54),20869.080262190946,583755.8614823063,5688.539082158647,5315.378806269138,9301.35406804026,6282.408363543804,20869.080262190946,112501.04476292271,339963.5602308193,156603.14743409597,1725955.693501387,Right,1
cellula_MI_data_521.csv,False,extreme_ptp_amplitude_C3_(209.3uV>200.0uV); extreme_ptp_amplitude_C4_(236.8uV>200.0uV),236.78787458916315,295.25475475676,2.1490498950619856,98.93300083066276,209.28617829070407,63.13825993731476,236.78787458916315,235.68775896671406,370.2200263311907,49.394343270044345,525.7168904590909,Left,0
cellula_MI_data_522.csv,False,extreme_ptp_amplitude_FZ_(365.3uV>200.0uV); extreme_ptp_amplitude_C3_(264.0uV>200.0uV); extreme_ptp_amplitude_C4_(230.8uV>200.0uV),365.3361718726302,411.0850397936648,3.27792847002235,365.3361718726302,264.0022972438453,111.42426831802192,230.75669051275082,638.8363598138338,430.4743410394367,77.23785927141446,497.791599049974,Left,0
cellula_MI_data_523.csv,True,CLEAN,138.192054652202,244.49422275182485,1.6543392326846642,120.53990738262516,94.48773914214736,51.08513043335597,138.192054652202,243.2303690155567,213.76273078118712,55.008678878424284,465.97511233213135,Left,0
cellula_MI_data_524.csv,False,extreme_ptp_amplitude_FZ_(353.5uV>200.0uV); extreme_ptp_amplitude_C3_(529.7uV>200.0uV); statistical_variance_outlier_(z=5.33),529.6504203527422,621.678958046993,5.330370646586031,353.49980148013793,529.6504203527422,64.39752567103042,196.438213501041,692.1021283183806,1254.2629647172027,51.813958378332565,488.53678077405607,Right,1
cellula_MI_data_525.csv,False,extreme_ptp_amplitude_FZ_(201.3uV>200.0uV); extreme_ptp_amplitude_C4_(237.6uV>200.0uV),237.60824490872955,274.89303858933573,1.9506052039908577,201.2608609050112,91.25445057979493,89.99098574891312,237.60824490872955,315.59503817127563,216.79452192891623,63.67822665220806,503.504367604943,Left,0
cellula_MI_data_526.csv,True,CLEAN,160.28355616908442,214.25369823513856,1.3596159639680756,94.80064368676614,86.66948313108631,53.14908856805525,160.28355616908442,210.4868834570291,211.67069640955674,43.70511507091016,391.15209800305826,Left,0
cellula_MI_data_527.csv,False,extreme_ptp_amplitude_FZ_(265.2uV>200.0uV); extreme_ptp_amplitude_C3_(288.4uV>200.0uV),288.3764489396659,322.30377879274295,2.412668893306532,265.20552729094175,288.3764489396659,69.07155221701785,115.4420070172468,411.5998373553358,473.85811630879317,50.806150758155326,352.95101074868745,Left,0
cellula_MI_data_528.csv,False,extreme_ptp_amplitude_C4_(402.3uV>200.0uV),402.2968722680464,406.9316086442725,3.237449251347993,195.8687995724818,136.18365292791933,130.46885133576524,402.2968722680464,344.28092822382644,244.6921451874316,103.95800084216003,934.795360323672,Right,1
cellula_MI_data_529.csv,False,extreme_ptp_amplitude_FZ_(14059.7uV>200.0uV); extreme_ptp_amplitude_C3_(13354.6uV>200.0uV); extreme_ptp_amplitude_CZ_(3376.3uV>200.0uV); extreme_ptp_amplitude_C4_(4086.4uV>200.0uV); statistical_variance_outlier_(z=3975.27),14059.691379823107,407963.06896387343,3975.267660584546,14059.691379823107,13354.5934785394,3376.289007919,4086.3612291648988,798069.8408605069,720433.4924735425,45971.62081344207,67377.32170800242,Left,0
cellula_MI_data_530.csv,True,CLEAN,135.77935290945896,218.79821311348263,1.4039066732425687,126.96812248461958,135.77935290945896,43.865692397724814,119.290708006957,255.212540941851,249.6894430551167,41.406688640082805,328.88417981687996,Left,0
cellula_MI_data_531.csv,True,CLEAN,185.79770743930385,246.98699062004283,1.6786336755230318,172.1820884115507,110.42789570257514,75.26780910756213,185.79770743930385,289.59079249485086,226.4189727584768,55.202832643234835,416.7353645836087,Left,0
cellula_MI_data_532.csv,False,extreme_ptp_amplitude_FZ_(11293.0uV>200.0uV); extreme_ptp_amplitude_C3_(1723.6uV>200.0uV); extreme_ptp_amplitude_CZ_(6578.8uV>200.0uV); extreme_ptp_amplitude_C4_(19583.4uV>200.0uV); statistical_variance_outlier_(z=5477.65),19583.36737118546,562116.9270788562,5477.646659462419,11293.003443639775,1723.6164025596772,6578.796853361848,19583.36737118546,514519.64298211574,12031.606633411344,174640.4652015573,1547275.9934983402,Left,0
cellula_MI_data_533.csv,False,extreme_ptp_amplitude_FZ_(6787.3uV>200.0uV); extreme_ptp_amplitude_C3_(1605.8uV>200.0uV); extreme_ptp_amplitude_CZ_(3158.1uV>200.0uV); extreme_ptp_amplitude_C4_(8341.9uV>200.0uV); statistical_variance_outlier_(z=1095.80),8341.93260146481,112511.07820965778,1095.8011878433667,6787.321312062182,1605.7747666466485,3158.0856948637456,8341.93260146481,161729.33020930382,9272.023741453359,34984.749920914976,244058.20896695892,Left,0
cellula_MI_data_534.csv,False,extreme_ptp_amplitude_FZ_(15183.7uV>200.0uV); extreme_ptp_amplitude_C3_(19913.9uV>200.0uV); extreme_ptp_amplitude_CZ_(2169.0uV>200.0uV); extreme_ptp_amplitude_C4_(2597.0uV>200.0uV); statistical_variance_outlier_(z=6334.65),19913.90537744607,650050.5849331558,6334.645520666867,15183.730624666787,19913.90537744607,2168.995585480232,2596.963877468954,938699.8185742021,1615124.5546040987,19124.938507390416,27253.02804693228,Left,0
cellula_MI_data_535.csv,False,extreme_ptp_amplitude_C4_(249.1uV>200.0uV),249.07293037684292,289.65176498426445,2.0944433203835495,172.69968150521947,92.6121317733543,85.39870704455612,249.07293037684292,319.62675878791265,221.6140888431036,65.59206549115125,551.7741468148902,Left,0
cellula_MI_data_536.csv,False,extreme_ptp_amplitude_C3_(290.1uV>200.0uV),290.0958382334417,327.72343615328657,2.4654887156526013,153.0089643195288,290.0958382334417,43.64904429285076,193.33898825997773,300.77061275043565,498.45249747603145,44.795067973048326,466.8755664136311,Right,1
cellula_MI_data_537.csv,True,CLEAN,124.82625120399756,222.1559674416702,1.4366312488564825,92.82554550998435,93.64279651756046,36.94794761689418,124.82625120399756,227.91802113132513,224.4051149073808,44.207766309401485,392.0929674185735,Right,1
cellula_MI_data_538.csv,False,extreme_ptp_amplitude_FZ_(985.9uV>200.0uV); extreme_ptp_amplitude_C3_(26816.6uV>200.0uV); extreme_ptp_amplitude_CZ_(8488.3uV>200.0uV); extreme_ptp_amplitude_C4_(36257.3uV>200.0uV); statistical_variance_outlier_(z=21515.48),36257.31987773355,2207702.6183904205,21515.476745014665,985.9155398693289,26816.625312594595,8488.285986802939,36257.31987773355,3924.495651153102,3017248.5847869394,301543.53390751645,5508093.859216073,Right,1
cellula_MI_data_539.csv,True,CLEAN,152.50475686503535,229.7534680444918,1.5106762678343872,100.4609951045374,152.50475686503535,36.761947076828164,123.27726351355936,223.16118262229227,278.5783007132484,40.777195699731166,376.4971931426955,Right,1
cellula_MI_data_540.csv,True,CLEAN,186.2722108076655,249.03220231280997,1.6985662489470514,133.7051229565877,186.2722108076655,40.590782310057776,152.44591442118852,245.06987469769754,332.4927829177348,40.63409119186975,377.93206044393776,Left,0
cellula_MI_data_541.csv,False,extreme_ptp_amplitude_FZ_(289.6uV>200.0uV); extreme_ptp_amplitude_C3_(487.5uV>200.0uV); extreme_ptp_amplitude_CZ_(641.5uV>200.0uV); extreme_ptp_amplitude_C4_(426.0uV>200.0uV); statistical_variance_outlier_(z=60.18),641.5014561246903,6249.137122638254,60.17541355974819,289.6377431626959,487.54726742547575,641.5014561246903,425.9671580793448,1673.5524152950507,6798.517271827878,12010.914829402154,4513.563974027938,Left,0
cellula_MI_data_542.csv,False,extreme_ptp_amplitude_FZ_(67947.1uV>200.0uV); extreme_ptp_amplitude_C3_(156419.0uV>200.0uV); extreme_ptp_amplitude_CZ_(210907.3uV>200.0uV); extreme_ptp_amplitude_C4_(122435.4uV>200.0uV); statistical_variance_outlier_(z=905730.41),210907.333766704,92933906.82139182,905730.4131031134,67947.103189429,156418.9894976464,210907.333766704,122435.44745848658,19377905.11166725,102709274.3704698,186727209.30418634,62921238.499243885,Left,0
cellula_MI_data_543.csv,False,extreme_ptp_amplitude_FZ_(308.4uV>200.0uV); extreme_ptp_amplitude_C3_(539.6uV>200.0uV); extreme_ptp_amplitude_CZ_(677.7uV>200.0uV); extreme_ptp_amplitude_C4_(424.0uV>200.0uV); statistical_variance_outlier_(z=63.50),677.6636109185935,6590.326397778853,63.50063427028828,308.43361369471074,539.6460545449931,677.6636109185935,423.97851317854565,1604.9431013071728,7186.107386455554,12896.037648643833,4674.217454708853,Right,1
cellula_MI_data_544.csv,False,extreme_ptp_amplitude_FZ_(432.8uV>200.0uV); extreme_ptp_amplitude_C3_(815.9uV>200.0uV); extreme_ptp_amplitude_CZ_(1124.4uV>200.0uV); extreme_ptp_amplitude_C4_(741.3uV>200.0uV); statistical_variance_outlier_(z=67.71),1124.4293469682548,7022.124214188559,67.70892317766928,432.80207259252893,815.9406095550244,1124.4293469682548,741.2908100057591,2450.4541658073276,7856.19194788165,12512.532474060336,5269.3182690049225,Left,0
cellula_MI_data_545.csv,False,extreme_ptp_amplitude_FZ_(59189.0uV>200.0uV); extreme_ptp_amplitude_C3_(131739.7uV>200.0uV); extreme_ptp_amplitude_CZ_(171377.2uV>200.0uV); extreme_ptp_amplitude_C4_(98826.5uV>200.0uV); statistical_variance_outlier_(z=607612.91),171377.156063854,62345111.49168818,607612.9072146653,59189.04084063152,131739.66496127885,171377.156063854,98826.53194320668,14561996.761451017,72139397.43176265,122081855.8613605,40597195.91217853,Left,0
cellula_MI_data_546.csv,False,extreme_ptp_amplitude_FZ_(1045.7uV>200.0uV); extreme_ptp_amplitude_C3_(2289.0uV>200.0uV); extreme_ptp_amplitude_CZ_(3015.2uV>200.0uV); extreme_ptp_amplitude_C4_(1771.9uV>200.0uV); statistical_variance_outlier_(z=226.37),3015.1935621239945,23301.826589229706,226.37042704999365,1045.6602240521884,2288.984193377493,3015.1935621239945,1771.8695927986896,5587.311983761463,26189.53388845907,45494.63042371485,15935.830060983444,Left,0
cellula_MI_data_547.csv,False,extreme_ptp_amplitude_FZ_(483139.4uV>200.0uV); extreme_ptp_amplitude_C3_(711523.3uV>200.0uV); extreme_ptp_amplitude_CZ_(762142.4uV>200.0uV); extreme_ptp_amplitude_C4_(533758.4uV>200.0uV); statistical_variance_outlier_(z=16618202.08),762142.3859196407,1705135708.3879986,16618202.084231066,483139.3831397634,711523.3231827553,762142.3859196407,533758.4458766491,991596388.4421197,2150795608.465004,2467807955.2873545,1210342881.3575158,Right,1
cellula_MI_data_548.csv,False,extreme_ptp_amplitude_FZ_(391.2uV>200.0uV); extreme_ptp_amplitude_C3_(457.8uV>200.0uV); extreme_ptp_amplitude_CZ_(429.6uV>200.0uV); extreme_ptp_amplitude_C4_(353.2uV>200.0uV); statistical_variance_outlier_(z=37.65),457.7772297820093,3937.9202154275395,37.650361084870404,391.1731466955457,457.7772297820093,429.64595387227575,353.2148764556785,3243.9675096345964,4996.8664339674115,4629.969983830324,2880.8769342778264,Left,0
cellula_MI_data_549.csv,False,extreme_ptp_amplitude_FZ_(1548.6uV>200.0uV); extreme_ptp_amplitude_C3_(1474.7uV>200.0uV); extreme_ptp_amplitude_CZ_(1067.6uV>200.0uV); extreme_ptp_amplitude_C4_(1141.5uV>200.0uV); statistical_variance_outlier_(z=98.71),1548.5953957377728,10203.00666442645,98.70971063491248,1548.5953957377728,1474.6721041474661,1067.6042035190112,1141.5274951093172,12070.534106670904,12701.398486424234,8534.469287497104,7505.6247771135595,Right,1
cellula_MI_data_550.csv,False,extreme_ptp_amplitude_FZ_(548.5uV>200.0uV); extreme_ptp_amplitude_C3_(1874.4uV>200.0uV); extreme_ptp_amplitude_CZ_(2902.6uV>200.0uV); extreme_ptp_amplitude_C4_(1574.8uV>200.0uV); statistical_variance_outlier_(z=193.33),2902.599179083193,19911.99583025058,193.33323547842897,548.4794172908418,1874.3628091219514,2902.599179083193,1574.8426980734607,3608.2356721738756,19918.043771310662,42390.612663883054,13731.091213634727,Right,1
cellula_MI_data_551.csv,False,extreme_ptp_amplitude_FZ_(313.6uV>200.0uV); extreme_ptp_amplitude_C3_(467.8uV>200.0uV); extreme_ptp_amplitude_CZ_(615.2uV>200.0uV); extreme_ptp_amplitude_C4_(386.7uV>200.0uV); statistical_variance_outlier_(z=54.35),615.1738898694575,5651.861901485129,54.354386698770924,313.58808941248014,467.7814595467221,615.1738898694575,386.73977697991154,2688.615155046078,6482.160049275735,9270.018649038846,4166.6537525798585,Left,0
cellula_MI_data_552.csv,False,extreme_ptp_amplitude_FZ_(30112.5uV>200.0uV); extreme_ptp_amplitude_C3_(39520.8uV>200.0uV); extreme_ptp_amplitude_CZ_(41859.5uV>200.0uV); extreme_ptp_amplitude_C4_(32448.8uV>200.0uV); statistical_variance_outlier_(z=48765.57),41859.456079045354,5003739.031205977,48765.565961585744,30112.495221063364,39520.82995703278,41859.456079045354,32448.82840335426,3443883.9162755045,5928448.246373567,6646721.135774902,3995902.8263999373,Left,0
cellula_MI_data_553.csv,False,extreme_ptp_amplitude_FZ_(3738.7uV>200.0uV); extreme_ptp_amplitude_C3_(1409.4uV>200.0uV); extreme_ptp_amplitude_CZ_(10207.8uV>200.0uV); extreme_ptp_amplitude_C4_(7733.6uV>200.0uV); statistical_variance_outlier_(z=1517.85),10207.823677248834,155815.83566722265,1517.848089239875,3738.6599885811065,1409.3599136684347,10207.823677248834,7733.623225632203,46025.54784596924,10545.07591724016,360857.4187592203,205835.30014646094,Right,1
cellula_MI_data_554.csv,False,extreme_ptp_amplitude_FZ_(275.4uV>200.0uV); extreme_ptp_amplitude_C3_(450.7uV>200.0uV); extreme_ptp_amplitude_CZ_(552.6uV>200.0uV); extreme_ptp_amplitude_C4_(360.2uV>200.0uV); statistical_variance_outlier_(z=54.88),552.5830687470773,5706.131602875123,54.8832976234841,275.4221894146799,450.7292215823637,552.5830687470773,360.2246794415108,2125.4835718669146,6528.386442295477,9954.440715334866,4216.2156820032305,Left,0
cellula_MI_data_555.csv,False,extreme_ptp_amplitude_FZ_(86878.6uV>200.0uV); extreme_ptp_amplitude_C3_(156781.1uV>200.0uV); extreme_ptp_amplitude_CZ_(197276.1uV>200.0uV); extreme_ptp_amplitude_C4_(127373.6uV>200.0uV); statistical_variance_outlier_(z=890779.30),197276.08526783326,91399825.01305819,890779.2966044141,86878.57511479832,156781.07311318433,197276.08526783326,127373.58726944734,31615200.224589128,102970840.12647311,163045950.5498519,67967309.15131862,Right,1
cellula_MI_data_556.csv,False,extreme_ptp_amplitude_FZ_(315.2uV>200.0uV); extreme_ptp_amplitude_C3_(578.2uV>200.0uV); extreme_ptp_amplitude_CZ_(738.9uV>200.0uV); extreme_ptp_amplitude_C4_(475.9uV>200.0uV); statistical_variance_outlier_(z=71.47),738.8951388176966,7408.05275849009,71.4701714987697,315.17786658987325,578.2029004225917,738.8951388176966,475.8701049849783,2313.988991503077,8209.138713947654,13629.34386770154,5479.7394608080895,Right,1
cellula_MI_data_557.csv,False,extreme_ptp_amplitude_FZ_(15107.8uV>200.0uV); extreme_ptp_amplitude_C3_(36547.7uV>200.0uV); extreme_ptp_amplitude_CZ_(46960.6uV>200.0uV); extreme_ptp_amplitude_C4_(25519.3uV>200.0uV); statistical_variance_outlier_(z=43581.49),46960.56216472288,4471818.909674562,43581.487992721115,15107.765690059017,36547.71386795405,46960.56216472288,25519.296397711616,922243.5593230252,5407274.670053824,8925312.593573831,2632444.815747567,Right,1
cellula_MI_data_558.csv,False,extreme_ptp_amplitude_FZ_(264.4uV>200.0uV); extreme_ptp_amplitude_C3_(505.7uV>200.0uV); extreme_ptp_amplitude_CZ_(646.3uV>200.0uV); extreme_ptp_amplitude_C4_(405.0uV>200.0uV); statistical_variance_outlier_(z=58.33),646.3015541887664,6060.091599881481,58.33298141633847,264.4485320646493,505.70510250359837,646.3015541887664,405.04498374981733,1876.204635678824,6772.550918945847,11152.696362045128,4438.914482856121,Left,0
cellula_MI_data_559.csv,False,extreme_ptp_amplitude_FZ_(260.8uV>200.0uV); extreme_ptp_amplitude_C3_(440.6uV>200.0uV); extreme_ptp_amplitude_CZ_(556.7uV>200.0uV); extreme_ptp_amplitude_C4_(370.5uV>200.0uV); statistical_variance_outlier_(z=58.47),556.716024433187,6074.5382257344845,58.47377780996496,260.7676187927441,440.55883854533676,556.716024433187,370.5446816948539,1998.0692667595472,6704.106752184795,11023.21189757867,4572.764986414925,Right,1
cellula_MI_data_560.csv,False,extreme_ptp_amplitude_FZ_(75560.0uV>200.0uV); extreme_ptp_amplitude_C3_(137532.7uV>200.0uV); extreme_ptp_amplitude_CZ_(174022.1uV>200.0uV); extreme_ptp_amplitude_C4_(112049.4uV>200.0uV); statistical_variance_outlier_(z=674162.74),174022.07497873262,69173557.66395983,674162.744173899,75560.01381479728,137532.70991633722,174022.07497873262,112049.37887719265,23415725.173326164,77578771.78078303,124206364.03631446,51493369.66541569,Left,0
cellula_MI_data_561.csv,False,extreme_ptp_amplitude_FZ_(285.7uV>200.0uV); extreme_ptp_amplitude_C3_(530.9uV>200.0uV); extreme_ptp_amplitude_CZ_(681.3uV>200.0uV); extreme_ptp_amplitude_C4_(436.0uV>200.0uV); statistical_variance_outlier_(z=63.77),681.2894121045865,6618.338088612373,63.7736353910254,285.6523178898375,530.8937846480547,681.2894121045865,436.0479453463695,2041.8820765981347,7309.244039505708,12199.294606791764,4922.9316315538845,Left,0
cellula_MI_data_562.csv,False,extreme_ptp_amplitude_FZ_(383.9uV>200.0uV); extreme_ptp_amplitude_C3_(685.7uV>200.0uV); extreme_ptp_amplitude_CZ_(867.0uV>200.0uV); extreme_ptp_amplitude_C4_(564.2uV>200.0uV); statistical_variance_outlier_(z=72.29),867.0325538884149,7491.8258839630325,72.28662193290046,383.9235786021846,685.7117802933888,867.0325538884149,564.1718574390084,2340.6319630351336,8242.35986204854,13775.828764550048,5608.482946218405,Left,0
cellula_MI_data_563.csv,False,extreme_ptp_amplitude_FZ_(640.5uV>200.0uV); extreme_ptp_amplitude_C3_(1249.0uV>200.0uV); extreme_ptp_amplitude_CZ_(1630.6uV>200.0uV); extreme_ptp_amplitude_C4_(1022.1uV>200.0uV); statistical_variance_outlier_(z=114.11),1630.6032592133452,11782.749370617123,114.10583691052653,640.5006808060328,1249.0260454044783,1630.6032592133452,1022.0778946148998,3489.828360555954,12925.36361792386,21959.01705325215,8756.78845073652,Left,0
cellula_MI_data_564.csv,False,extreme_ptp_amplitude_FZ_(22769.6uV>200.0uV); extreme_ptp_amplitude_C3_(45553.1uV>200.0uV); extreme_ptp_amplitude_CZ_(58955.7uV>200.0uV); extreme_ptp_amplitude_C4_(36172.2uV>200.0uV); statistical_variance_outlier_(z=66622.84),58955.70449427559,6836011.984458283,66622.84464951146,22769.57899842379,45553.07999673232,58955.70449427559,36172.203495967085,1921512.2496959947,7691371.6892068,12882205.916645417,4848958.082284922,Right,1
cellula_MI_data_565.csv,False,extreme_ptp_amplitude_FZ_(308.2uV>200.0uV); extreme_ptp_amplitude_C3_(606.3uV>200.0uV); extreme_ptp_amplitude_CZ_(796.5uV>200.0uV); extreme_ptp_amplitude_C4_(498.4uV>200.0uV); statistical_variance_outlier_(z=71.45),796.4651658338994,7406.301427796963,71.4531030809849,308.186844501068,606.2872577575753,796.4651658338994,498.36475257739215,2072.117297499693,8076.958749013446,14000.111588639418,5476.018076035297,Left,0
cellula_MI_data_566.csv,False,extreme_ptp_amplitude_FZ_(181237.5uV>200.0uV); extreme_ptp_amplitude_C3_(361514.8uV>200.0uV); extreme_ptp_amplitude_CZ_(471818.9uV>200.0uV); extreme_ptp_amplitude_C4_(291541.6uV>200.0uV); statistical_variance_outlier_(z=4649421.09),471818.853455735,477060922.1773456,4649421.08571647,181237.49530129184,361514.75068783684,471818.853455735,291541.59806919005,133037004.905122,529327293.94139326,901624298.6303937,344255091.23247313,Right,1
cellula_MI_data_567.csv,False,extreme_ptp_amplitude_FZ_(253.1uV>200.0uV); extreme_ptp_amplitude_C3_(500.4uV>200.0uV); extreme_ptp_amplitude_CZ_(668.4uV>200.0uV); extreme_ptp_amplitude_C4_(421.0uV>200.0uV); statistical_variance_outlier_(z=66.22),668.3708231866339,6869.29366924464,66.21944115030712,253.0921094614577,500.43891045071746,668.3708231866339,421.02402219737405,1901.2982027605035,7432.638715054434,13023.403555154095,5119.8342040095295,Left,0
cellula_MI_data_568.csv,False,extreme_ptp_amplitude_FZ_(332.3uV>200.0uV); extreme_ptp_amplitude_C3_(611.7uV>200.0uV); extreme_ptp_amplitude_CZ_(800.6uV>200.0uV); extreme_ptp_amplitude_C4_(510.9uV>200.0uV); statistical_variance_outlier_(z=67.30),800.5889293089537,6979.981449095736,67.2982010199217,332.34137941957607,611.6919586290251,800.5889293089537,510.8820916589734,2175.1299877723873,7602.705765500989,12877.853926111862,5264.236116997707,Left,0
cellula_MI_data_569.csv,False,extreme_ptp_amplitude_FZ_(237.4uV>200.0uV); extreme_ptp_amplitude_C3_(480.2uV>200.0uV); extreme_ptp_amplitude_CZ_(643.6uV>200.0uV); extreme_ptp_amplitude_C4_(400.8uV>200.0uV); statistical_variance_outlier_(z=72.51),643.5616763315516,7514.720636311755,72.50975352061313,237.43333278415332,480.16697385090583,643.5616763315516,400.8280352647989,1932.1254121396512,8026.073978667022,14509.005511240422,5591.677643199924,Left,0
cellula_MI_data_570.csv,False,extreme_ptp_amplitude_FZ_(469.3uV>200.0uV); extreme_ptp_amplitude_C3_(818.4uV>200.0uV); extreme_ptp_amplitude_CZ_(1018.1uV>200.0uV); extreme_ptp_amplitude_C4_(669.0uV>200.0uV); statistical_variance_outlier_(z=83.88),1018.1364804812345,8681.05106953509,83.87677585825622,469.29936948802174,818.3998433291819,1018.1364804812345,669.0360066400742,2479.5173817852265,9419.716908009288,16369.491506438791,6455.478481907051,Right,1
cellula_MI_data_571.csv,False,extreme_ptp_amplitude_FZ_(345.0uV>200.0uV); extreme_ptp_amplitude_C3_(613.9uV>200.0uV); extreme_ptp_amplitude_CZ_(777.2uV>200.0uV); extreme_ptp_amplitude_C4_(507.5uV>200.0uV); statistical_variance_outlier_(z=108.79),777.2268048289486,11237.280669596745,108.78971488167048,344.98960246498234,613.8648459495854,777.2268048289486,507.52142450433297,3895.564313750043,12364.95609736185,20063.52759393593,8625.074673339153,Left,0
cellula_MI_data_572.csv,False,extreme_ptp_amplitude_FZ_(898.4uV>200.0uV); extreme_ptp_amplitude_C3_(1782.2uV>200.0uV); extreme_ptp_amplitude_CZ_(2358.3uV>200.0uV); extreme_ptp_amplitude_C4_(1474.5uV>200.0uV); statistical_variance_outlier_(z=197.00),2358.338121401846,20288.51880922305,197.00281743453698,898.3748739851037,1782.2214120384656,2358.338121401846,1474.491583348484,5863.054139245999,22014.799703664296,38086.67175584687,15189.549638135022,Left,0
cellula_MI_data_573.csv,False,extreme_ptp_amplitude_FZ_(348.8uV>200.0uV); extreme_ptp_amplitude_C3_(694.0uV>200.0uV); extreme_ptp_amplitude_CZ_(926.0uV>200.0uV); extreme_ptp_amplitude_C4_(580.9uV>200.0uV); statistical_variance_outlier_(z=101.95),926.0370664717022,10535.029414341265,101.94559465832516,348.8356790507325,693.9868178185898,926.0370664717022,580.8859277038451,2834.2949451368304,11350.117823416014,20120.511099454507,7835.193789357709,Left,0
cellula_MI_data_574.csv,False,extreme_ptp_amplitude_FZ_(316.9uV>200.0uV); extreme_ptp_amplitude_C3_(602.3uV>200.0uV); extreme_ptp_amplitude_CZ_(792.8uV>200.0uV); extreme_ptp_amplitude_C4_(498.6uV>200.0uV); statistical_variance_outlier_(z=104.20),792.8453459797122,10766.28484070552,104.19940328948545,316.93485721440294,602.299016995439,792.8453459797122,498.58540317394113,3004.378061711353,11563.76429268696,20424.130256922723,8072.8667515010475,Right,1
cellula_MI_data_575.csv,False,extreme_ptp_amplitude_FZ_(149414.3uV>200.0uV); extreme_ptp_amplitude_C3_(295924.1uV>200.0uV); extreme_ptp_amplitude_CZ_(399996.1uV>200.0uV); extreme_ptp_amplitude_C4_(253486.3uV>200.0uV); statistical_variance_outlier_(z=5049864.75),399996.073295215,518149047.453463,5049864.754612891,149414.27126436163,295924.0829571024,399996.073295215,253486.2616024743,138470569.5615131,543170208.2335235,992403232.31722,398552179.70159554,Right,1
cellula_MI_data_576.csv,False,extreme_ptp_amplitude_FZ_(3773.5uV>200.0uV); extreme_ptp_amplitude_C3_(7348.9uV>200.0uV); extreme_ptp_amplitude_CZ_(9526.7uV>200.0uV); extreme_ptp_amplitude_C4_(5951.3uV>200.0uV); statistical_variance_outlier_(z=1663.88),9526.6629248726,170799.61621391465,1663.8795768225848,3773.542681686985,7348.937512261699,9526.6629248726,5951.268094297888,49956.178338815145,189553.23174995408,319076.2293988163,124612.82536807308,Right,1
cellula_MI_data_577.csv,False,extreme_ptp_amplitude_FZ_(133861.4uV>200.0uV); extreme_ptp_amplitude_C3_(243265.9uV>200.0uV); extreme_ptp_amplitude_CZ_(316092.8uV>200.0uV); extreme_ptp_amplitude_C4_(206688.3uV>200.0uV); statistical_variance_outlier_(z=2540164.70),316092.7959013217,260637496.5096236,2540164.7001522235,133861.40122694935,243265.8794590547,316092.7959013217,206688.31766921637,85016922.07646614,280783307.06282455,474062202.0384312,202687554.86077237,Left,0
cellula_MI_data_578.csv,False,extreme_ptp_amplitude_FZ_(232.5uV>200.0uV); extreme_ptp_amplitude_C3_(440.2uV>200.0uV); extreme_ptp_amplitude_CZ_(578.7uV>200.0uV); extreme_ptp_amplitude_C4_(363.3uV>200.0uV); statistical_variance_outlier_(z=64.44),578.7430337921431,6686.73870386577,64.4402657895353,232.45067217725833,440.1509774282631,578.7430337921431,363.3111020354487,2001.3555315883011,7298.6510958159015,12447.645422272059,4999.302765786818,Left,0
cellula_MI_data_579.csv,False,extreme_ptp_amplitude_FZ_(1525.3uV>200.0uV); extreme_ptp_amplitude_C3_(3163.9uV>200.0uV); extreme_ptp_amplitude_CZ_(4162.0uV>200.0uV); extreme_ptp_amplitude_C4_(2523.4uV>200.0uV); statistical_variance_outlier_(z=399.10),4162.022551680381,41024.95481037028,399.0995170608353,1525.284567501325,3163.9398150208544,4162.022551680381,2523.3673041608527,10735.673180498268,45514.410249498316,78697.56368578938,29152.17212569512,Right,1
cellula_MI_data_580.csv,False,extreme_ptp_amplitude_FZ_(285.8uV>200.0uV); extreme_ptp_amplitude_C3_(554.0uV>200.0uV); extreme_ptp_amplitude_CZ_(726.6uV>200.0uV); extreme_ptp_amplitude_C4_(456.8uV>200.0uV); statistical_variance_outlier_(z=57.41),726.5542644434381,5965.677671102612,57.412826023969885,285.7943758720941,553.9548271267972,726.5542644434381,456.82429825843064,1726.625910839353,6508.525615489549,11193.859946038494,4433.69921204305,Right,1
cellula_MI_data_581.csv,False,extreme_ptp_amplitude_FZ_(307.9uV>200.0uV); extreme_ptp_amplitude_C3_(534.0uV>200.0uV); extreme_ptp_amplitude_CZ_(692.4uV>200.0uV); extreme_ptp_amplitude_C4_(452.4uV>200.0uV); statistical_variance_outlier_(z=57.12),692.4254682513662,5936.128299046322,57.1248387069461,307.9096392970364,533.9547178040194,692.4254682513662,452.37614978388655,1786.5649402221861,6436.851047460791,11058.905254756039,4462.191953746274,Left,0
cellula_MI_data_582.csv,False,extreme_ptp_amplitude_FZ_(480.2uV>200.0uV); extreme_ptp_amplitude_C3_(758.9uV>200.0uV); extreme_ptp_amplitude_CZ_(997.6uV>200.0uV); extreme_ptp_amplitude_C4_(722.6uV>200.0uV); statistical_variance_outlier_(z=89.27),997.580760616674,9234.043389180937,89.26622285449675,480.15983363455496,758.8950575107535,997.580760616674,722.6100843198724,3208.490010421238,10001.932414245659,16481.161378100962,7244.58975395589,Right,1
cellula_MI_data_583.csv,False,extreme_ptp_amplitude_FZ_(1247.6uV>200.0uV); extreme_ptp_amplitude_C3_(2061.8uV>200.0uV); extreme_ptp_amplitude_CZ_(2707.4uV>200.0uV); extreme_ptp_amplitude_C4_(1894.4uV>200.0uV); statistical_variance_outlier_(z=228.63),2707.4457716539728,23533.54762883943,228.62877353424528,1247.556098388166,2061.808635978013,2707.4457716539728,1894.4263903478604,8469.29751112814,24413.326985013264,41664.9285070388,19586.637512177516,Right,1
cellula_MI_data_584.csv,False,extreme_ptp_amplitude_FZ_(224.9uV>200.0uV); extreme_ptp_amplitude_C3_(425.8uV>200.0uV); extreme_ptp_amplitude_CZ_(560.9uV>200.0uV); extreme_ptp_amplitude_C4_(355.2uV>200.0uV); statistical_variance_outlier_(z=60.22),560.9455634309195,6254.011910717899,60.2229231019964,224.90876248610275,425.8023034858088,560.9455634309195,355.15267736563555,1853.4865738208048,6778.711870401782,11682.09020430529,4701.758994343717,Right,1
cellula_MI_data_585.csv,False,extreme_ptp_amplitude_FZ_(262.1uV>200.0uV); extreme_ptp_amplitude_C3_(517.7uV>200.0uV); extreme_ptp_amplitude_CZ_(693.1uV>200.0uV); extreme_ptp_amplitude_C4_(436.5uV>200.0uV); statistical_variance_outlier_(z=63.10),693.0742505291391,6549.251141051534,63.10031601789262,262.09244540927693,517.7386405552393,693.0742505291391,436.53718503818044,1754.8333069481603,6997.655462428426,12554.354027559957,4890.161767269592,Left,0
cellula_MI_data_586.csv,False,extreme_ptp_amplitude_FZ_(339.8uV>200.0uV); extreme_ptp_amplitude_C3_(715.0uV>200.0uV); extreme_ptp_amplitude_CZ_(964.7uV>200.0uV); extreme_ptp_amplitude_C4_(589.5uV>200.0uV); statistical_variance_outlier_(z=72.08),964.6840270957309,7471.109730111389,72.08472290251085,339.84389935028247,714.9804759697786,964.6840270957309,589.5474504762348,1826.9473091265581,7853.21824553155,14623.745907258452,5580.527458528995,Right,1
cellula_MI_data_587.csv,False,extreme_ptp_amplitude_FZ_(252.9uV>200.0uV); extreme_ptp_amplitude_C3_(527.5uV>200.0uV); extreme_ptp_amplitude_CZ_(720.0uV>200.0uV); extreme_ptp_amplitude_C4_(445.4uV>200.0uV); statistical_variance_outlier_(z=76.79),719.9559776670403,7954.378229778526,76.79464358563487,252.87341929310622,527.4614658139124,719.9559776670403,445.36793114623424,1923.4211587515651,8361.531591091263,15575.361928449422,5957.198240821854,Right,1
cellula_MI_data_588.csv,False,extreme_ptp_amplitude_FZ_(247.3uV>200.0uV); extreme_ptp_amplitude_C3_(521.3uV>200.0uV); extreme_ptp_amplitude_CZ_(709.4uV>200.0uV); extreme_ptp_amplitude_C4_(435.4uV>200.0uV); statistical_variance_outlier_(z=62.22),709.4161108673609,6458.586286229595,62.216698990810535,247.3371988011965,521.342336259314,709.4161108673609,435.4109734092433,1614.490584961528,6767.865551450181,12571.026661113621,4880.962347393051,Left,0
cellula_MI_data_589.csv,False,extreme_ptp_amplitude_FZ_(268.8uV>200.0uV); extreme_ptp_amplitude_C3_(561.1uV>200.0uV); extreme_ptp_amplitude_CZ_(768.9uV>200.0uV); extreme_ptp_amplitude_C4_(476.6uV>200.0uV); statistical_variance_outlier_(z=65.41),768.8597050745357,6786.433608460995,65.41188941797073,268.82682779271937,561.119960966603,768.8597050745357,476.566571900652,1629.7439967514097,7101.496415523866,13316.046690226847,5098.447331341858,Left,0
cellula_MI_data_590.csv,False,extreme_ptp_amplitude_FZ_(68204.3uV>200.0uV); extreme_ptp_amplitude_C3_(173004.4uV>200.0uV); extreme_ptp_amplitude_CZ_(238422.0uV>200.0uV); extreme_ptp_amplitude_C4_(133620.5uV>200.0uV); statistical_variance_outlier_(z=1077471.86),238422.01846157733,110555695.98215942,1077471.8555913297,68204.3404691662,173004.4172705289,238422.01846157733,133620.53097264416,18821485.314794645,121120640.87201573,230034487.63320714,72246170.10862018,Right,1
cellula_MI_data_591.csv,False,extreme_ptp_amplitude_FZ_(423.7uV>200.0uV); extreme_ptp_amplitude_C3_(880.1uV>200.0uV); extreme_ptp_amplitude_CZ_(1206.4uV>200.0uV); extreme_ptp_amplitude_C4_(750.1uV>200.0uV); statistical_variance_outlier_(z=108.40),1206.4151135496381,11197.226908851095,108.39935209927772,423.70052210065137,880.0569742583333,1206.4151135496381,750.0586613919563,2693.15125005677,11710.73190587246,21956.181622500477,8428.842856974672,Right,1
cellula_MI_data_592.csv,False,extreme_ptp_amplitude_FZ_(600.5uV>200.0uV); extreme_ptp_amplitude_C3_(525.4uV>200.0uV); extreme_ptp_amplitude_CZ_(2970.4uV>200.0uV); extreme_ptp_amplitude_C4_(2663.0uV>200.0uV); statistical_variance_outlier_(z=218.91),2970.405765943815,22536.292087476213,218.90955015456743,600.4943372986149,525.3534387441691,2970.405765943815,2663.0237764196295,2502.404342116708,6792.280643315852,47435.30072359973,33415.18264087257,Left,0
cellula_MI_data_593.csv,False,extreme_ptp_amplitude_FZ_(487.5uV>200.0uV); extreme_ptp_amplitude_C3_(1072.1uV>200.0uV); extreme_ptp_amplitude_CZ_(1441.4uV>200.0uV); extreme_ptp_amplitude_C4_(856.8uV>200.0uV); statistical_variance_outlier_(z=93.86),1441.3654327083873,9705.686682165491,93.86284461282516,487.521640065375,1072.0751637899082,1441.3654327083873,856.811908983854,2592.365552066568,10481.529197764336,18574.754418536788,7174.0975602942735,Left,0
cellula_MI_data_594.csv,False,extreme_ptp_amplitude_FZ_(223.5uV>200.0uV); extreme_ptp_amplitude_C3_(450.2uV>200.0uV); extreme_ptp_amplitude_CZ_(609.1uV>200.0uV); extreme_ptp_amplitude_C4_(380.8uV>200.0uV); statistical_variance_outlier_(z=80.84),609.1156449574219,8369.489647647213,80.84030734018816,223.52485466818092,450.2108483546939,609.1156449574219,380.7940606510277,2077.5866928252112,8820.620850939187,16295.598344350963,6284.152702473491,Left,0
cellula_MI_data_595.csv,False,extreme_ptp_amplitude_FZ_(260.4uV>200.0uV); extreme_ptp_amplitude_C3_(539.9uV>200.0uV); extreme_ptp_amplitude_CZ_(759.2uV>200.0uV); extreme_ptp_amplitude_C4_(471.5uV>200.0uV); statistical_variance_outlier_(z=61.76),759.2242104977679,6412.056024152566,61.76321641559877,260.39815471795043,539.8593132324629,759.2242104977679,471.4671824671118,1451.2185181733091,6521.692047009406,12766.378083466192,4908.935447961358,Left,0
cellula_MI_data_596.csv,False,extreme_ptp_amplitude_FZ_(64522.5uV>200.0uV); extreme_ptp_amplitude_C3_(128628.4uV>200.0uV); extreme_ptp_amplitude_CZ_(177687.0uV>200.0uV); extreme_ptp_amplitude_C4_(113581.0uV>200.0uV); statistical_variance_outlier_(z=679475.68),177686.9683822336,69718699.25728418,679475.6782207032,64522.4658758359,128628.42392999106,177686.9683822336,113581.01032807845,17812683.361155275,70786861.52353396,135079493.24856415,55195758.8958833,Right,1
cellula_MI_data_597.csv,False,extreme_ptp_amplitude_FZ_(392.4uV>200.0uV); extreme_ptp_amplitude_C3_(814.7uV>200.0uV); extreme_ptp_amplitude_CZ_(1122.9uV>200.0uV); extreme_ptp_amplitude_C4_(700.6uV>200.0uV); statistical_variance_outlier_(z=77.57),1122.896816719556,8033.487274424266,77.5656380242457,392.35857073029183,814.6604442043632,1122.896816719556,700.5949432454843,1905.9045536671101,8311.277872752184,15801.668646666169,6115.098024611601,Right,1
cellula_MI_data_598.csv,False,extreme_ptp_amplitude_FZ_(1220.0uV>200.0uV); extreme_ptp_amplitude_C3_(2571.4uV>200.0uV); extreme_ptp_amplitude_CZ_(3562.0uV>200.0uV); extreme_ptp_amplitude_C4_(2210.6uV>200.0uV); statistical_variance_outlier_(z=291.64),3561.990596383152,29999.365070523527,291.64444147632645,1220.003576419393,2571.360437774478,3561.990596383152,2210.633735028068,6964.535945354982,30944.65874748637,59280.732318044495,22807.533271208267,Left,0
cellula_MI_data_599.csv,False,extreme_ptp_amplitude_FZ_(793.5uV>200.0uV); extreme_ptp_amplitude_C3_(1697.3uV>200.0uV); extreme_ptp_amplitude_CZ_(2348.7uV>200.0uV); extreme_ptp_amplitude_C4_(1444.9uV>200.0uV); statistical_variance_outlier_(z=157.28),2348.650299802791,16213.048209192753,157.28339999729917,793.5109965581529,1697.2585788320628,2348.650299802791,1444.9027175288816,3723.2430873492626,16810.581533837805,32102.07020050682,12216.298015077124,Left,0
cellula_MI_data_600.csv,False,extreme_ptp_amplitude_FZ_(249.4uV>200.0uV); extreme_ptp_amplitude_C3_(512.3uV>200.0uV); extreme_ptp_amplitude_CZ_(726.7uV>200.0uV); extreme_ptp_amplitude_C4_(447.8uV>200.0uV); statistical_variance_outlier_(z=65.14),726.705580578295,6758.070627645098,65.13546463532535,249.40737294583178,512.3242673304258,726.705580578295,447.8040718421511,1537.0843057187458,6819.598374311662,13597.157795237299,5078.442035312684,Right,1
cellula_MI_data_601.csv,False,extreme_ptp_amplitude_FZ_(353.4uV>200.0uV); extreme_ptp_amplitude_C3_(753.0uV>200.0uV); extreme_ptp_amplitude_CZ_(1051.4uV>200.0uV); extreme_ptp_amplitude_C4_(651.8uV>200.0uV); statistical_variance_outlier_(z=69.43),1051.422799673834,7198.963300975906,69.43239175262953,353.3610966526665,753.0125287778885,1051.422799673834,651.7713675486123,1745.8775045859852,7281.139233827325,14289.794609386652,5479.04185610366,Left,0
cellula_MI_data_602.csv,False,extreme_ptp_amplitude_FZ_(235.6uV>200.0uV); extreme_ptp_amplitude_C3_(530.5uV>200.0uV); extreme_ptp_amplitude_CZ_(737.1uV>200.0uV); extreme_ptp_amplitude_C4_(438.9uV>200.0uV); statistical_variance_outlier_(z=65.65),737.077232838772,6810.9210643045535,65.6505434474266,235.63484785586033,530.4722761705171,737.077232838772,438.8886407406037,1531.1015940044128,6996.291736479345,13556.248086545085,5160.042840189372,Left,0
cellula_MI_data_603.csv,False,extreme_ptp_amplitude_FZ_(235.8uV>200.0uV); extreme_ptp_amplitude_C3_(491.8uV>200.0uV); extreme_ptp_amplitude_CZ_(678.3uV>200.0uV); extreme_ptp_amplitude_C4_(422.3uV>200.0uV); statistical_variance_outlier_(z=71.27),678.3086750546144,7387.64053717786,71.27123458603238,235.7998115003421,491.8137279103812,678.3086750546144,422.2947586445753,1616.1318957991998,7516.625590033388,14823.53167041484,5594.272992464013,Right,1
cellula_MI_data_604.csv,True,CLEAN,34.94383002389756,18.52692248897271,-0.5479314759395514,29.84197315492785,17.056607484084353,12.47983993535519,34.94383002389756,26.5700972210482,8.809812469087978,3.936213410619238,34.791566855135414,Right,1
cellula_MI_data_605.csv,True,CLEAN,43.292848009419075,22.94807771115928,-0.5048430262710525,43.292848009419075,30.932721331300932,16.691464498552246,29.77536601051343,34.45098364781274,12.1364844487641,5.766926059204919,39.43791668885535,Right,1
cellula_MI_data_606.csv,True,CLEAN,42.64901940424609,23.399172463566174,-0.5004466699890409,42.64901940424609,19.260473867390292,16.45705063019422,31.5696738614998,50.07991480594257,8.096567035290258,6.72706893283365,28.69313908019822,Left,0
cellula_MI_data_607.csv,True,CLEAN,50.98018425302182,22.188663442824584,-0.5122442555503304,50.98018425302182,15.812128821589086,15.10952729817268,43.19484073292283,43.506912180380766,6.97713073609136,4.252693520088324,34.01791733473788,Right,1
cellula_MI_data_608.csv,True,CLEAN,52.99961802104342,34.79370345201555,-0.3893959037711719,44.80321042338106,21.183919019557678,13.826676610103837,52.99961802104342,52.08071896280405,12.24570785221629,3.972691881933382,70.87569511110846,Left,0
cellula_MI_data_609.csv,True,CLEAN,56.11620657801181,41.0311576760993,-0.3286058570781096,44.17314248990527,21.329212544574318,8.736007585718676,56.11620657801181,55.61698934872039,14.093291196065996,2.074961218292363,92.33938894131845,Right,1
cellula_MI_data_610.csv,True,CLEAN,66.99527829143622,46.62077976405584,-0.27412956346276607,52.09906491150406,25.936505359766723,10.99873992880966,66.99527829143622,63.16798252572536,16.20839565151043,2.505462529694243,104.60127834929334,Right,1
cellula_MI_data_611.csv,True,CLEAN,57.70253498582729,40.68234623471879,-0.33200536319820617,44.99141225171351,22.488648759042995,8.909370512762546,57.70253498582729,55.97181567658464,13.523166939273263,2.1571907782300257,91.07721154478723,Left,0
cellula_MI_data_612.csv,True,CLEAN,41.804668010429204,36.914896771198,-0.3687228156352738,37.55285342750941,15.000202030141832,7.333708022911264,41.804668010429204,61.2296727683423,8.201744133102439,1.9595513180087778,76.2686188653385,Left,0
cellula_MI_data_613.csv,False,extreme_ptp_amplitude_FZ_(224.5uV>200.0uV); extreme_ptp_amplitude_C3_(445.5uV>200.0uV); extreme_ptp_amplitude_CZ_(568.6uV>200.0uV); extreme_ptp_amplitude_C4_(325.7uV>200.0uV); statistical_variance_outlier_(z=55.83),568.6251382358975,5802.832321311727,55.82574000106762,224.54577646278403,445.4989897608324,568.6251382358975,325.73965835328994,1449.2305445758768,7047.976281082925,11258.354822566736,3455.7676370213703,Left,0
cellula_MI_data_614.csv,False,extreme_ptp_amplitude_FZ_(83967.6uV>200.0uV); extreme_ptp_amplitude_C3_(195242.4uV>200.0uV); extreme_ptp_amplitude_CZ_(252716.2uV>200.0uV); extreme_ptp_amplitude_C4_(141441.5uV>200.0uV); statistical_variance_outlier_(z=1344842.80),252716.24803283814,137989693.65652955,1344842.7956718246,83967.64963414517,195242.35221897395,252716.24803283814,141441.5454480094,30159109.90873961,163051696.96035787,273175029.1619617,85572938.59505907,Right,1
cellula_MI_data_615.csv,False,extreme_ptp_amplitude_FZ_(572.6uV>200.0uV); extreme_ptp_amplitude_C3_(1345.1uV>200.0uV); extreme_ptp_amplitude_CZ_(1746.5uV>200.0uV); extreme_ptp_amplitude_C4_(974.0uV>200.0uV); statistical_variance_outlier_(z=97.04),1746.4785038605391,10031.33892103042,97.03664182160662,572.608608943344,1345.135562008577,1746.4785038605391,973.9515507953063,2045.621690422503,11877.105253937178,20129.50611061448,6073.122629147518,Right,1
cellula_MI_data_616.csv,False,extreme_ptp_amplitude_FZ_(371.1uV>200.0uV); extreme_ptp_amplitude_C3_(449.4uV>200.0uV); extreme_ptp_amplitude_CZ_(591.2uV>200.0uV); extreme_ptp_amplitude_C4_(326.1uV>200.0uV); statistical_variance_outlier_(z=56.46),591.2471426488496,5867.78955301925,56.45881128410897,371.12470367986384,449.3965907731445,591.2471426488496,326.1228155038095,1575.1361708847132,7016.521755901966,11430.963524500623,3448.5367607896983,Left,0
cellula_MI_data_617.csv,False,extreme_ptp_amplitude_FZ_(248.8uV>200.0uV); extreme_ptp_amplitude_C3_(596.4uV>200.0uV); extreme_ptp_amplitude_CZ_(775.8uV>200.0uV); extreme_ptp_amplitude_C4_(428.2uV>200.0uV); statistical_variance_outlier_(z=60.68),775.7724601590751,6301.048107762817,60.68133650462858,248.79655737730815,596.4159162394708,775.7724601590751,428.1531012969122,1420.4758647039723,7582.863890285734,12417.226146826093,3783.6265292354733,Right,1
cellula_MI_data_618.csv,False,extreme_ptp_amplitude_FZ_(219.4uV>200.0uV); extreme_ptp_amplitude_C3_(542.1uV>200.0uV); extreme_ptp_amplitude_CZ_(672.2uV>200.0uV); extreme_ptp_amplitude_C4_(331.0uV>200.0uV); statistical_variance_outlier_(z=61.54),672.2349780107382,6388.843021292816,61.536983167700626,219.44905238805478,542.0905613274219,672.2349780107382,330.97404560748566,1279.741059800492,7504.608508138701,13037.815287518672,3733.207229713398,Left,0
cellula_MI_data_619.csv,False,extreme_ptp_amplitude_FZ_(450.5uV>200.0uV); extreme_ptp_amplitude_C3_(1096.7uV>200.0uV); extreme_ptp_amplitude_CZ_(1394.0uV>200.0uV); extreme_ptp_amplitude_C4_(747.7uV>200.0uV); statistical_variance_outlier_(z=81.48),1393.9553886867557,8434.689110364698,81.47573939957786,450.45259641645555,1096.6667092985929,1393.9553886867557,747.7412758046179,1722.8079835461763,10150.765820461751,16911.52340229208,4953.659235158784,Right,1
cellula_MI_data_620.csv,False,extreme_ptp_amplitude_FZ_(241.9uV>200.0uV); extreme_ptp_amplitude_C3_(552.8uV>200.0uV); extreme_ptp_amplitude_CZ_(714.4uV>200.0uV); extreme_ptp_amplitude_C4_(393.7uV>200.0uV); statistical_variance_outlier_(z=42.24),714.3759378346105,4408.459050686743,42.23621883046499,241.93885989424325,552.7953321647713,714.3759378346105,393.65034997947646,1152.227768303149,5299.4478797096735,8664.185966079282,2517.9745886548644,Right,1
cellula_MI_data_621.csv,False,extreme_ptp_amplitude_FZ_(1311.7uV>200.0uV); extreme_ptp_amplitude_C3_(1901.3uV>200.0uV); extreme_ptp_amplitude_CZ_(1994.6uV>200.0uV); extreme_ptp_amplitude_C4_(1399.6uV>200.0uV); statistical_variance_outlier_(z=134.54),1994.5851699725113,13879.87317848048,134.5443442920974,1311.655828395552,1901.3116609127626,1994.5851699725113,1399.5920894293768,8461.115568846873,16608.211765449912,21240.27633896255,9209.88904066259,Left,0
cellula_MI_data_622.csv,True,CLEAN,41.48512159310593,10.125422065583734,-0.6298122536866012,41.48512159310593,26.379459574601313,5.357658872149466,15.6683776156681,27.467029345403564,9.137903680929654,0.7729827422463138,3.1237724937554114,Right,1
cellula_MI_data_623.csv,True,CLEAN,28.079912348496535,8.945223098182892,-0.6413144383532855,28.079912348496535,14.7467412312384,4.75603652550997,10.424776029552305,24.989225429460305,6.693552131684277,0.7201380777996914,3.377976753787292,Right,1
cellula_MI_data_624.csv,True,CLEAN,34.28515865009322,10.915682259867687,-0.6221104009139267,34.28515865009322,17.82131071806754,4.789845647724361,12.819052541882286,30.3250855714347,8.613625461324775,0.7032944529599708,4.020723553751303,Right,1
cellula_MI_data_625.csv,False,extreme_ptp_amplitude_FZ_(13438.8uV>200.0uV); extreme_ptp_amplitude_C3_(8363.7uV>200.0uV); extreme_ptp_amplitude_C4_(4982.5uV>200.0uV); statistical_variance_outlier_(z=3807.84),13438.770278208784,390784.1336083865,3807.842258348338,13438.770278208784,8363.668675272122,93.05695025270234,4982.525971201807,1025121.7874724942,397056.22372673755,49.59392319874692,140908.92931111544,Left,0
cellula_MI_data_626.csv,True,CLEAN,43.039870290407,12.531955054604296,-0.6063582534622638,43.039870290407,25.01555968392156,5.659921584615844,14.440219858602013,34.51574683805852,11.043846366592785,0.707361281761405,3.8608657320044717,Right,1
cellula_MI_data_627.csv,True,CLEAN,47.00113099242756,12.636777756983093,-0.6053366544663953,47.00113099242756,28.90440845869872,5.026215784505357,14.375049234133215,34.44006209556277,12.08863399333802,0.7146925204766174,3.3037224185549623,Left,0
cellula_MI_data_628.csv,True,CLEAN,31.667265580010625,11.327353874182611,-0.6180982613843434,31.667265580010625,19.2755934379289,4.717518397492693,9.656795492856062,30.78599885039319,11.16232294270936,0.737051096490936,2.624042607136959,Right,1
cellula_MI_data_629.csv,True,CLEAN,61.68653608729254,17.748376976519715,-0.5555191577652475,61.68653608729254,39.953008308483746,9.793651204748626,28.34982139227794,46.60166223174843,17.64842147076112,1.1094705327563117,5.633953670812995,Left,0
cellula_MI_data_630.csv,True,CLEAN,30.05768079366568,11.58721992364758,-0.6155656144560626,30.05768079366568,18.61484079758025,5.572613185001547,11.43945288068698,31.238377329677018,11.54175999014785,0.8343920075274506,2.734350367238008,Right,1
cellula_MI_data_631.csv,False,flatline_dead_channel_CZ_(var=4.9761e-01),38.62241614806326,11.053252398769498,-0.6207696463581461,38.62241614806326,23.703852345146075,5.196055710342077,10.723807896467562,29.977092485905835,10.628503795966319,0.49761233141803607,3.1098009817878034,Left,0
cellula_MI_data_632.csv,False,flatline_dead_channel_CZ_(var=3.7242e-01),27.652029164502643,10.60018181886066,-0.6251852589972846,27.652029164502643,17.218721725512914,3.190151627269219,8.942997538912804,28.32956096232077,10.919379043464087,0.3724223760000317,2.7793648936577506,Right,1
cellula_MI_data_633.csv,True,CLEAN,34.63965155835885,11.886337850722937,-0.6126504198750052,34.63965155835885,19.370174330063435,9.45060229879046,10.053565234040647,31.750385624905547,12.277971543710853,0.6885213876933208,2.828472846582023,Left,0
cellula_MI_data_634.csv,True,CLEAN,52.343366731109995,13.72761910814503,-0.5947053465177428,52.343366731109995,34.45908258157057,3.8451766456888397,17.374572266133978,36.31617815023665,14.82247923754034,0.5263020347975516,3.2455170100055724,Right,1
cellula_MI_data_635.csv,True,CLEAN,190.27493980068658,59.457178077681306,-0.14902640040577947,190.27493980068658,132.0852259923111,13.907575387866913,45.15576054430987,154.1185117635658,73.75080649329396,1.046137485055973,8.91325656880949,Left,0
cellula_MI_data_636.csv,True,CLEAN,37.62291297179221,13.785354057474157,-0.594142663387823,37.62291297179221,26.54815868811922,4.1441011025888645,8.899199781860506,35.68668971251227,16.875806432103417,0.5182061126277228,2.060713972653216,Right,1
cellula_MI_data_637.csv,False,extreme_ptp_amplitude_FZ_(209.9uV>200.0uV),209.85263007833765,79.82618811334241,0.04948937649215596,209.85263007833765,143.21066095951682,33.86654166747627,34.22394195960024,210.21655104731835,97.67096933844297,5.0186449929673,6.398587074641015,Left,0
cellula_MI_data_638.csv,True,CLEAN,40.15862277858528,14.256882729403756,-0.5895471587229484,40.15862277858528,27.82204953702108,4.865056538406965,10.041326108338454,36.73026538074442,17.40365999054652,0.5174939682335771,2.376111578090501,Left,0
cellula_MI_data_639.csv,True,CLEAN,33.40243800184935,13.732498617330654,-0.5946577909637335,33.40243800184935,22.37941953582118,26.96888213516866,25.67337530993343,33.00790836315176,13.3749385965646,3.4759963098373943,5.071151199768866,Right,1
cellula_MI_data_640.csv,True,CLEAN,38.83939785946041,20.39774317646812,-0.5296985121595408,27.520282350345894,17.605539464104176,38.83939785946041,18.986793617887074,18.55831971487805,7.916807808105409,45.24281257428774,9.873032608601285,Right,1
cellula_MI_data_641.csv,False,extreme_ptp_amplitude_FZ_(5162.4uV>200.0uV); extreme_ptp_amplitude_C3_(5328.0uV>200.0uV); extreme_ptp_amplitude_CZ_(16020.2uV>200.0uV); extreme_ptp_amplitude_C4_(5532.1uV>200.0uV); statistical_variance_outlier_(z=3220.24),16020.154807309755,330491.8391707794,3220.2353176926104,5162.414812053727,5328.0321037506565,16020.154807309755,5532.121373553972,102645.66963547848,109972.3251806734,991258.6650073864,118090.69685957923,Right,1
cellula_MI_data_642.csv,True,CLEAN,105.50931191416583,41.56700622186941,-0.3233834928013505,100.4512658336582,105.50931191416583,51.56416768956937,52.321567606194414,52.596916482249156,52.59633038429784,43.67314585975457,17.40163216117607,Left,0
cellula_MI_data_643.csv,True,CLEAN,47.07331070573241,17.98937412395858,-0.5531704066050165,32.437732516422436,16.96919398754296,47.07331070573241,22.78462914084574,16.62323871009089,7.424113777620778,39.36019241381048,8.549951594312171,Left,0
cellula_MI_data_644.csv,True,CLEAN,37.80515095869799,17.696366612177155,-0.5560260492570839,33.185536401622514,23.642012810417846,37.80515095869799,20.603326768909334,17.561584659268316,8.448557633784143,36.52341606024311,8.25190809541305,Right,1
cellula_MI_data_645.csv,True,CLEAN,78.82007102553312,23.23623266618372,-0.502034676495412,31.154048524932914,32.55919134180553,78.82007102553312,28.997935085889743,19.07058129760995,10.353747392244031,53.38283188861124,10.13777008626966,Left,0
cellula_MI_data_646.csv,True,CLEAN,62.30830819317045,21.454039132600247,-0.5194038826218952,24.333249403063043,40.587053821279014,62.30830819317045,20.321389519085766,16.490055449284963,11.643204106189998,48.85536268278457,8.827534292141456,Right,1
cellula_MI_data_647.csv,False,extreme_ptp_amplitude_FZ_(1693.8uV>200.0uV); extreme_ptp_amplitude_C3_(694.1uV>200.0uV); extreme_ptp_amplitude_CZ_(2092.4uV>200.0uV); extreme_ptp_amplitude_C4_(1089.2uV>200.0uV); statistical_variance_outlier_(z=74.00),2092.4334620939235,7667.77720473307,74.00143836618463,1693.832651590594,694.0966311359917,2092.4334620939235,1089.2286908149633,9875.47466668525,1652.5540785670696,15060.319248162403,4082.7608255175583,Right,1
cellula_MI_data_648.csv,True,CLEAN,47.24460748001239,18.304840818741408,-0.5500958774113741,29.368845221829847,18.063651520345047,47.24460748001239,20.951933208665082,17.292628975133997,6.923539751752969,40.575888860438845,8.427305687639812,Right,1
cellula_MI_data_649.csv,True,CLEAN,91.39925411963519,29.86243229557585,-0.4374559284361475,52.65344372823455,16.458420701094596,91.39925411963519,41.239292067596544,26.766645932488736,8.15547037138897,69.11149577083708,15.416117107588612,Right,1
cellula_MI_data_650.csv,True,CLEAN,44.28893184430782,17.360617462463242,-0.5592982506641031,26.30792146500111,22.955735361671707,44.28893184430782,18.475489396234114,16.025613072053943,8.613487061500628,36.46197475144148,8.341394964856923,Left,0
cellula_MI_data_651.csv,False,extreme_ptp_amplitude_FZ_(2211.2uV>200.0uV); extreme_ptp_amplitude_C3_(2435.7uV>200.0uV); extreme_ptp_amplitude_CZ_(918.1uV>200.0uV); extreme_ptp_amplitude_C4_(1134.6uV>200.0uV); statistical_variance_outlier_(z=127.21),2435.730453403382,13127.507240920157,127.2118078386888,2211.160963493423,2435.730453403382,918.1331429270648,1134.628945195419,19867.82507217891,23969.791345847992,3440.9795337687647,5231.433011884959,Left,0
cellula_MI_data_652.csv,True,CLEAN,62.149341874414866,25.42889161965466,-0.4806650863750069,61.45944589620046,42.72635394317466,62.149341874414866,39.29534848484862,27.634380370248056,13.934689061969914,45.5918134587508,14.554683587649878,Right,1
cellula_MI_data_653.csv,True,CLEAN,50.28134672042431,17.71155714961641,-0.5558780027228649,38.19701075352099,17.78218837585662,50.28134672042431,26.021844111808598,17.665843941366585,8.135705890395124,36.47692445617103,8.567754310532901,Left,0
cellula_MI_data_654.csv,True,CLEAN,49.452899078370265,21.03588424993204,-0.5234792078954953,45.938495173571745,39.0283652778078,49.452899078370265,28.660115511063744,22.759204415351125,13.041720770452708,38.497884426282674,9.844727387641653,Right,1
cellula_MI_data_655.csv,True,CLEAN,67.07299216760873,20.04947672403047,-0.5330927068333176,34.970027774992985,22.877174755774266,67.07299216760873,27.576061917596036,17.723915025715165,8.98132817411108,44.44706870628648,9.04559499000915,Left,0
cellula_MI_data_656.csv,True,CLEAN,36.12047663923111,16.25510244755699,-0.5700725677110396,24.25372288610368,23.403833257247843,36.12047663923111,17.070139219038015,15.754691578683804,8.786627893397839,32.98180317474599,7.497287143400329,Right,1
cellula_MI_data_657.csv,True,CLEAN,59.69468436439794,17.433900887006317,-0.5585840325488662,27.632337974121242,35.11738732254421,59.69468436439794,21.347382765475245,15.316918144641647,10.303169781831139,36.65893021469659,7.456585406855899,Right,1
cellula_MI_data_658.csv,False,extreme_ptp_amplitude_C3_(260.7uV>200.0uV); extreme_ptp_amplitude_CZ_(765.5uV>200.0uV); extreme_ptp_amplitude_C4_(431.1uV>200.0uV); statistical_variance_outlier_(z=66.20),765.5401497159271,6866.891000252188,66.19602480848047,95.9303788887173,260.6630211933842,765.5401497159271,431.11469118692355,247.24867770635797,2139.2368344727993,18849.46534376312,6231.613145066474,Right,1
cellula_MI_data_659.csv,False,extreme_ptp_amplitude_C3_(229.0uV>200.0uV); extreme_ptp_amplitude_CZ_(677.8uV>200.0uV); extreme_ptp_amplitude_C4_(388.6uV>200.0uV); statistical_variance_outlier_(z=57.27),677.7804895734289,5951.319763191809,57.27289427281693,83.37615148148635,228.98228161571154,677.7804895734289,388.6262895529693,274.8058180902346,1902.6049396242167,16525.866489378514,5102.001805674274,Right,1
cellula_MI_data_660.csv,False,extreme_ptp_amplitude_C3_(247.1uV>200.0uV); extreme_ptp_amplitude_CZ_(720.2uV>200.0uV); extreme_ptp_amplitude_C4_(385.1uV>200.0uV); statistical_variance_outlier_(z=64.44),720.2318714410444,6687.099635437444,64.44378341809126,109.0329497314491,247.13359531568142,720.2318714410444,385.1095688256182,300.1215086448062,2139.3732624028116,18606.622963050526,5702.280807651631,Right,1
cellula_MI_data_661.csv,False,extreme_ptp_amplitude_FZ_(786.3uV>200.0uV); extreme_ptp_amplitude_C3_(1621.9uV>200.0uV); extreme_ptp_amplitude_CZ_(4488.1uV>200.0uV); extreme_ptp_amplitude_C4_(2096.3uV>200.0uV); statistical_variance_outlier_(z=410.70),4488.143922256508,42215.43168446939,410.70186990601815,786.3163697425463,1621.8809146611047,4488.143922256508,2096.345207509855,3497.4635719909243,15696.773992693239,122122.40414637819,27545.085026815217,Right,1
cellula_MI_data_662.csv,False,extreme_ptp_amplitude_CZ_(726.4uV>200.0uV); extreme_ptp_amplitude_C4_(629.4uV>200.0uV); statistical_variance_outlier_(z=38.98),726.4443661804681,4074.3685646882823,38.98018271157265,198.82448529865485,192.29664846906033,726.4443661804681,629.4204730055485,322.01286096232207,1158.6534289457823,10663.072574281412,4153.735394563614,Left,0
cellula_MI_data_663.csv,False,extreme_ptp_amplitude_C3_(222.4uV>200.0uV); extreme_ptp_amplitude_CZ_(660.6uV>200.0uV); extreme_ptp_amplitude_C4_(398.1uV>200.0uV); statistical_variance_outlier_(z=52.18),660.5984596544836,5428.635642769696,52.17883010101133,88.92214593303223,222.35009201170126,660.5984596544836,398.0990121580038,281.48414088951154,1731.7421011337035,15181.487367324797,4519.828961730771,Left,0
cellula_MI_data_664.csv,False,extreme_ptp_amplitude_C3_(452.8uV>200.0uV); extreme_ptp_amplitude_CZ_(1383.1uV>200.0uV); extreme_ptp_amplitude_C4_(782.2uV>200.0uV); statistical_variance_outlier_(z=62.76),1383.1311209239088,6514.389605589088,62.76055651146269,153.60126373895673,452.8326379676082,1383.1311209239088,782.2178126526226,297.16241890429484,2017.561544503915,18153.239907015428,5589.594551932713,Right,1
cellula_MI_data_665.csv,False,extreme_ptp_amplitude_CZ_(594.9uV>200.0uV); extreme_ptp_amplitude_C4_(327.0uV>200.0uV); statistical_variance_outlier_(z=45.02),594.9383163300404,4694.449250100282,45.02347096114674,85.68073180857036,199.9035536980183,594.9383163300404,327.0261140898117,257.03346078785813,1495.3546047270413,13172.464792379125,3852.944142507106,Right,1
cellula_MI_data_666.csv,False,extreme_ptp_amplitude_FZ_(5374.0uV>200.0uV); extreme_ptp_amplitude_C3_(46828.4uV>200.0uV); extreme_ptp_amplitude_CZ_(154299.1uV>200.0uV); extreme_ptp_amplitude_C4_(102096.8uV>200.0uV); statistical_variance_outlier_(z=380550.24),154299.14157803063,39047005.10517982,380550.2428303308,5373.97287521416,46828.39606401002,154299.14157803063,102096.77263880648,123609.46562985367,9394557.674960453,102003755.29098697,44666097.98914197,Left,0
cellula_MI_data_667.csv,False,flatline_dead_channel_CZ_(var=3.4363e-01),52.560363104972765,12.956415810546915,-0.6022214713319044,9.262336853733283,48.4084116165627,5.450106236616591,52.560363104972765,0.7338539871438066,23.17496672264067,0.3436316351984885,27.573210897204692,Left,0
cellula_MI_data_668.csv,True,CLEAN,29.205625944831258,9.211046271645943,-0.6387237334685069,6.876187598029082,29.205625944831258,9.960791578501786,29.067861223758054,0.6178493578639404,16.662901299717028,0.5897178648336203,18.973716564169184,Right,1
cellula_MI_data_669.csv,False,extreme_ptp_amplitude_FZ_(765.4uV>200.0uV); extreme_ptp_amplitude_C3_(5541.1uV>200.0uV); extreme_ptp_amplitude_C4_(6200.9uV>200.0uV); statistical_variance_outlier_(z=704.07),6200.935224794292,72317.17331713982,704.0725646883653,765.4029572278441,5541.13140121991,106.68167151261468,6200.935224794292,2433.679326472664,127344.78913514978,47.60289774352273,159442.62190919335,Left,0
cellula_MI_data_670.csv,False,flatline_dead_channel_CZ_(var=3.7592e-01),44.145377163302726,10.496728535685339,-0.6261935116735922,7.430508585549481,42.80922228315525,6.316957801145449,44.145377163302726,0.5604484850057572,19.152224053448293,0.37591692368905505,21.898324680598254,Left,0
cellula_MI_data_671.csv,False,flatline_dead_channel_CZ_(var=2.5585e-01),100.29978069693789,24.298892600133215,-0.4916780238158286,15.235357377520373,87.84589589178329,3.4980083524017163,100.29978069693789,1.1789495449397163,42.189628477148,0.25584795103782215,53.571144427407326,Left,0
cellula_MI_data_672.csv,True,CLEAN,47.807969789534184,10.207105311945003,-0.6290161711532546,9.298957183709698,47.807969789534184,12.345019582308154,45.62388468039775,0.6250731625654101,19.011359199040502,0.8125774939149922,20.379411392259108,Left,0
cellula_MI_data_673.csv,False,flatline_dead_channel_FZ_(var=2.5388e-01); flatline_dead_channel_CZ_(var=2.0718e-01),29.84227654400256,6.76979099034926,-0.6625161361392471,4.149253499423992,28.683183803198766,3.424803497062822,29.84227654400256,0.2538834202352944,12.392828490810162,0.20717584010619972,14.225276210245385,Left,0
cellula_MI_data_674.csv,False,flatline_dead_channel_FZ_(var=2.9152e-01); flatline_dead_channel_CZ_(var=3.2690e-01),25.94407852645702,7.6633243223031995,-0.6538077863830987,3.8884724684393404,24.073935144081855,6.015341548786707,25.94407852645702,0.29152253088045604,14.107662116487393,0.32689794765395014,15.927214694190997,Left,0
cellula_MI_data_675.csv,False,flatline_dead_channel_FZ_(var=2.5862e-01); flatline_dead_channel_CZ_(var=2.8158e-01),29.7847370441822,7.805655619680058,-0.6524206297158777,2.9753110364361035,26.16287930224366,4.504750686465276,29.7847370441822,0.25862492194898207,14.173274352742975,0.28158481601380336,16.509138388014474,Left,0
cellula_MI_data_676.csv,False,extreme_ptp_amplitude_FZ_(211.3uV>200.0uV); extreme_ptp_amplitude_C4_(390.9uV>200.0uV); statistical_variance_outlier_(z=5.23),390.87785788087297,611.197512747295,5.228218786822602,211.263642856285,148.3503297578372,80.87634492997739,390.87785788087297,333.889859151469,268.22773530254847,97.8059061585551,1744.8665503766074,Right,1
cellula_MI_data_677.csv,True,CLEAN,150.51640768185007,272.9325700555827,1.931498534919529,61.79076345388228,61.38046814000293,38.78318925727523,150.51640768185007,106.32250494479293,133.8007979944427,53.89703591023319,797.7099413728621,Left,0
cellula_MI_data_678.csv,False,extreme_ptp_amplitude_FZ_(5390.5uV>200.0uV); extreme_ptp_amplitude_C3_(292.9uV>200.0uV); extreme_ptp_amplitude_CZ_(3483.5uV>200.0uV); extreme_ptp_amplitude_C4_(2219.5uV>200.0uV); statistical_variance_outlier_(z=465.06),5390.52463984492,47792.64637442979,465.0572413828692,5390.52463984492,292.89802820404077,3483.471044971302,2219.498067797459,120076.49743266513,453.46965084048395,50111.36126964762,20529.2571445659,Right,1
cellula_MI_data_679.csv,False,extreme_ptp_amplitude_FZ_(422.5uV>200.0uV); extreme_ptp_amplitude_C3_(496.7uV>200.0uV); extreme_ptp_amplitude_CZ_(288.1uV>200.0uV); extreme_ptp_amplitude_C4_(1205.0uV>200.0uV); statistical_variance_outlier_(z=20.99),1205.0226692165356,2228.9165197182933,20.99446098068292,422.5367344009361,496.7003202780654,288.1035246155956,1205.0226692165356,817.6327147455936,1120.2457200284791,380.7152201881942,6597.072423910907,Left,0
cellula_MI_data_680.csv,True,CLEAN,158.859609669487,271.9843747489267,1.9222574511544255,54.074210447286745,66.95701587753766,45.072829045305994,158.859609669487,110.60655593985543,135.59813938052983,47.93907551872559,793.7937281565959,Left,0
cellula_MI_data_681.csv,True,CLEAN,147.96722953624095,237.11321957743115,1.582404191321063,61.66550264065121,60.742480848655276,34.903799700521795,147.96722953624095,98.86582445127452,118.10987057844433,41.84283782966485,689.6343454503409,Left,0
cellula_MI_data_682.csv,True,CLEAN,147.67314863255763,243.81676172105784,1.6477367172651454,53.871025083219415,61.70727577795891,37.99632139761543,147.67314863255763,102.55916049219913,121.8607381482415,41.50740628366683,709.3397419601239,Right,1
cellula_MI_data_683.csv,False,extreme_ptp_amplitude_C3_(265.9uV>200.0uV); extreme_ptp_amplitude_CZ_(228.5uV>200.0uV); extreme_ptp_amplitude_C4_(598.6uV>200.0uV); statistical_variance_outlier_(z=5.89),598.5824257417719,679.1111860281969,5.890103463090483,106.88012596157726,265.9280381652313,228.48232746829743,598.5824257417719,130.63568096403526,375.51282539071497,240.02211602674407,1970.2741217312932,Left,0
cellula_MI_data_684.csv,True,CLEAN,132.6653849292604,211.05569805916144,1.3284483476557283,51.61260720517559,54.92735192983384,32.11643666966423,132.6653849292604,91.77779176424445,105.43961744977801,34.67531026114378,612.3300727614795,Right,1
cellula_MI_data_685.csv,False,extreme_ptp_amplitude_CZ_(219.1uV>200.0uV),219.14789704221099,176.82566884611506,0.9948434826882995,124.51441372163677,92.02156311791171,219.14789704221099,34.9392980009653,131.29106023636464,77.3822355382358,479.57547584094675,19.05390376891309,Right,1
cellula_MI_data_686.csv,False,extreme_ptp_amplitude_CZ_(279.6uV>200.0uV),279.6256030575447,212.99081211686863,1.347307912744032,132.33369328516875,104.86392081467453,279.6256030575447,47.986190986510366,137.66186801680956,84.98964163566816,606.7233424311876,22.588396383809215,Left,0
cellula_MI_data_687.csv,False,extreme_ptp_amplitude_CZ_(246.6uV>200.0uV),246.6064810229837,203.27073379193567,1.2525763132797174,97.35356555410455,79.28923935875892,246.6064810229837,71.31122920267734,111.79713867617329,73.14888669329099,586.5340839455658,41.60282585271251,Right,1
cellula_MI_data_688.csv,False,extreme_ptp_amplitude_CZ_(308.9uV>200.0uV),308.87147627904017,243.98568996046782,1.6493830869526147,163.474848545667,143.710784920311,308.87147627904017,48.10949417122491,166.69026220430206,116.59747970796116,664.2490309347304,28.405986994877733,Right,1
cellula_MI_data_689.csv,False,extreme_ptp_amplitude_CZ_(249.7uV>200.0uV),249.69504244387187,199.70643869296455,1.217838797346102,86.82207292658401,77.10982329525208,249.69504244387187,92.84910076275433,108.14699286327809,72.75850156844353,573.3883017839601,44.53195855617648,Left,0
cellula_MI_data_690.csv,True,CLEAN,166.54306012855312,140.08827071192397,0.6368018734471264,84.42177108805903,66.00636199955909,166.54306012855312,28.508884880045237,89.95910176742163,56.86270043398871,395.59951612067175,17.93176452561387,Right,1
cellula_MI_data_691.csv,True,CLEAN,129.33163216802953,144.07139082402256,0.6756212457262258,63.43987804983071,52.80309204536792,129.33163216802953,29.241505626650238,93.2440286266242,58.8564171003788,405.6642904554194,18.520827113667817,Left,0
cellula_MI_data_692.csv,True,CLEAN,193.38654531361937,144.59478535405884,0.6807222335293824,96.43870955091737,76.01483061000894,193.38654531361937,25.658843540069505,100.3344751796966,61.05008564871341,402.1555055091973,14.839075078628078,Right,1
cellula_MI_data_693.csv,True,CLEAN,153.25125475650546,125.35338076730667,0.49319606640298735,73.10585208791424,57.82898944839043,153.25125475650546,41.064794534018645,79.34546495101021,50.40977982259903,352.383682637835,19.274595657782466,Left,0
cellula_MI_data_694.csv,False,flatline_dead_channel_FZ_(var=3.1871e-01); flatline_dead_channel_C4_(var=1.6118e-01),23.059463337242185,0.9904635453304869,-0.7188412926238699,7.129323445891634,23.059463337242185,12.763248951666911,4.583297105112922,0.31871456159285083,2.7422326770716485,0.7397288101758952,0.1611781324815528,Left,0
cellula_MI_data_695.csv,False,flatline_dead_channel_FZ_(var=1.5843e-01); flatline_dead_channel_CZ_(var=4.4042e-01); flatline_dead_channel_C4_(var=8.2628e-02),19.76541803528928,0.6066202573066978,-0.7225822180981907,5.759641476075287,19.76541803528928,9.802062697022007,4.203713862191985,0.15843450729457273,1.7450019835775772,0.44041689907684084,0.08262763927780058,Right,1
cellula_MI_data_696.csv,False,extreme_ptp_amplitude_C3_(206.9uV>200.0uV),206.8621334771405,51.08683639173533,-0.23060350600775076,55.287052592369335,206.8621334771405,108.87601629012097,42.79551639735551,10.547741610334024,146.9569851503483,40.52913677460372,6.313482031655302,Right,1
cellula_MI_data_697.csv,False,flatline_dead_channel_FZ_(var=6.0651e-02); flatline_dead_channel_CZ_(var=1.5523e-01); flatline_dead_channel_C4_(var=3.1815e-02),5.4241774817684085,0.21333335394589484,-0.7264151807717699,1.6118486616474659,5.4241774817684085,3.167375089246187,1.228883502280918,0.060650905841472515,0.605633345099537,0.15523371990130272,0.03181544494126706,Right,1
cellula_MI_data_698.csv,False,flatline_dead_channel_FZ_(var=5.3571e-02); flatline_dead_channel_CZ_(var=1.3355e-01); flatline_dead_channel_C4_(var=3.1938e-02),4.423199281091824,0.1908485376404328,-0.7266343171347779,1.5334092443289382,4.423199281091824,2.1310955061496792,1.0322581360323055,0.05357086884609439,0.5443335181307156,0.13355212945306552,0.0319376341318557,Right,1
cellula_MI_data_699.csv,False,flatline_dead_channel_FZ_(var=7.1170e-02); flatline_dead_channel_CZ_(var=1.8698e-01); flatline_dead_channel_C4_(var=5.7372e-02),9.679005075127524,0.26470210621657836,-0.7259145424124468,2.4728135357112113,9.679005075127524,4.98006843852865,2.5709217414242014,0.07117049902568431,0.7432836388466831,0.18698270936931885,0.05737157762462718,Right,1
cellula_MI_data_700.csv,False,flatline_dead_channel_FZ_(var=5.0149e-02); flatline_dead_channel_CZ_(var=1.5745e-01); flatline_dead_channel_C4_(var=5.5660e-02),8.473466481580306,0.23765679262731013,-0.7261781252487861,2.091917952488168,8.473466481580306,4.333353255144694,2.323778281021894,0.050148569095980734,0.6873654140637183,0.15745340022540955,0.055659787124131936,Left,0
cellula_MI_data_701.csv,False,flatline_dead_channel_FZ_(var=6.3340e-02); flatline_dead_channel_CZ_(var=1.3402e-01); flatline_dead_channel_C4_(var=4.4100e-02),6.249161215646444,0.20361061063941974,-0.7265099383440667,1.5232205484061547,6.249161215646444,3.2721067155249686,1.7804560744517053,0.06334005539557107,0.572982351992037,0.13401993401678045,0.04410010115329049,Left,0
cellula_MI_data_702.csv,False,flatline_dead_channel_FZ_(var=1.2774e-01); flatline_dead_channel_C4_(var=2.2809e-01),30.03241228756449,1.337351441823471,-0.7154605333160667,5.033710633589513,30.03241228756449,17.67618093178664,7.322520722188337,0.12774281571246865,3.7082370459073326,1.2853335399228123,0.22809236575127093,Right,1
cellula_MI_data_703.csv,True,CLEAN,30.1099205253549,10.668473265547842,-0.6245196925524326,15.056456394248226,21.44294301054545,30.1099205253549,8.280150197376491,6.540692442364481,11.575284133232834,22.75805607559185,1.7998604110022007,Right,1
cellula_MI_data_704.csv,False,extreme_ptp_amplitude_FZ_(9799.3uV>200.0uV); extreme_ptp_amplitude_C3_(14087.5uV>200.0uV); extreme_ptp_amplitude_CZ_(20089.7uV>200.0uV); extreme_ptp_amplitude_C4_(3797.1uV>200.0uV); statistical_variance_outlier_(z=7202.60),20089.662714664173,739108.1242979935,7202.597698248256,9799.303321239686,14087.506023791753,20089.662714664173,3797.146630367269,398454.33345309907,823487.2176961249,1674656.99630794,59833.94973480976,Left,0
cellula_MI_data_705.csv,True,CLEAN,36.09431326877635,10.121157063349802,-0.629853820273807,18.611062584366543,26.89053531092662,36.09431326877635,10.697260152106566,6.305002128501803,11.06114237818864,21.30542970910517,1.813054037603592,Left,0
cellula_MI_data_706.csv,True,CLEAN,77.37946482586419,17.604263078781237,-0.5569236876035291,23.089041170079767,48.69268169135818,77.37946482586419,9.972106976097427,7.885534105332171,18.145341429337027,42.88873177310351,1.4974450073522454,Left,0
cellula_MI_data_707.csv,False,extreme_ptp_amplitude_FZ_(839.8uV>200.0uV); extreme_ptp_amplitude_C3_(1206.6uV>200.0uV); extreme_ptp_amplitude_CZ_(1980.4uV>200.0uV); statistical_variance_outlier_(z=56.76),1980.401254621923,5899.183072288764,56.76477160601156,839.7752720367032,1206.5588675469785,1980.401254621923,66.63755935129404,2727.1149922273853,5642.116435142426,15209.968479260395,17.532382524853478,Right,1
cellula_MI_data_708.csv,False,extreme_ptp_amplitude_FZ_(1371.5uV>200.0uV); extreme_ptp_amplitude_C3_(2081.0uV>200.0uV); extreme_ptp_amplitude_CZ_(3165.1uV>200.0uV); extreme_ptp_amplitude_C4_(288.8uV>200.0uV); statistical_variance_outlier_(z=154.27),3165.1114404953883,15903.35808044201,154.26516904749153,1371.5065846562472,2081.004264112324,3165.1114404953883,288.80928472624333,7330.051969308877,16887.900826128254,39074.012735572556,321.466790758355,Left,0
cellula_MI_data_709.csv,True,CLEAN,42.01923027597654,15.06520198742779,-0.581669302842507,22.871541547124977,29.140285832985175,42.01923027597654,10.385172784071152,9.737331818255615,15.775230078606395,32.27427131339454,2.473974739454602,Right,1
cellula_MI_data_710.csv,True,CLEAN,37.36442959408238,9.708524041767333,-0.6338753296505402,23.65981326123178,24.443437205026193,37.36442959408238,8.376332668196264,8.660654412157594,7.676219523200966,21.157757957002197,1.339464274708573,Right,1
cellula_MI_data_711.csv,False,extreme_ptp_amplitude_FZ_(6807.5uV>200.0uV); extreme_ptp_amplitude_C3_(504.2uV>200.0uV); extreme_ptp_amplitude_CZ_(1973.6uV>200.0uV); extreme_ptp_amplitude_C4_(4331.5uV>200.0uV); statistical_variance_outlier_(z=718.09),6807.479954449308,73755.64122675518,718.0918309227135,6807.479954449308,504.1637099804757,1973.6126619279569,4331.484063853671,197420.62700386497,1083.9295703547464,16585.11263153454,79932.89570126645,Left,0
cellula_MI_data_712.csv,False,extreme_ptp_amplitude_C3_(644.7uV>200.0uV); extreme_ptp_amplitude_CZ_(347.8uV>200.0uV); statistical_variance_outlier_(z=5.04),644.6659415040922,591.3879259460576,5.035155132428506,169.40703199520055,644.6659415040922,347.8290675621124,127.42984194677936,116.65850627816832,1690.4730489013084,492.3962473068569,66.02390129789671,Right,1
cellula_MI_data_713.csv,False,extreme_ptp_amplitude_C3_(215.7uV>200.0uV),215.6983684961206,65.68129000237613,-0.08836638737287829,36.916447305136955,215.6983684961206,115.49742979748486,63.30709532463018,5.4825429619208,187.3689711930709,53.68873086842664,16.18491498608618,Right,1
cellula_MI_data_714.csv,False,flatline_dead_channel_FZ_(var=3.6758e-02); flatline_dead_channel_C3_(var=4.4623e-01); flatline_dead_channel_CZ_(var=1.4485e-01); flatline_dead_channel_C4_(var=2.1837e-02),4.591824916710886,0.1624197229410192,-0.7269113835325292,1.5738747296861106,4.591824916710886,2.411778148191077,1.5330616434110804,0.036757943974805016,0.44622897920865434,0.14485474017243669,0.02183722840818066,Left,0
cellula_MI_data_715.csv,False,flatline_dead_channel_FZ_(var=3.9577e-02); flatline_dead_channel_C4_(var=6.1986e-02),13.849576511115973,0.4514143214716957,-0.7240948506158001,1.7275014800183868,13.849576511115973,9.866816728434866,2.77763511651595,0.039576804599618445,1.1635455685073746,0.5405491857762765,0.061985727003513125,Right,1
cellula_MI_data_716.csv,False,extreme_ptp_amplitude_C3_(300.1uV>200.0uV); extreme_ptp_amplitude_CZ_(208.0uV>200.0uV),300.14704520421327,129.67950849362467,0.5353583808721815,52.7164281914282,300.14704520421327,207.97220644604204,39.458410566743034,10.518312133767205,339.474298230858,162.85922902981736,5.866194580056152,Left,0
cellula_MI_data_717.csv,False,flatline_dead_channel_FZ_(var=2.0161e-02); flatline_dead_channel_CZ_(var=2.6493e-01); flatline_dead_channel_C4_(var=1.1365e-02),7.049106790762055,0.20004041613028745,-0.7265447333554794,1.1896210070833622,7.049106790762055,5.107138960570827,1.0783166945122902,0.020161089225242155,0.5037080383712468,0.26492714386607386,0.011365393058586928,Left,0
cellula_MI_data_718.csv,False,flatline_dead_channel_FZ_(var=2.4118e-02); flatline_dead_channel_C3_(var=4.7314e-01); flatline_dead_channel_CZ_(var=2.3719e-01); flatline_dead_channel_C4_(var=1.0439e-02),5.81550062402739,0.18622095674795158,-0.7266794174030002,1.0995607869246515,5.81550062402739,4.047178640010084,0.875025855513383,0.024117643448403822,0.4731377398259733,0.23718908335061828,0.010439360366810868,Right,1
cellula_MI_data_719.csv,False,flatline_dead_channel_FZ_(var=3.5581e-02); flatline_dead_channel_CZ_(var=3.3247e-01); flatline_dead_channel_C4_(var=1.3897e-02),8.81434364380764,0.2654869459449668,-0.7259068933873764,2.0109876449797555,8.81434364380764,6.072137028135912,1.1447209299343082,0.03558083831833341,0.6800037188116368,0.33246578339348987,0.013897443256407262,Right,1
cellula_MI_data_720.csv,False,extreme_ptp_amplitude_C3_(328.6uV>200.0uV); extreme_ptp_amplitude_CZ_(272.0uV>200.0uV),328.6352810112419,198.14952856914928,1.2026651967514563,85.08578903844034,328.6352810112419,271.9661442374994,28.42514324029947,30.133643055114458,450.6899318094768,308.4394890603333,3.335050351672573,Right,1
cellula_MI_data_721.csv,False,flatline_dead_channel_FZ_(var=3.0961e-02); flatline_dead_channel_C4_(var=2.2173e-02),12.012286001823943,0.28713585431072003,-0.7256959037587349,1.3044061094382209,9.170623415780716,12.012286001823943,2.2897205838081662,0.03096132559108845,0.5670209668947694,0.5283883880572063,0.02217273669981586,Right,1
cellula_MI_data_722.csv,False,extreme_ptp_amplitude_C3_(605.0uV>200.0uV); extreme_ptp_amplitude_CZ_(882.1uV>200.0uV); statistical_variance_outlier_(z=10.96),882.092516849799,1199.6671348824882,10.963426536952749,121.39747672962136,604.9566711861438,882.092516849799,155.7383689340333,59.83165123768575,1484.2813331865427,3156.1623302274693,98.39322487825493,Left,0
cellula_MI_data_723.csv,False,flatline_dead_channel_FZ_(var=5.3691e-02); flatline_dead_channel_C4_(var=8.4526e-02),19.44072481657033,0.7837663339458247,-0.7208557576091011,2.9260636019565034,12.635128967739092,19.44072481657033,3.8852535797944894,0.053691369989070016,0.9066302053987889,2.09021762491987,0.08452613547556957,Right,1
cellula_MI_data_724.csv,False,extreme_ptp_amplitude_C3_(987.7uV>200.0uV); extreme_ptp_amplitude_CZ_(1425.3uV>200.0uV); extreme_ptp_amplitude_C4_(249.6uV>200.0uV); statistical_variance_outlier_(z=30.60),1425.3404485337148,3214.817018289785,30.603018444954863,188.03143343898682,987.6961379035904,1425.3404485337148,249.61287719113818,146.15403078462055,4041.1575018650465,8413.783884102568,258.1726564069043,Right,1
cellula_MI_data_725.csv,False,flatline_dead_channel_FZ_(var=2.5350e-02); flatline_dead_channel_C3_(var=3.6639e-01); flatline_dead_channel_C4_(var=3.7205e-02),5.707427455734774,0.30819960530488566,-0.7254906170567463,1.0032275357867477,3.821248586528338,5.707427455734774,1.2100900115208497,0.025350145714269398,0.3663890740067689,0.8038545483503501,0.03720465314815415,Right,1
cellula_MI_data_726.csv,False,extreme_ptp_amplitude_C3_(671.6uV>200.0uV); extreme_ptp_amplitude_CZ_(1130.2uV>200.0uV); extreme_ptp_amplitude_C4_(333.4uV>200.0uV); statistical_variance_outlier_(z=18.34),1130.1953174326286,1957.0471255016835,18.344829805029676,125.12831957078623,671.645017821316,1130.1953174326286,333.44537355586647,66.11534690288052,1902.301859000218,5390.091634144029,469.6796619596071,Left,0
cellula_MI_data_727.csv,False,flatline_dead_channel_FZ_(var=2.1929e-02); flatline_dead_channel_C3_(var=2.8530e-01); flatline_dead_channel_C4_(var=3.0036e-02),5.181007820218712,0.2408828007026212,-0.7261466846683047,0.9443963602560812,3.548418189031818,5.181007820218712,1.3237651321976558,0.02192927567076967,0.2853001449893773,0.6262653650061106,0.03003641714422711,Right,1
cellula_MI_data_728.csv,False,flatline_dead_channel_FZ_(var=2.9349e-02); flatline_dead_channel_C3_(var=4.0913e-01); flatline_dead_channel_C4_(var=3.0522e-02),8.304091820750578,0.3314226419536971,-0.7252642860198331,1.6851977678257244,5.931103627428387,8.304091820750578,1.1433733486379345,0.029349260009783246,0.409131591912289,0.8566873025738436,0.030522413318872385,Left,0
cellula_MI_data_729.csv,False,flatline_dead_channel_FZ_(var=3.3442e-02); flatline_dead_channel_C4_(var=4.0352e-02),9.940299988170317,0.4153402900364962,-0.7244464270725677,1.6113562048666816,6.876635514745562,9.940299988170317,1.7867985235921138,0.03344160481438047,0.5109339052614382,1.0766333801469241,0.04035226992324186,Left,0
cellula_MI_data_730.csv,False,extreme_ptp_amplitude_C3_(287.8uV>200.0uV); extreme_ptp_amplitude_CZ_(414.4uV>200.0uV),414.4333505682513,259.5680645850778,1.8012484549358128,46.557360546438325,287.7962583928488,414.4333505682513,80.16504380800149,8.552285908394886,326.8361017825002,677.5720283958693,25.31184225354692,Left,0
cellula_MI_data_731.csv,False,flatline_dead_channel_FZ_(var=3.0110e-02); flatline_dead_channel_C4_(var=1.8334e-02),15.564395558707375,0.5176003274364858,-0.7234498037347359,1.8540183222107967,12.215783917613184,15.564395558707375,1.7045960599878849,0.03010956763304564,0.758206478823427,1.263751553474645,0.01833370981482528,Right,1
cellula_MI_data_732.csv,False,flatline_dead_channel_FZ_(var=7.5955e-02); flatline_dead_channel_C4_(var=1.8767e-02),24.31359195169713,1.09419894364072,-0.7178302904616971,3.906786777072342,18.85214188828998,24.31359195169713,1.6221577364192732,0.0759551084025528,1.5954386933006766,2.6866347299152946,0.01876724294435528,Right,1
cellula_MI_data_733.csv,False,flatline_dead_channel_FZ_(var=3.9453e-02); flatline_dead_channel_C3_(var=3.4697e-01); flatline_dead_channel_C4_(var=2.3807e-02),5.05765941631145,0.2539570105198637,-0.7260192638012791,1.8803519378182472,3.841728997880696,5.05765941631145,1.8672123449090547,0.03945278154057662,0.34696854112159053,0.6055998554880997,0.023806863929188068,Right,1
cellula_MI_data_734.csv,False,extreme_ptp_amplitude_C3_(382.5uV>200.0uV); extreme_ptp_amplitude_CZ_(515.0uV>200.0uV),515.018516694244,388.609652042312,3.0588839974274236,92.47819783597417,382.5348898709187,515.018516694244,40.005428987350996,31.45161894806067,539.6756580178383,977.4220693950375,5.889261808311536,Left,0
cellula_MI_data_735.csv,False,flatline_dead_channel_FZ_(var=2.3633e-02); flatline_dead_channel_C3_(var=3.1984e-01); flatline_dead_channel_C4_(var=1.0741e-02),4.627869766511491,0.22583586279379056,-0.7262933316856943,1.1562839499733317,3.5086276978197244,4.627869766511491,0.984817928770211,0.02363326694735271,0.31984474677336,0.5491246511153611,0.010740786339088343,Left,0
cellula_MI_data_736.csv,False,flatline_dead_channel_FZ_(var=4.4581e-02); flatline_dead_channel_C4_(var=1.0257e-02),13.970615842517372,0.4566895667154382,-0.7240434382297267,2.8101652867482656,10.556004872757573,13.970615842517372,0.9371246500618655,0.04458102872881659,0.6442426960199684,1.127677448800768,0.010257093312199718,Left,0
cellula_MI_data_737.csv,False,extreme_ptp_amplitude_C3_(678.0uV>200.0uV); extreme_ptp_amplitude_CZ_(877.9uV>200.0uV); statistical_variance_outlier_(z=11.60),877.8808354112654,1265.4884489759725,11.604919141690766,118.8450143997695,678.0246323525373,877.8808354112654,81.01118865895796,56.98315420401483,1860.5634088482625,3117.8169708553905,26.590261996221734,Right,1
cellula_MI_data_738.csv,False,flatline_dead_channel_FZ_(var=2.8181e-02); flatline_dead_channel_C3_(var=4.2884e-01); flatline_dead_channel_C4_(var=1.1968e-02),8.573975819619422,0.29567893144328367,-0.7256126431785153,1.7199835904664558,6.64959094228075,8.573975819619422,0.7749616657620783,0.028180922896209916,0.4288389399014502,0.7137283326307926,0.011967530344682117,Left,0
cellula_MI_data_739.csv,False,flatline_dead_channel_FZ_(var=3.1670e-02); flatline_dead_channel_C3_(var=3.1596e-01); flatline_dead_channel_C4_(var=1.8664e-02),6.2528631494914775,0.2353385581857543,-0.7262007186939456,1.1879391958792085,5.353273230805035,6.2528631494914775,1.4637175994900278,0.03166999341626182,0.31596124351399996,0.5750587175068266,0.018664278305928882,Left,0
cellula_MI_data_740.csv,False,extreme_ptp_amplitude_C3_(477.4uV>200.0uV); extreme_ptp_amplitude_CZ_(687.1uV>200.0uV); statistical_variance_outlier_(z=5.07),687.0821514007699,595.1401509602633,5.071724207827203,133.03520366790033,477.40789122707224,687.0821514007699,76.6390565057975,58.26287217862755,749.7841494304756,1553.1850434913292,19.32853874062074,Right,1
cellula_MI_data_741.csv,False,flatline_dead_channel_FZ_(var=5.0546e-02); flatline_dead_channel_C4_(var=5.2851e-02),15.724349001189855,0.5494904954482487,-0.7231390030886966,2.565848025254083,10.047621602494779,15.724349001189855,3.224325470922887,0.050545551865589004,0.6325286490207285,1.4620363875312126,0.05285139337546453,Right,1
cellula_MI_data_742.csv,False,extreme_ptp_amplitude_C3_(374.5uV>200.0uV); extreme_ptp_amplitude_CZ_(504.9uV>200.0uV); flatline_dead_channel_C4_(var=1.8820e-01),504.9100689106874,424.8235403783223,3.4118234954654705,137.11979476131862,374.4505797426217,504.9100689106874,6.81503184372184,77.22911885789445,575.2460528354113,1046.630791961691,0.1881978582923384,Left,0
cellula_MI_data_743.csv,False,flatline_dead_channel_FZ_(var=3.6409e-02); flatline_dead_channel_C3_(var=4.1500e-01); flatline_dead_channel_C4_(var=1.8272e-02),9.138168691996839,0.3227227182539096,-0.7253490752221159,1.4207897496669522,6.534892583700953,9.138168691996839,1.3820738841751363,0.036408754522656045,0.41500003115719025,0.8212100354854449,0.018272051850347037,Left,0
cellula_MI_data_744.csv,False,extreme_ptp_amplitude_C3_(430.4uV>200.0uV); extreme_ptp_amplitude_CZ_(600.6uV>200.0uV),600.6395232041839,479.84003303774836,3.948012626079301,182.74225096401102,430.41173859101724,600.6395232041839,12.531105950033805,110.19666138912066,613.6205840592944,1195.041435433172,0.5014512694062526,Right,1
cellula_MI_data_745.csv,False,flatline_dead_channel_FZ_(var=4.3846e-02); flatline_dead_channel_C3_(var=2.5496e-01); flatline_dead_channel_C4_(var=1.0388e-02),5.087845029751774,0.20288900222240933,-0.7265169711186231,1.3183249900072782,3.666815461396948,5.087845029751774,0.7841856453260772,0.043845511600054204,0.25495857775045505,0.5023640927807244,0.010387826758403692,Left,0
cellula_MI_data_746.csv,False,flatline_dead_channel_FZ_(var=4.0072e-02); flatline_dead_channel_C3_(var=2.7960e-01); flatline_dead_channel_C4_(var=1.0748e-02),4.647900164142547,0.21666804035403026,-0.7263826810154311,1.409149441949392,3.4138805929687797,4.647900164142547,0.821710505291213,0.04007239913108645,0.2796008476402421,0.5362508948426237,0.010748019802168789,Right,1
cellula_MI_data_747.csv,False,flatline_dead_channel_FZ_(var=3.6565e-02); flatline_dead_channel_C3_(var=2.7951e-01); flatline_dead_channel_C4_(var=9.7129e-03),5.117757799036863,0.21539031770654896,-0.7263951336630355,1.255190249686502,3.7733583734337266,5.117757799036863,0.8681016006283603,0.03656486206983332,0.2795128034099983,0.5357706575957423,0.009712947750621913,Right,1
cellula_MI_data_748.csv,False,flatline_dead_channel_FZ_(var=2.4067e-02); flatline_dead_channel_C4_(var=6.0516e-03),17.669317507020686,0.6724423392437738,-0.7219407180100714,1.8586657980377206,15.658370789670503,17.669317507020686,0.5739650837590361,0.024067004898605363,1.1825556486265671,1.477095117995131,0.006051585454792151,Left,0
cellula_MI_data_749.csv,False,extreme_ptp_amplitude_C3_(488.1uV>200.0uV); extreme_ptp_amplitude_CZ_(573.5uV>200.0uV); statistical_variance_outlier_(z=4.90),573.4736008480888,577.6358109923539,4.90112742174229,25.294826914960737,488.07181011262867,573.4736008480888,60.26961730166377,2.566356243720167,963.256898077373,1330.019009655586,14.700979992736562,Right,1
cellula_MI_data_750.csv,False,flatline_dead_channel_FZ_(var=1.1029e-02); flatline_dead_channel_C3_(var=3.7933e-01); flatline_dead_channel_CZ_(var=4.8215e-01); flatline_dead_channel_C4_(var=5.3051e-03),5.6780068065411555,0.21945260870253766,-0.7263555426936344,0.613947142866667,4.889696246775268,5.6780068065411555,0.5209175977533858,0.011028655145424306,0.37932831565641023,0.48214833532751056,0.005305128680805584,Left,0
cellula_MI_data_751.csv,False,flatline_dead_channel_FZ_(var=1.7920e-02); flatline_dead_channel_C3_(var=3.5706e-01); flatline_dead_channel_CZ_(var=4.5858e-01); flatline_dead_channel_C4_(var=7.2215e-03),6.43154635510984,0.21019648600032506,-0.7264457525951503,1.3362103517265285,5.550970329048283,6.43154635510984,0.6034994161440529,0.017920407307928734,0.35706385437895927,0.45858021612427186,0.0072214661901404045,Right,1
cellula_MI_data_752.csv,False,flatline_dead_channel_FZ_(var=3.2620e-02); flatline_dead_channel_C3_(var=4.6013e-01); flatline_dead_channel_C4_(var=6.1682e-03),9.405976789309879,0.295766288986295,-0.7256117917944523,1.8674960905960534,7.640388891407409,9.405976789309879,0.5443987741467068,0.032620115094935224,0.4601277638345892,0.6841491105455008,0.006168166470154806,Left,0
cellula_MI_data_753.csv,False,flatline_dead_channel_FZ_(var=2.9018e-02); flatline_dead_channel_C3_(var=3.3146e-01); flatline_dead_channel_CZ_(var=4.9326e-01); flatline_dead_channel_C4_(var=7.1084e-03),5.732061686858909,0.21521047180133138,-0.7263968864359752,1.3791234669058992,4.598505604997419,5.732061686858909,0.5061419050124698,0.029018186302694614,0.33145832870734887,0.49325696035125055,0.0071084118440315645,Right,1
cellula_MI_data_754.csv,False,extreme_ptp_amplitude_C3_(283.6uV>200.0uV); extreme_ptp_amplitude_CZ_(325.8uV>200.0uV),325.8176133304552,201.8484700342834,1.2387149722371331,96.74133221275787,283.56483589126344,325.8176133304552,54.485186940585464,37.872494255003545,326.52585415442337,430.99129581599476,12.004235911711849,Left,0
cellula_MI_data_755.csv,False,flatline_dead_channel_FZ_(var=5.6768e-02); flatline_dead_channel_C4_(var=1.2051e-02),11.180190354703356,0.38061517766201297,-0.7247848570035669,2.9782931730819175,9.241467887641878,11.180190354703356,1.1420561063002657,0.05676758016140178,0.6018830164103384,0.851759352791236,0.012050761285075486,Right,1
cellula_MI_data_756.csv,False,flatline_dead_channel_C4_(var=1.4589e-02),100.92571031449498,13.832789490027203,-0.5936803590475888,19.794604951085667,79.70643405718282,100.92571031449498,1.6446384971052481,1.3034722195559805,20.684786241388597,33.32831035661475,0.01458914254947907,Right,1
cellula_MI_data_757.csv,False,extreme_ptp_amplitude_FZ_(482.3uV>200.0uV); extreme_ptp_amplitude_C3_(1162.4uV>200.0uV); extreme_ptp_amplitude_CZ_(1418.5uV>200.0uV); extreme_ptp_amplitude_C4_(226.2uV>200.0uV); statistical_variance_outlier_(z=35.75),1418.5027362111734,3742.842474172683,35.749139116158986,482.28693034196675,1162.4164912581193,1418.5027362111734,226.20068538891218,954.6538887308446,5546.860314412029,8259.90509818021,209.95059536764933,Left,0
cellula_MI_data_758.csv,False,flatline_dead_channel_FZ_(var=2.1219e-02); flatline_dead_channel_C3_(var=1.9748e-01); flatline_dead_channel_CZ_(var=2.6452e-01); flatline_dead_channel_C4_(var=6.3589e-03),5.850532855661173,0.12239534706924733,-0.7273014599307995,0.9622783870474917,5.72580284566097,5.850532855661173,0.8673191311116177,0.02121867869579227,0.1974817579671167,0.2645220283948022,0.0063589232192781606,Right,1
cellula_MI_data_759.csv,False,extreme_ptp_amplitude_C3_(448.1uV>200.0uV); extreme_ptp_amplitude_CZ_(517.4uV>200.0uV),517.4286179651733,482.3570234930345,3.9725431415437757,123.41050305813407,448.13978848606985,517.4286179651733,54.12523076680711,60.62332413514361,795.6316440118449,1061.5308587595734,11.642267065576092,Right,1
cellula_MI_data_760.csv,False,extreme_ptp_amplitude_C3_(920.8uV>200.0uV); extreme_ptp_amplitude_CZ_(987.5uV>200.0uV); statistical_variance_outlier_(z=17.33),987.5289827792328,1852.9486772423325,17.330289368656235,100.9169998393071,920.8293951194926,987.5289827792328,34.25748962710938,41.07942190464114,3425.499603442616,3940.529285523113,4.68639809895994,Left,0
cellula_MI_data_761.csv,False,flatline_dead_channel_FZ_(var=6.8749e-02); flatline_dead_channel_C3_(var=4.9782e-01); flatline_dead_channel_CZ_(var=4.6402e-01); flatline_dead_channel_C4_(var=1.4123e-02),5.972212096819142,0.26117699556952917,-0.7259488980378564,2.854201297825368,5.770380462888275,5.972212096819142,0.9845519207023714,0.06874869468805966,0.4978185801685101,0.4640180280505626,0.014122679370984357,Right,1
cellula_MI_data_762.csv,False,flatline_dead_channel_FZ_(var=3.9562e-02); flatline_dead_channel_C3_(var=2.0673e-01); flatline_dead_channel_CZ_(var=9.3111e-02); flatline_dead_channel_C4_(var=1.0089e-02),3.144116848601279,0.08737383154659384,-0.7276427785982237,1.618813175358531,3.144116848601279,2.6005556902644256,0.680306065767417,0.039561605125347635,0.2067335957598575,0.09311142509404853,0.010088700207121696,Right,1
cellula_MI_data_763.csv,False,extreme_ptp_amplitude_C3_(784.7uV>200.0uV); extreme_ptp_amplitude_CZ_(683.8uV>200.0uV); flatline_dead_channel_C4_(var=4.6063e-01); statistical_variance_outlier_(z=10.37),784.6707696114253,1139.1324752783687,10.373457512462856,90.49150932237222,784.6707696114253,683.7632457844961,10.419722264602868,34.2238827251697,2570.1695480051108,1951.6758379815478,0.4606324016467019,Right,1
cellula_MI_data_764.csv,False,flatline_dead_channel_FZ_(var=1.2636e-02); flatline_dead_channel_CZ_(var=3.7014e-01); flatline_dead_channel_C4_(var=2.8793e-02),8.498595164063385,0.2378513332675438,-0.7261762292613883,0.7976390033020961,8.498595164063385,7.028781075081524,1.949725903629459,0.012636073467074899,0.5398409395743957,0.37013504954751814,0.028793270481186472,Right,1
cellula_MI_data_765.csv,False,flatline_dead_channel_FZ_(var=1.3826e-02); flatline_dead_channel_C3_(var=3.4211e-01); flatline_dead_channel_CZ_(var=2.4116e-01); flatline_dead_channel_C4_(var=2.1778e-02),4.108992597113529,0.15471965786827815,-0.7269864281418353,0.7744184097320901,4.108992597113529,3.426962176318791,1.029820948447413,0.013826148338539056,0.34211269078676004,0.24116204904748006,0.02177774330033347,Right,1
cellula_MI_data_766.csv,False,extreme_ptp_amplitude_FZ_(318.9uV>200.0uV); extreme_ptp_amplitude_C3_(561.1uV>200.0uV); extreme_ptp_amplitude_CZ_(943.8uV>200.0uV); statistical_variance_outlier_(z=12.36),943.8410450858123,1343.0697885541438,12.361024611332134,318.92320702522466,561.0576203311487,943.8410450858123,63.9858674641936,416.6707097559755,1289.666288292936,3649.2396703939385,16.702485773724753,Left,0
cellula_MI_data_767.csv,False,flatline_dead_channel_FZ_(var=9.7903e-02); flatline_dead_channel_C3_(var=2.0358e-01); flatline_dead_channel_C4_(var=1.0665e-02),5.6238386451178215,0.22285841246053079,-0.7263223498296811,2.837606971459747,3.47528605520096,5.6238386451178215,1.0221400279196677,0.09790255545961016,0.20357628931359836,0.5792897357086887,0.01066506936022591,Right,1
cellula_MI_data_768.csv,False,flatline_dead_channel_FZ_(var=1.0491e-01); flatline_dead_channel_C3_(var=2.2781e-01); flatline_dead_channel_C4_(var=1.0168e-02),6.1629369222503,0.24466234255234087,-0.7261098493638249,2.4119499476892035,3.82327789019686,6.1629369222503,0.9302726182953942,0.10490960070410499,0.22781340501727781,0.6357582015522548,0.010168162935725832,Right,1
cellula_MI_data_769.csv,False,extreme_ptp_amplitude_FZ_(418.6uV>200.0uV); extreme_ptp_amplitude_C3_(564.8uV>200.0uV); extreme_ptp_amplitude_CZ_(1001.3uV>200.0uV); statistical_variance_outlier_(z=14.06),1001.3081696162672,1517.138754494491,14.057495669423334,418.5514522102372,564.8270391354671,1001.3081696162672,17.978965799010382,709.9301636025971,1293.164881691183,4064.139181442161,1.320791242022553,Left,0
cellula_MI_data_770.csv,False,extreme_ptp_amplitude_FZ_(209.4uV>200.0uV); extreme_ptp_amplitude_C3_(268.0uV>200.0uV); extreme_ptp_amplitude_CZ_(449.7uV>200.0uV),449.74706937254257,303.7065306184403,2.231420655762248,209.39390597887018,267.99435159183076,449.74706937254257,27.67767964616185,166.99109798658068,273.9802286053854,770.9221263636707,2.932669518124356,Right,1
cellula_MI_data_771.csv,False,flatline_dead_channel_FZ_(var=1.5812e-01); flatline_dead_channel_C3_(var=3.1902e-01); flatline_dead_channel_C4_(var=2.8560e-02),8.776609866394878,0.32074877083832265,-0.725368313255976,4.23706705930227,6.370300568396357,8.776609866394878,2.2232725887293094,0.15812214219121373,0.3190246668358608,0.7772885829767276,0.028559691349488332,Right,1
cellula_MI_data_772.csv,False,flatline_dead_channel_FZ_(var=1.1167e-01); flatline_dead_channel_C3_(var=2.2487e-01); flatline_dead_channel_C4_(var=1.0790e-02),6.324201641239542,0.2458397736394374,-0.726098374154839,2.684338579298135,3.658958965613534,6.324201641239542,0.6859289385204096,0.11167208474976396,0.2248675492910776,0.6360294176810289,0.010790042835879069,Left,0
cellula_MI_data_773.csv,False,flatline_dead_channel_FZ_(var=2.0826e-01); flatline_dead_channel_C3_(var=4.7701e-01); flatline_dead_channel_C4_(var=7.8361e-03),15.882751670648965,0.5023440591704588,-0.7235984908796728,6.098131114544333,9.63384397203836,15.882751670648965,0.6261508266654627,0.2082603242897913,0.47700980942094184,1.3162700154959786,0.007836087475123113,Left,0
cellula_MI_data_774.csv,False,flatline_dead_channel_FZ_(var=9.3931e-02); flatline_dead_channel_C3_(var=1.9921e-01); flatline_dead_channel_C4_(var=9.1283e-03),5.632127382401688,0.2127080165282142,-0.7264212752919788,2.121294860671167,3.449903783188935,5.632127382401688,0.6064886267125384,0.09393078283781289,0.19921329217367564,0.5485597108146568,0.009128280286711386,Left,0
cellula_MI_data_775.csv,True,CLEAN,87.7340992536472,54.363705344667224,-0.19866723689869167,28.510627585599728,87.7340992536472,30.394641595737692,84.59820733760242,10.699411510777265,78.40328709159104,19.7524748527532,108.59964792354738,Left,0
cellula_MI_data_776.csv,False,extreme_ptp_amplitude_FZ_(11093.0uV>200.0uV); extreme_ptp_amplitude_C3_(37669.2uV>200.0uV); extreme_ptp_amplitude_CZ_(8480.7uV>200.0uV); extreme_ptp_amplitude_C4_(18095.5uV>200.0uV); statistical_variance_outlier_(z=20488.92),37669.20165627137,2102371.6647268715,20488.92434696921,11092.996253729443,37669.20165627137,8480.690494418068,18095.514908123878,532812.7679648057,6146409.95769057,311565.98608888476,1418697.9471632259,Left,0
cellula_MI_data_777.csv,True,CLEAN,52.9805721614816,27.392782413530952,-0.46152506405647,11.962300998226944,36.76343977050013,21.205668802303798,52.9805721614816,2.874796049874539,31.753538492592774,10.517207171347334,64.42558794030916,Left,0
cellula_MI_data_778.csv,True,CLEAN,77.74736264051103,84.93762869845683,0.09930532714685815,14.168023106341398,59.47908951810136,27.663865628646413,77.74736264051103,4.890377361042052,111.0952340552696,26.913632150644762,196.85127122687092,Right,1
cellula_MI_data_779.csv,True,CLEAN,151.54232646487708,86.60835913993327,0.11558821723312447,18.806474239466823,100.49978545236564,68.33886401672403,151.54232646487708,3.1917423620374934,99.83038161281348,34.31523230504702,209.09608027983506,Right,1
cellula_MI_data_780.csv,True,CLEAN,56.24633454460736,42.479504532551104,-0.31449031091642393,8.258753311593495,37.581554463225984,21.326381932623818,56.24633454460736,0.8967931112099156,47.11244852386495,15.291264490481966,106.6175120046476,Right,1
cellula_MI_data_781.csv,True,CLEAN,111.83350905225771,61.75370036738816,-0.1266445612439144,23.224951847381284,100.02448284882391,29.482514148159126,111.83350905225771,3.6284458789359704,86.23447604379793,15.991506845982844,141.1603727008359,Right,1
cellula_MI_data_782.csv,True,CLEAN,70.07364800901405,65.84348559945698,-0.08678563382091094,17.262534163245824,60.85477389816875,25.297161135911807,70.07364800901405,3.372996498946976,87.08139856646889,19.626859491047032,153.29268784136505,Left,0
cellula_MI_data_783.csv,True,CLEAN,71.87327804409453,53.42560045717437,-0.2078099797333387,8.2568743577929,51.99825356725456,25.82814470489716,71.87327804409453,1.3435270806054425,64.57440616086696,17.304101524944546,130.48036706228055,Right,1
cellula_MI_data_784.csv,True,CLEAN,61.015263073496484,48.87979091747327,-0.2521133067396048,13.484102006714227,48.63565977942617,22.595467519429807,61.015263073496484,3.6298865959936126,64.36681858735137,15.494674043310075,112.02778444323805,Left,0
cellula_MI_data_785.csv,False,extreme_ptp_amplitude_FZ_(53177.3uV>200.0uV); extreme_ptp_amplitude_C3_(81953.7uV>200.0uV); extreme_ptp_amplitude_CZ_(28095.9uV>200.0uV); extreme_ptp_amplitude_C4_(56873.9uV>200.0uV); statistical_variance_outlier_(z=179390.39),81953.69298844281,18406695.664177254,179390.3898516719,53177.272505879424,81953.69298844281,28095.8727918255,56873.918168361444,15347338.73921414,36446854.192583546,4283338.111956362,17549251.61295497,Left,0
cellula_MI_data_786.csv,True,CLEAN,75.45829818552714,44.88648869632982,-0.2910319135560708,10.780249161405287,52.358388966575106,26.650230120844597,75.45829818552714,0.7409669402569141,50.32408654041756,15.508326253540499,112.97257505110433,Right,1
cellula_MI_data_787.csv,False,flatline_dead_channel_FZ_(var=4.4184e-01); extreme_ptp_amplitude_C4_(261.1uV>200.0uV),261.0944751913531,149.9311352879294,0.7327301441282237,5.638258540091808,162.3079388397459,96.92213918740553,261.0944751913531,0.4418377276646364,152.03682136181177,54.12400806468242,393.12187399755885,Left,0
cellula_MI_data_788.csv,False,extreme_ptp_amplitude_FZ_(309.8uV>200.0uV); extreme_ptp_amplitude_C3_(4141.6uV>200.0uV); extreme_ptp_amplitude_CZ_(5412.1uV>200.0uV); extreme_ptp_amplitude_C4_(9863.4uV>200.0uV); statistical_variance_outlier_(z=1485.41),9863.419831931998,152487.29229964913,1485.4082027949528,309.7747948742526,4141.56969082821,5412.143964163057,9863.419831931998,407.4515751483447,72744.39554611288,124216.6421771703,412580.679900165,Left,0
cellula_MI_data_789.csv,False,flatline_dead_channel_FZ_(var=2.6467e-01),48.365048053696185,28.469511319824004,-0.45103129558333305,3.158603969955241,30.171473062663683,18.151547575946342,48.365048053696185,0.2646681277526891,28.577703455531516,10.343543423826771,74.69213027218504,Left,0
cellula_MI_data_790.csv,True,CLEAN,167.5557370494323,76.24818481291007,0.014618260827469216,20.5820310289767,122.40976767992078,28.346003566123755,167.5557370494323,2.017755418166484,94.79488111514519,13.899120858760496,194.2809818595681,Left,0
cellula_MI_data_791.csv,False,flatline_dead_channel_FZ_(var=2.4455e-01),50.90856582035607,30.576728886401227,-0.4304944147241413,2.934202220911912,32.653775311121564,18.110684800581463,50.90856582035607,0.24454698009636905,32.2505805558853,10.688626357248717,79.12316165237452,Left,0
cellula_MI_data_792.csv,False,flatline_dead_channel_FZ_(var=2.8984e-01),59.982688365649246,36.65789537984145,-0.37122754368929683,3.7985063040428955,37.746313737039536,21.835616588277343,59.982688365649246,0.2898403029638144,37.4989258281968,13.5912055761295,95.25160981207569,Left,0
cellula_MI_data_793.csv,True,CLEAN,64.61203074737685,40.83226505877954,-0.3305442587175299,24.560118122538356,54.523795221501445,29.99207677103324,64.61203074737685,3.508401929777268,50.57734316589105,14.303023471954445,94.9402916674954,Left,0
cellula_MI_data_794.csv,False,extreme_ptp_amplitude_FZ_(802.2uV>200.0uV); extreme_ptp_amplitude_C3_(10126.9uV>200.0uV); extreme_ptp_amplitude_CZ_(2769.4uV>200.0uV); extreme_ptp_amplitude_C4_(13698.5uV>200.0uV); statistical_variance_outlier_(z=3025.98),13698.52423526912,310560.13072675525,3025.9814693346743,802.231297773832,10126.925117257306,2769.367820237977,13698.52423526912,2681.202401261247,426810.7476752387,31905.000070236212,780843.5727602848,Left,0
cellula_MI_data_795.csv,False,flatline_dead_channel_FZ_(var=2.9047e-01),42.6503862772079,21.574650828106172,-0.5182284045601525,8.32411704764161,32.11380042285738,15.00878010462776,42.6503862772079,0.29046754623055476,23.183694468568074,7.729042096182331,55.09539920144372,Right,1
cellula_MI_data_796.csv,True,CLEAN,67.70647575382094,49.76612731051928,-0.24347509813985477,17.58587633554434,50.91302858282194,25.896732418814707,67.70647575382094,2.49005648999935,68.38628318555989,14.607541306402696,113.5806282601152,Left,0
cellula_MI_data_797.csv,False,extreme_ptp_amplitude_C3_(231.7uV>200.0uV); extreme_ptp_amplitude_C4_(298.4uV>200.0uV),298.44559362979123,253.98523046998366,1.7468383167057324,38.43901893892108,231.70245284081702,98.07553531089057,298.44559362979123,12.121105687582611,374.1252870593854,58.71794891799559,570.976580214971,Left,0
cellula_MI_data_798.csv,False,extreme_ptp_amplitude_FZ_(1867.0uV>200.0uV); extreme_ptp_amplitude_C3_(4069.7uV>200.0uV); extreme_ptp_amplitude_CZ_(703.8uV>200.0uV); extreme_ptp_amplitude_C4_(5234.1uV>200.0uV); statistical_variance_outlier_(z=532.96),5234.111459707634,54760.20721042885,532.9628857917232,1867.0080824578145,4069.7374995444734,703.7779426559537,5234.111459707634,15897.848089658783,75685.86596044782,2264.3406369411205,125192.77415466768,Right,1
cellula_MI_data_799.csv,False,extreme_ptp_amplitude_FZ_(2698.0uV>200.0uV); extreme_ptp_amplitude_C3_(17464.8uV>200.0uV); extreme_ptp_amplitude_CZ_(5535.8uV>200.0uV); extreme_ptp_amplitude_C4_(20302.6uV>200.0uV); statistical_variance_outlier_(z=7633.44),20302.644273744787,783315.1897549005,7633.438467053,2698.014847754898,17464.847638736894,5535.811482762788,20302.644273744787,30207.760590089525,1265467.636284743,127220.8826085617,1710364.4795362079,Right,1
cellula_MI_data_800.csv,False,extreme_ptp_amplitude_C3_(4067.0uV>200.0uV); extreme_ptp_amplitude_CZ_(756.2uV>200.0uV); extreme_ptp_amplitude_C4_(5012.2uV>200.0uV); statistical_variance_outlier_(z=402.53),5012.241391050553,41376.67690047531,402.527390278391,190.55128446443905,4066.966483686917,756.2193005399831,5012.241391050553,139.29693735474603,64763.01097209653,2256.517600316582,98347.88209213338,Right,1
cellula_MI_data_801.csv,True,CLEAN,93.91108570100673,72.23607755125849,-0.024483619364557556,22.055752602528603,86.1266194967781,26.877369148521893,93.91108570100673,6.384292943005627,117.02815045974872,13.383287066064485,152.14857973621514,Left,0
cellula_MI_data_802.csv,False,flatline_dead_channel_C4_(var=3.0179e-02),31.31437545112008,3.390194006782275,-0.6954535896345388,20.14031301581866,18.19434248510668,31.31437545112008,1.795212372334694,4.876838378327487,1.6565178282512392,6.997241314392627,0.030178506157745585,Left,0
cellula_MI_data_803.csv,False,flatline_dead_channel_C4_(var=2.5229e-02),15.827199069163656,2.307082397525215,-0.706009563744346,13.186356119376171,9.706952164351723,15.827199069163656,1.2010162882784958,4.5300369072873465,0.8642462874485889,3.8088176474477686,0.025228747917153366,Right,1
cellula_MI_data_804.csv,False,flatline_dead_channel_C4_(var=2.6632e-02),38.709077327981234,4.061220879292552,-0.6889137813334703,38.709077327981234,20.11630808232384,18.736550388517394,1.6195083224258817,9.96066805597184,2.085317265258829,4.172266459607093,0.026631736332445127,Left,0
cellula_MI_data_805.csv,False,flatline_dead_channel_C4_(var=1.3651e-02),11.787561586743983,1.9119491601579561,-0.7098605207352271,11.787561586743983,4.896807559496873,9.663856813449645,0.7895189317312616,4.193831833229147,0.6342947398287478,2.806019484546769,0.013650583027160209,Right,1
cellula_MI_data_806.csv,False,flatline_dead_channel_C4_(var=1.3040e-02),36.097557416801905,3.444586530167399,-0.6949234816902484,36.097557416801905,22.864584856049618,17.687618266354193,0.9758043428296874,8.119461796401795,2.4424113717793383,3.20343341296997,0.013039539518492268,Right,1
cellula_MI_data_807.csv,False,flatline_dead_channel_C4_(var=1.3254e-02),55.55027609594408,6.405756935132856,-0.6660640014091875,55.55027609594408,17.984466797654363,38.7663108374238,1.1430218299042894,15.648156047475222,1.8301156515315655,8.131502137055632,0.013253904469008598,Left,0
cellula_MI_data_808.csv,False,flatline_dead_channel_C4_(var=1.1980e-02),38.41374818074023,3.7622229109980534,-0.691827806799753,38.41374818074023,9.97509774216904,29.368366706876152,1.127327003631669,8.998368479537648,1.346740898408083,4.691802230729833,0.011980035316649767,Right,1
cellula_MI_data_809.csv,False,flatline_dead_channel_C4_(var=1.1258e-02),21.355139926952948,2.3417390701286376,-0.7056718008253566,20.57433031794099,21.355139926952948,8.28163948082797,0.9412335742049815,4.82352436101852,2.6625481480667514,1.8696260926553407,0.011257678773937694,Right,1
cellula_MI_data_810.csv,False,extreme_ptp_amplitude_FZ_(283.5uV>200.0uV); extreme_ptp_amplitude_C3_(234.8uV>200.0uV); flatline_dead_channel_C4_(var=3.4920e-02),283.50202321291806,112.9637441666828,0.3724470299525217,283.50202321291806,234.80389672234597,52.49959137022864,2.8975793497721645,262.5105744992771,179.32295233981907,9.986529724246983,0.0349201033880383,Left,0
cellula_MI_data_811.csv,False,extreme_ptp_amplitude_FZ_(1614.8uV>200.0uV); extreme_ptp_amplitude_C3_(16435.1uV>200.0uV); extreme_ptp_amplitude_CZ_(7704.5uV>200.0uV); extreme_ptp_amplitude_C4_(22524.8uV>200.0uV); statistical_variance_outlier_(z=8685.75),22524.809521895444,891289.6944334325,8685.754836081333,1614.7806001184008,16435.10152999741,7704.488592016444,22524.809521895444,11080.531008468039,1147227.507652472,252082.89232845674,2154767.8467443334,Right,1
cellula_MI_data_812.csv,True,CLEAN,68.63481662203662,56.74544940984376,-0.17545482880213784,10.463523066694856,55.45099857805889,20.798021747130978,68.63481662203662,1.878097038384468,84.47251256101083,12.07963188383304,128.5515561561467,Right,1
cellula_MI_data_813.csv,False,extreme_ptp_amplitude_C4_(218.8uV>200.0uV),218.79234977166428,131.5034649227628,0.5531346069589879,19.316365195544932,166.62513917986172,71.93177010230548,218.79234977166428,3.0279049068984403,185.08251302635404,32.21605397327002,305.68738778452865,Left,0
cellula_MI_data_814.csv,False,extreme_ptp_amplitude_FZ_(4566.7uV>200.0uV); extreme_ptp_amplitude_C3_(22390.7uV>200.0uV); extreme_ptp_amplitude_CZ_(9114.6uV>200.0uV); extreme_ptp_amplitude_C4_(26939.1uV>200.0uV); statistical_variance_outlier_(z=13567.39),26939.087207157078,1392176.7512859148,13567.385462955517,4566.7235931770765,22390.725458731053,9114.567887296824,26939.087207157078,87287.34264483227,2097608.2900694204,347625.46022981504,3036185.9121995918,Left,0
cellula_MI_data_815.csv,True,CLEAN,85.34634450783932,88.94263449849056,0.13833799670136693,18.488585423448406,73.86869245582176,28.721261379096696,85.34634450783932,5.6277753932455825,142.72556389087086,16.302317550951503,191.11488115889432,Left,0
cellula_MI_data_816.csv,True,CLEAN,113.55418493994554,133.8365362636503,0.5758726521061858,49.00677544992564,113.55418493994554,29.238254346597135,97.1711267780567,19.588004507366954,238.52278009700646,19.156935982519876,258.07842446770786,Left,0
cellula_MI_data_817.csv,True,CLEAN,66.21141931549441,60.88844382718867,-0.13507732621349325,18.94906052316577,63.47550165381934,18.201749542544178,66.21141931549441,4.004831965378599,103.79072893285941,8.811019638942401,126.94719477157427,Right,1
cellula_MI_data_818.csv,True,CLEAN,80.0044017079166,86.48549535681236,0.11439079039126204,14.014904789749863,72.57022657779314,20.746345040790125,80.0044017079166,5.653473016761603,145.0201920169034,13.418716765114691,181.84959962846978,Right,1
cellula_MI_data_819.csv,False,extreme_ptp_amplitude_FZ_(23228.3uV>200.0uV); extreme_ptp_amplitude_C3_(131296.7uV>200.0uV); extreme_ptp_amplitude_CZ_(39714.0uV>200.0uV); extreme_ptp_amplitude_C4_(147782.4uV>200.0uV); statistical_variance_outlier_(z=495396.89),147782.44494806515,50831018.11885248,495396.88949057844,23228.256909173557,131296.69203044442,39714.00982679432,147782.44494806515,2663761.310297927,85085879.98594877,7784604.476645154,107789826.70251808,Left,0
cellula_MI_data_820.csv,True,CLEAN,185.19513387380204,124.1685262412723,0.4816485087978338,19.019723793045607,135.55879025224118,63.538642968623805,185.19513387380204,4.86732123637111,176.6539038038966,30.126307880340736,285.02657204448076,Right,1
cellula_MI_data_821.csv,True,CLEAN,61.715614607098054,40.96900698654734,-0.3292115758832723,6.400114942512671,47.193105550652874,20.35693032796343,61.715614607098054,0.9614511719379767,59.01790334275866,9.351244081896175,94.54542934959656,Left,0
cellula_MI_data_822.csv,True,CLEAN,66.36856733674308,39.87695921955786,-0.3398546415253447,16.39276262539868,57.98996760194852,24.644364347407684,66.36856733674308,1.0783293092035542,52.66094205225137,10.653269141668256,95.11529637510826,Right,1
cellula_MI_data_823.csv,True,CLEAN,140.29346899682963,145.6284952571645,0.6907967400538941,45.71362902371766,126.64717174902049,55.75596609003621,140.29346899682963,13.023972029728037,215.05576795144304,34.145066235914996,320.28917481157185,Left,0
cellula_MI_data_824.csv,True,CLEAN,76.40776088607157,79.82344710150905,0.04946266267088364,13.733683028516179,63.56499363462268,22.631050166468448,76.40776088607157,5.021545635877798,120.91961429154193,16.70329857576825,176.6493299028482,Right,1
cellula_MI_data_825.csv,True,CLEAN,95.90812399010076,63.95959713907314,-0.10514595573382692,25.605467281234255,65.00583880787289,20.405542250038913,95.90812399010076,5.267213389419509,88.37057678783778,13.038324028396042,149.16227435063922,Left,0
cellula_MI_data_826.csv,True,CLEAN,98.96497906084134,77.47587674124438,0.026583310504302942,18.580534234943123,72.35347587109928,22.181690223706475,98.96497906084134,4.106538844177729,109.17442402052171,15.707796777916531,180.9147473223615,Right,1
cellula_MI_data_827.csv,True,CLEAN,85.47518945208739,97.08863254644297,0.2177286557597688,22.190504865478463,80.01780659355848,24.387495849732524,85.47518945208739,8.941492104306663,160.0916069162749,16.564512877421517,202.7569182877688,Right,1
cellula_MI_data_828.csv,True,CLEAN,91.621053883789,112.48662499631877,0.3677970404531847,67.2541503208885,86.14760994206424,24.23516792729513,91.621053883789,22.66679823629535,177.89410676573482,19.056817678502405,230.32877730474254,Right,1
cellula_MI_data_829.csv,True,CLEAN,80.14296334862624,116.19290888299594,0.4039183749647732,28.094517324486123,80.14296334862624,23.067407242163505,79.64462096879745,15.318992625910644,196.2945637626962,20.641433880256372,232.5166452631205,Left,0
cellula_MI_data_830.csv,True,CLEAN,118.43713865409096,185.72779730194208,1.0816033666178457,40.462541040840605,115.68211591468835,34.59649039348999,118.43713865409096,31.45226742379056,332.5149332581637,29.9379722149272,349.0060163108869,Right,1
cellula_MI_data_831.csv,True,CLEAN,107.66415381759955,180.94885288840374,1.0350279139402399,29.104342133685407,95.21549091562093,31.589543138185206,107.66415381759955,19.508474028907383,298.34792642361714,32.98888888436287,372.9501222167275,Right,1
cellula_MI_data_832.csv,True,CLEAN,99.6104653811151,129.4737967028118,0.5333535197670621,28.77719097433176,91.15419430426459,27.406639068154057,99.6104653811151,14.471984839820395,215.56092176134257,22.080649597704785,265.78163061237944,Left,0
cellula_MI_data_833.csv,False,extreme_ptp_amplitude_C3_(726.4uV>200.0uV); extreme_ptp_amplitude_CZ_(216.2uV>200.0uV); extreme_ptp_amplitude_C4_(779.8uV>200.0uV); statistical_variance_outlier_(z=12.99),779.8262875948478,1407.642140855078,12.99034487091789,162.7591173859321,726.4350442885668,216.1503606922131,779.8262875948478,132.6821807566792,2458.282240785484,219.17668042182046,2820.427461456328,Left,0
cellula_MI_data_834.csv,True,CLEAN,90.60242172828515,72.47464397022631,-0.02215855801301219,25.221026269578232,87.41882619007414,25.416056057813663,90.60242172828515,7.975856572323591,124.08365833837563,12.583231802557616,145.25582916764844,Left,0
cellula_MI_data_835.csv,True,CLEAN,53.75138901423283,38.03672550615972,-0.35778950554914496,4.296731467277315,40.2380849301049,17.590846970134667,53.75138901423283,0.5102035521363693,52.695383192806155,9.437503337097663,89.50381194259869,Left,0
cellula_MI_data_836.csv,False,extreme_ptp_amplitude_C3_(385.9uV>200.0uV); extreme_ptp_amplitude_C4_(464.7uV>200.0uV); statistical_variance_outlier_(z=4.64),464.7321684703622,550.8735408475477,4.640303118546045,29.816369278592276,385.8846171750025,108.66392057395171,464.7321684703622,5.265566483350425,865.6448957272233,71.56000717734335,1261.0236940022737,Left,0
cellula_MI_data_837.csv,True,CLEAN,56.78454016576691,44.875483268057835,-0.2911391721385784,5.1478218781948755,43.23244194460452,18.8552002382027,56.78454016576691,0.7996583560406828,62.13947575528304,11.146330513909867,105.41646844699774,Left,0
cellula_MI_data_838.csv,False,extreme_ptp_amplitude_C3_(270.8uV>200.0uV); extreme_ptp_amplitude_C4_(308.1uV>200.0uV),308.09004269262107,212.11749847015665,1.338796623449703,71.8308722382985,270.83876732811035,108.95210963596425,308.09004269262107,21.37735679926674,332.00397478567896,53.53615683552016,441.5525054601607,Right,1
cellula_MI_data_839.csv,True,CLEAN,60.72991456810747,69.42874789316244,-0.05184377221979499,13.094101201706543,53.02309747711726,18.561513853823897,60.72991456810747,5.444230139686526,109.32220990505618,14.652160274770823,148.29639125313622,Right,1
cellula_MI_data_840.csv,True,CLEAN,44.64692206376708,30.20244738001309,-0.4341421513539082,13.654463713842777,44.64692206376708,25.085788941779573,41.62216554912145,2.0330638782608927,48.121307408389555,7.978851045551803,62.67656718785012,Left,0
cellula_MI_data_841.csv,True,CLEAN,38.860413736070115,23.399308628065285,-0.5004453429338094,6.395351717733218,33.833618051368205,12.794439666434837,38.860413736070115,0.8022038761636638,34.22982871696915,5.779806123327698,52.78539579580063,Left,0
cellula_MI_data_842.csv,False,extreme_ptp_amplitude_FZ_(3512.0uV>200.0uV); extreme_ptp_amplitude_C3_(10133.8uV>200.0uV); extreme_ptp_amplitude_CZ_(1439.2uV>200.0uV); extreme_ptp_amplitude_C4_(5186.6uV>200.0uV); statistical_variance_outlier_(z=1502.98),10133.824957343417,154290.08034939872,1502.978122474495,3511.9708389114385,10133.824957343417,1439.1776630956824,5186.589112078382,52858.03139245354,440180.0834511559,8862.365977466356,115259.84057651911,Left,0
cellula_MI_data_843.csv,True,CLEAN,53.11350944946832,30.06791214399733,-0.43545332783480034,10.015452702994923,46.01737282808437,17.39609916249714,53.11350944946832,1.138782167419028,41.915432094685336,7.852042305526152,69.3653920083588,Left,0
cellula_MI_data_844.csv,False,extreme_ptp_amplitude_FZ_(1863.9uV>200.0uV); extreme_ptp_amplitude_C3_(39801.8uV>200.0uV); extreme_ptp_amplitude_CZ_(16418.5uV>200.0uV); extreme_ptp_amplitude_C4_(54356.7uV>200.0uV); statistical_variance_outlier_(z=48732.85),54356.7176996496,5000382.161946557,48732.85001182619,1863.8647069009749,39801.801720875155,16418.500573043504,54356.7176996496,14399.854951467973,6583923.178526227,1120844.8331483956,12282360.78116014,Right,1
cellula_MI_data_845.csv,True,CLEAN,61.940980011742255,45.23778671001138,-0.28760817337495237,11.193155222499502,57.00432921164464,18.111068542980718,61.940980011742255,2.5524732541340005,80.31108267389381,5.979857503843715,92.10773340817397,Right,1
cellula_MI_data_846.csv,True,CLEAN,52.965931664197,44.790027813303965,-0.2919720185047459,9.74348311196324,49.7400932817463,13.41269184585827,52.965931664197,2.0621320734150643,79.71281535617146,5.487232055189782,91.89793176843955,Left,0
cellula_MI_data_847.csv,False,extreme_ptp_amplitude_FZ_(45753.0uV>200.0uV); extreme_ptp_amplitude_C3_(228895.6uV>200.0uV); extreme_ptp_amplitude_CZ_(75308.9uV>200.0uV); extreme_ptp_amplitude_C4_(258451.5uV>200.0uV); statistical_variance_outlier_(z=1284029.92),258451.4689887434,131749897.33752596,1284029.922990078,45753.04859415324,228895.59144987634,75308.92613302034,258451.4689887434,8689544.90173081,217487755.2379972,23542471.590917323,277279817.6194585,Left,0
cellula_MI_data_848.csv,False,extreme_ptp_amplitude_C3_(500.5uV>200.0uV); extreme_ptp_amplitude_C4_(551.1uV>200.0uV); statistical_variance_outlier_(z=5.77),551.0597228104268,666.9726034560362,5.771801191868984,98.42949798098451,500.50469496842607,148.98452582298495,551.0597228104268,43.46367061338604,1137.249876006445,101.49217578424143,1385.684691420072,Left,0
cellula_MI_data_849.csv,True,CLEAN,91.4757567643952,43.038271592067176,-0.3090445834740687,13.628148542353156,88.76052948850372,16.32547505317321,91.4757567643952,2.520373687672028,75.13709160259188,5.73632433925559,88.75929673874921,Left,0
cellula_MI_data_850.csv,True,CLEAN,50.778543043398514,36.44981255310047,-0.3732555128413216,8.880986275446695,44.960873240989486,14.49014004507617,50.778543043398514,1.8447881562101291,58.0092687297979,6.590472207431497,79.35472111896237,Left,0
cellula_MI_data_851.csv,True,CLEAN,51.77002082178533,30.07086073003363,-0.4354245910014088,6.629385263645506,43.17525982583127,14.772689487157251,51.77002082178533,0.9593325089131527,46.16360872000708,5.8006733856648385,67.35982830554946,Left,0
cellula_MI_data_852.csv,True,CLEAN,43.67864624517564,28.17727521991841,-0.45387942007778886,6.74276315940036,34.35736355558208,13.399194304216206,43.67864624517564,1.171945779038203,44.9563678681266,5.151583824974373,61.429203407534466,Right,1
cellula_MI_data_853.csv,False,extreme_ptp_amplitude_FZ_(47024.6uV>200.0uV); extreme_ptp_amplitude_C3_(268196.9uV>200.0uV); extreme_ptp_amplitude_CZ_(49870.5uV>200.0uV); extreme_ptp_amplitude_C4_(271042.7uV>200.0uV); statistical_variance_outlier_(z=1466793.98),271042.7210658294,150502678.5060928,1466793.98055387,47024.626894906105,268196.88131863193,49870.46664210355,271042.7210658294,8869434.80738579,288504489.45267296,9975709.87559243,294661079.8887199,Right,1
cellula_MI_data_854.csv,True,CLEAN,48.84248545349935,32.244754674025536,-0.4142378841153241,8.899348388681364,43.21343894563446,14.114442721120039,48.84248545349935,1.5486739734565078,52.56496075847899,5.499600520532865,69.36578344363377,Right,1
cellula_MI_data_855.csv,False,extreme_ptp_amplitude_C3_(236.6uV>200.0uV); extreme_ptp_amplitude_C4_(268.2uV>200.0uV),268.22387788213206,197.36248578415484,1.1949947007557475,59.593929709262014,236.6399685911828,91.23577418604626,268.22387788213206,19.414593661043757,317.15994603674574,45.72973634668293,407.14566709214694,Right,1
cellula_MI_data_856.csv,True,CLEAN,48.57860346030294,26.89732887319291,-0.466353739790089,36.249623044712806,36.09382929477587,20.36181185373572,48.57860346030294,29.324875962446335,21.843657134024607,6.332273333669406,50.08850906263131,Right,1
cellula_MI_data_857.csv,True,CLEAN,174.62373366852884,86.31815051267728,0.11275985242789614,107.74320679372741,112.72217094951574,46.02075906531117,174.62373366852884,79.49721736173431,74.11376548760133,14.431316649418859,177.23030255195462,Left,0
cellula_MI_data_858.csv,True,CLEAN,41.73327743908594,33.636556999496094,-0.4006734193011079,29.213792505628994,29.637853594264186,12.550891822105019,41.73327743908594,35.44102210182452,27.737022199093808,6.781774844187455,64.58640885287859,Left,0
cellula_MI_data_859.csv,False,extreme_ptp_amplitude_FZ_(252.7uV>200.0uV); extreme_ptp_amplitude_C3_(239.7uV>200.0uV); extreme_ptp_amplitude_C4_(388.8uV>200.0uV),388.8404819179726,361.4244736853657,2.7939380431473744,252.66885777304577,239.71091105831425,103.53928691338731,388.8404819179726,332.9301555922766,291.641859764568,56.8359414626446,764.2899379219735,Right,1
cellula_MI_data_860.csv,True,CLEAN,45.111292452507946,28.626164775568483,-0.4495045555789629,33.1180995180525,30.619707992873806,12.757551460125448,45.111292452507946,35.121772869776436,19.271177590101512,5.609208882155524,54.502499760240454,Right,1
cellula_MI_data_861.csv,True,CLEAN,36.8339037205908,24.868465739203934,-0.4861269806377427,31.803745457238158,23.45145338498883,13.987800731898943,36.8339037205908,29.691927524810325,17.858050223598543,5.409457436471439,46.51442777193544,Left,0
cellula_MI_data_862.csv,True,CLEAN,181.2233124805008,71.18935140217062,-0.034684981842251446,181.2233124805008,23.806699654085527,88.27392545317228,103.44596930396027,150.9791910208468,18.6684425088567,34.99826808451396,80.111503994465,Left,0
cellula_MI_data_863.csv,False,extreme_ptp_amplitude_FZ_(4716.8uV>200.0uV); extreme_ptp_amplitude_C3_(1561.6uV>200.0uV); extreme_ptp_amplitude_CZ_(2146.1uV>200.0uV); extreme_ptp_amplitude_C4_(4130.5uV>200.0uV); statistical_variance_outlier_(z=452.50),4716.780320453423,46503.97379733391,452.4978760842429,4716.780320453423,1561.6324986532734,2146.1034106609504,4130.538146149172,89269.21202389595,9776.357870678235,18469.251034264747,68501.0742604967,Right,1
cellula_MI_data_864.csv,False,extreme_ptp_amplitude_FZ_(432.2uV>200.0uV); extreme_ptp_amplitude_C4_(365.0uV>200.0uV),432.152372844813,299.4149373627534,2.18959491323519,432.152372844813,123.92908065398356,190.5568063270632,364.95593428331085,598.1250027643605,55.4362154076478,117.12107236517083,426.9774589138345,Left,0
cellula_MI_data_865.csv,True,CLEAN,50.346821681203764,31.205353468626832,-0.42436785790576,35.104831655425656,39.966462645696055,22.41093950706162,50.346821681203764,32.161069149939486,27.718815897477604,8.406509117093727,56.535019709996504,Right,1
cellula_MI_data_866.csv,True,CLEAN,47.53759853376353,38.87904424291921,-0.3495802917419571,47.53759853376353,36.44522401826204,42.34618785377796,43.37652574415678,43.46196907933951,31.28542343315196,19.291302473934653,61.47748198525071,Left,0
cellula_MI_data_867.csv,True,CLEAN,87.41715898775317,70.99963115492997,-0.036533989830774556,87.41715898775317,36.619981064455956,61.318191412833244,54.57197002412492,106.5807264040682,40.55317995095169,63.78826212482181,73.07635613987819,Right,1
cellula_MI_data_868.csv,True,CLEAN,67.74144640652267,68.06790767790059,-0.06510648121221514,67.74144640652267,36.7757592172038,46.14752903562044,57.37416801595474,100.27480084054046,38.45313262004477,44.68306373001332,88.86063352100379,Left,0
cellula_MI_data_869.csv,True,CLEAN,54.88962250124649,32.35432786532738,-0.41316998699315716,46.66394968377774,36.23853732636723,29.883899740039187,54.88962250124649,39.57513769635073,23.284267085688924,13.760604278040095,52.797302401229764,Left,0
cellula_MI_data_870.csv,True,CLEAN,43.41157688122374,27.687462463769016,-0.45865312089345345,33.33386495453875,28.31513648808728,14.799509271056744,43.41157688122374,32.30055552754502,19.635414316891417,5.621880546740011,53.191999463899606,Right,1
cellula_MI_data_871.csv,True,CLEAN,43.03365625306358,29.88879601069457,-0.437198988438595,33.432980533840976,27.28598009917959,16.12034255517589,43.03365625306358,35.44686489753195,20.35746672576225,6.008111862339944,57.74274055714413,Right,1
cellula_MI_data_872.csv,True,CLEAN,121.1218346467088,55.5031086055604,-0.18756264599612704,121.1218346467088,32.385559277865184,45.883946101597445,103.45142050415288,90.8006179988864,22.250863233493586,12.800555430815745,96.16039775904585,Right,1
cellula_MI_data_873.csv,True,CLEAN,57.54794861438616,31.04779084732655,-0.4259034586110834,43.008734989641226,35.98575702771775,16.42653418989422,57.54794861438616,37.06661223580414,21.38465876337443,5.618183674113649,60.12170871601397,Left,0
cellula_MI_data_874.csv,True,CLEAN,49.873722585250675,27.96020836029153,-0.4559949473519265,35.27623166955075,24.361256651896493,10.639760273732941,49.873722585250675,35.46009744606258,16.582940864594036,4.22946588218691,55.56832924832259,Right,1
cellula_MI_data_875.csv,False,extreme_ptp_amplitude_FZ_(9371.1uV>200.0uV); extreme_ptp_amplitude_C3_(5888.4uV>200.0uV); extreme_ptp_amplitude_CZ_(3074.4uV>200.0uV); extreme_ptp_amplitude_C4_(12184.6uV>200.0uV); statistical_variance_outlier_(z=2800.96),12184.630207209735,287471.8346034854,2800.9636096480167,9371.08443379687,5888.440905690696,3074.4150902410884,12184.630207209735,360116.1318766732,142179.45451607465,38761.39439955648,608830.3576216373,Right,1
cellula_MI_data_876.csv,True,CLEAN,159.27089780364898,67.40109264169985,-0.07160524107962465,119.44619655964777,80.07310732980861,39.21920090954734,159.27089780364898,82.80002991347503,38.15019575595183,8.817249700496758,139.83689519687576,Left,0
cellula_MI_data_877.csv,True,CLEAN,108.26572449384568,41.694898508961245,-0.32213705830665296,84.22664989668458,56.987048454520405,30.982990522191972,108.26572449384568,55.033532349344625,22.91812577352309,6.735877926030004,82.09205798694727,Right,1
cellula_MI_data_878.csv,True,CLEAN,50.97352808712187,28.18987840609762,-0.45375658979338257,41.95905415222202,27.04356428346314,14.415388818920684,50.97352808712187,36.61647996021961,16.699448679430102,4.339958591489672,55.1036263932511,Left,0
cellula_MI_data_879.csv,False,extreme_ptp_amplitude_FZ_(12361.4uV>200.0uV); extreme_ptp_amplitude_C3_(6991.4uV>200.0uV); extreme_ptp_amplitude_CZ_(4476.5uV>200.0uV); extreme_ptp_amplitude_C4_(14875.9uV>200.0uV); statistical_variance_outlier_(z=4505.89),14875.87270009083,462408.1565599269,4505.887894139549,12361.364206915345,6991.385336419424,4476.493286658567,14875.87270009083,638081.868315985,203997.16187681124,83677.79207132486,923875.8039755867,Left,0
cellula_MI_data_880.csv,True,CLEAN,57.111385577111776,30.855273443165018,-0.42777972760926203,46.716399840963334,30.8415055048891,16.96863858135527,57.111385577111776,39.118503346246264,19.07190792048637,5.855705504509289,59.37497700141814,Left,0
cellula_MI_data_881.csv,False,extreme_ptp_amplitude_FZ_(227.6uV>200.0uV); extreme_ptp_amplitude_C4_(309.2uV>200.0uV),309.21983361036234,206.77771199166108,1.2867552203873165,227.62341737572604,162.86368279233426,81.02683411572649,309.21983361036234,234.25986574219962,126.59569415683106,29.72569101487541,436.52959705273827,Right,1
cellula_MI_data_882.csv,True,CLEAN,53.17375112251022,27.32594849333401,-0.4621764254907175,38.08925985616949,29.909281361387887,13.595210300967942,53.17375112251022,35.49882202887607,16.25397096364315,4.567156106681272,52.98384487413554,Left,0
cellula_MI_data_883.csv,False,extreme_ptp_amplitude_FZ_(29108.2uV>200.0uV); extreme_ptp_amplitude_C3_(7110.8uV>200.0uV); extreme_ptp_amplitude_CZ_(9309.4uV>200.0uV); extreme_ptp_amplitude_C4_(26909.7uV>200.0uV); statistical_variance_outlier_(z=17698.05),29108.24320295964,1816010.0908828855,17698.052811934922,29108.24320295964,7110.844995172519,9309.369617867567,26909.71858026459,3602347.039917077,214879.15858642355,368450.1983598895,3078363.9666681523,Left,0
cellula_MI_data_884.csv,True,CLEAN,82.28010286354393,35.38688015355206,-0.3836148209626743,79.1975287931947,33.0197498471174,26.881114620219993,82.28010286354393,50.533204067822346,17.70271016838634,6.318025563253293,66.99358081474628,Right,1
cellula_MI_data_885.csv,True,CLEAN,40.604260741676185,26.326543761166967,-0.4719165948211989,36.18400927880103,22.407858036186255,11.902012328806231,40.604260741676185,33.51609878833157,16.229989365145023,3.992133297722647,51.56795359346863,Left,0
cellula_MI_data_886.csv,True,CLEAN,172.2964885429501,78.5459994998188,0.03701269565471727,160.22242160184055,64.1788408503918,51.34906054696011,172.2964885429501,121.98169651208543,28.920389435129646,13.008739632243858,150.2731724198163,Left,0
cellula_MI_data_887.csv,True,CLEAN,39.3402775603039,25.699681446238188,-0.47802597663397517,36.252163208010586,20.42231460128482,11.495226224055891,39.3402775603039,35.42456596676938,13.922238921718634,3.653573945859801,49.79834695060494,Right,1
cellula_MI_data_888.csv,False,extreme_ptp_amplitude_C4_(220.7uV>200.0uV),220.6906158739057,107.69988623622487,0.32114562430169474,136.78503815940024,131.86506320893244,46.21392482575975,220.6906158739057,104.8721088224309,80.36337432903721,11.50075451774617,234.06330727568516,Right,1
cellula_MI_data_889.csv,True,CLEAN,34.33196397715726,23.63305367177327,-0.4981672705647304,30.555667406682588,21.768489134699387,9.70131219390849,34.33196397715726,32.83163753005839,13.027817007718298,3.254823376541702,45.417936772774695,Right,1
cellula_MI_data_890.csv,True,CLEAN,42.28595109648012,23.206790643938348,-0.5023216175843139,41.09857711317926,22.499837551039377,14.164640302452277,42.28595109648012,31.2633849081715,13.943802704907144,3.957889705163286,43.66208525751146,Right,1
cellula_MI_data_891.csv,True,CLEAN,39.43964930382731,25.299106163361884,-0.4819299716414438,39.388416931825034,25.44717388238262,12.392527570702896,39.43964930382731,36.588784759874635,13.24513275732671,3.215068636764786,48.14743849948142,Right,1
cellula_MI_data_892.csv,False,extreme_ptp_amplitude_FZ_(4341.4uV>200.0uV); extreme_ptp_amplitude_C3_(2827.9uV>200.0uV); extreme_ptp_amplitude_CZ_(1104.8uV>200.0uV); extreme_ptp_amplitude_C4_(419.9uV>200.0uV); statistical_variance_outlier_(z=287.82),4341.368349987774,29606.51230872851,287.81570993376744,4341.368349987774,2827.911272241685,1104.7679497535455,419.914490757104,79094.16792806558,33436.531873647895,5121.716235229117,773.6331979714492,Right,1
cellula_MI_data_893.csv,True,CLEAN,38.37893853630558,25.34691822243299,-0.48146399671016465,31.203711599694426,22.90849609998848,9.378546469927457,38.37893853630558,30.018469318021648,16.731700529593642,2.5422783481570232,52.09522469395965,Left,0
cellula_MI_data_894.csv,False,extreme_ptp_amplitude_C4_(217.9uV>200.0uV),217.92892242859222,95.46249057905752,0.2018803236397153,137.10037950722943,122.2685422591176,36.46641060254526,217.92892242859222,89.7880338642213,67.92157262023147,6.885905312631643,217.25445051914565,Right,1
cellula_MI_data_895.csv,True,CLEAN,53.309012914664514,25.137621740229548,-0.4835037941128799,53.309012914664514,37.10066338172393,18.960822187861382,36.82796219810195,35.504103968009446,16.38625140813323,3.234933107570737,45.425198477204766,Right,1
cellula_MI_data_896.csv,True,CLEAN,137.87970830977764,50.53169246857668,-0.2360139224689861,64.58416721848658,95.32369269600628,21.400797071574935,137.87970830977764,37.77295537576545,48.347691118493515,4.355973947197971,111.65014943284979,Left,0
cellula_MI_data_897.csv,True,CLEAN,40.26669722380614,23.77385489499394,-0.49679502595554736,31.16742326108992,22.812137898050707,10.75416995226421,40.26669722380614,25.679598149286466,17.289338578785625,2.9886036121383643,49.13787923976529,Left,0
cellula_MI_data_898.csv,True,CLEAN,42.739990116654184,23.95895579395155,-0.4949910380004753,39.12314189950884,22.136856550435816,12.886055254976036,42.739990116654184,29.949685052457237,14.822134585042274,2.840317220345531,48.22368631796115,Left,0
cellula_MI_data_899.csv,True,CLEAN,39.60338083074036,22.232910870805565,-0.5118130214095449,29.74151256507517,21.31973479568346,9.036856441816612,39.60338083074036,25.838999821868107,14.783866867485333,2.387837555546993,45.92093923832182,Left,0
cellula_MI_data_900.csv,False,extreme_ptp_amplitude_FZ_(9129.0uV>200.0uV); extreme_ptp_amplitude_C3_(489.6uV>200.0uV); extreme_ptp_amplitude_CZ_(2864.4uV>200.0uV); extreme_ptp_amplitude_C4_(5783.1uV>200.0uV); statistical_variance_outlier_(z=1302.75),9128.953948113643,133745.1596085577,1302.7479249816306,9128.953948113643,489.55538543002206,2864.4366254841857,5783.066649813232,356197.539818967,1030.5164447223954,35071.57360933582,142681.00856120556,Left,0
cellula_MI_data_901.csv,False,extreme_ptp_amplitude_FZ_(1988.2uV>200.0uV); extreme_ptp_amplitude_C3_(2600.6uV>200.0uV); extreme_ptp_amplitude_CZ_(3709.0uV>200.0uV); extreme_ptp_amplitude_C4_(879.8uV>200.0uV); statistical_variance_outlier_(z=247.67),3708.980140969222,25487.619851305677,247.67310434258698,1988.1567775984859,2600.566464108746,3708.980140969222,879.8135444480331,15960.239564194771,27311.081671652202,55554.774998644,3124.38317073173,Right,1
cellula_MI_data_902.csv,True,CLEAN,24.493220573962724,7.405118847136347,-0.6563242494027695,14.424490265282595,16.589657734791352,24.493220573962724,6.7627164402155024,5.189407443540606,7.738044203129697,15.358756327084766,1.3342674147903166,Left,0
cellula_MI_data_903.csv,False,flatline_dead_channel_C4_(var=4.2054e-01),46.301386632677264,6.573141453724292,-0.6644326767797288,33.2962804716776,19.913576948518077,46.301386632677264,7.068551151041152,9.85290788627298,2.0087423986930797,14.010374457446765,0.42054107248433864,Left,0
cellula_MI_data_904.csv,False,extreme_ptp_amplitude_FZ_(2978.7uV>200.0uV); extreme_ptp_amplitude_C3_(1724.0uV>200.0uV); extreme_ptp_amplitude_CZ_(3638.2uV>200.0uV); extreme_ptp_amplitude_C4_(1064.6uV>200.0uV); statistical_variance_outlier_(z=246.02),3638.1624302414134,25318.09010549815,246.02087239133508,2978.718478361747,1724.0343997264306,3638.1624302414134,1064.5904478467642,34260.530182323535,11488.451170310896,51153.35405542876,4370.025013929413,Left,0
cellula_MI_data_905.csv,True,CLEAN,26.286999074894943,4.44663774874017,-0.6851575197805516,20.36936082298471,15.927421085131039,26.286999074894943,7.268827133566514,7.710433156260369,1.3765052303993373,7.579579441685104,1.1200331666158674,Right,1
cellula_MI_data_906.csv,False,extreme_ptp_amplitude_FZ_(3028.5uV>200.0uV); extreme_ptp_amplitude_C3_(451.3uV>200.0uV); extreme_ptp_amplitude_CZ_(2564.2uV>200.0uV); extreme_ptp_amplitude_C4_(915.4uV>200.0uV); statistical_variance_outlier_(z=166.40),3028.5097654940173,17148.76880459855,166.4029055909028,3028.5097654940173,451.26752033995535,2564.1941330734476,915.4489268100673,37462.93855740906,833.7438092030418,26878.87282377091,3419.5200280111717,Left,0
cellula_MI_data_907.csv,True,CLEAN,78.02886327393529,22.454082945605567,-0.5096574848282294,44.7062946159295,49.396094898299886,78.02886327393529,9.885486475151605,20.05410300307476,16.395791334007804,52.0101329823239,1.356304463015809,Right,1
cellula_MI_data_908.csv,True,CLEAN,38.855451055613145,17.06608271836683,-0.562168777677707,25.20933751629517,22.870443246184166,38.855451055613145,10.794854094949969,16.970561696956082,10.932615752028259,38.43459082319017,1.926562601292799,Right,1
cellula_MI_data_909.csv,True,CLEAN,36.69246394236328,13.149280456504773,-0.6003418181253206,23.7777011174732,20.179534669399253,36.69246394236328,8.007152067049429,14.20043633339738,7.827784719342136,28.95747322764406,1.6114275456355147,Right,1
cellula_MI_data_910.csv,True,CLEAN,42.416421790050784,34.179018968177246,-0.39538660079781346,31.88626566241126,22.803098543425094,10.696477248545706,42.416421790050784,39.47152722263626,23.5312873069165,4.1335393211333225,69.5797220220229,Right,1
cellula_MI_data_911.csv,True,CLEAN,38.45746522044924,23.859022335624395,-0.4959649865666147,29.90416604918126,22.616403776192595,9.626639561569192,38.45746522044924,27.45752947734996,16.59475976641306,2.828485451768304,48.555314646966266,Right,1
cellula_MI_data_912.csv,False,extreme_ptp_amplitude_FZ_(326.2uV>200.0uV); extreme_ptp_amplitude_C4_(411.7uV>200.0uV),411.6868781645966,461.9173268995744,3.7733384555180463,326.2155758345411,195.95776242200418,110.13667691704968,411.6868781645966,604.6637879158527,217.98764262593878,68.89178694770328,956.1260901088029,Right,1
cellula_MI_data_913.csv,True,CLEAN,53.77125733944449,25.446760316772284,-0.4804909385747825,39.22784847382681,28.354365917602372,13.304552512469305,53.77125733944449,27.591301325606693,18.32871738867018,3.700873932004813,52.166148620807455,Left,0
cellula_MI_data_914.csv,False,extreme_ptp_amplitude_C4_(287.6uV>200.0uV),287.62346343344814,157.20873356935812,0.803657404425094,142.5657624364772,190.2779048690765,45.22020387210561,287.62346343344814,97.69886427397127,159.34133636752594,10.308083567081994,361.4866500688533,Right,1
cellula_MI_data_915.csv,True,CLEAN,48.36364898624389,25.34062400775884,-0.48152533994254626,48.36364898624389,24.430243431137548,15.886269041685399,40.38138169521541,30.923186977366974,17.411898373537113,3.2352077893946385,49.79220289073665,Left,0
cellula_MI_data_916.csv,True,CLEAN,47.74768562778593,26.849511877180554,-0.46681976283665333,37.826782101386456,24.20260952928198,12.275644890074307,47.74768562778593,31.880846427797678,17.397384790248267,3.2821413440189584,54.83767494665731,Right,1
cellula_MI_data_917.csv,True,CLEAN,47.80092149769811,23.37524906113179,-0.500679826770445,31.53300846312539,28.323007039407948,9.91786611588765,47.80092149769811,26.019263403306383,16.403300227870105,2.7348742755269795,48.34355833782369,Left,0
cellula_MI_data_918.csv,True,CLEAN,46.221542411942664,27.705106394438346,-0.4584811636604695,35.15075498527466,28.837946605725776,11.236586094536145,46.221542411942664,28.748114836202458,21.072519471336047,2.9243383947238866,58.07545287549099,Left,0
cellula_MI_data_919.csv,False,extreme_ptp_amplitude_FZ_(211.3uV>200.0uV); extreme_ptp_amplitude_C4_(390.9uV>200.0uV); statistical_variance_outlier_(z=5.23),390.87785788087297,611.197512747295,5.228218786822602,211.263642856285,148.3503297578372,80.87634492997739,390.87785788087297,333.889859151469,268.22773530254847,97.8059061585551,1744.8665503766074,Left,0
cellula_MI_data_920.csv,True,CLEAN,150.51640768185007,272.9325700555827,1.931498534919529,61.79076345388228,61.38046814000293,38.78318925727523,150.51640768185007,106.32250494479293,133.8007979944427,53.89703591023319,797.7099413728621,Right,1
cellula_MI_data_921.csv,False,extreme_ptp_amplitude_FZ_(5390.5uV>200.0uV); extreme_ptp_amplitude_C3_(292.9uV>200.0uV); extreme_ptp_amplitude_CZ_(3483.5uV>200.0uV); extreme_ptp_amplitude_C4_(2219.5uV>200.0uV); statistical_variance_outlier_(z=465.06),5390.52463984492,47792.64637442979,465.0572413828692,5390.52463984492,292.89802820404077,3483.471044971302,2219.498067797459,120076.49743266513,453.46965084048395,50111.36126964762,20529.2571445659,Right,1
cellula_MI_data_922.csv,False,extreme_ptp_amplitude_FZ_(422.5uV>200.0uV); extreme_ptp_amplitude_C3_(496.7uV>200.0uV); extreme_ptp_amplitude_CZ_(288.1uV>200.0uV); extreme_ptp_amplitude_C4_(1205.0uV>200.0uV); statistical_variance_outlier_(z=20.99),1205.0226692165356,2228.9165197182933,20.99446098068292,422.5367344009361,496.7003202780654,288.1035246155956,1205.0226692165356,817.6327147455936,1120.2457200284791,380.7152201881942,6597.072423910907,Right,1
cellula_MI_data_923.csv,True,CLEAN,158.859609669487,271.9843747489267,1.9222574511544255,54.074210447286745,66.95701587753766,45.072829045305994,158.859609669487,110.60655593985543,135.59813938052983,47.93907551872559,793.7937281565959,Right,1
cellula_MI_data_924.csv,True,CLEAN,147.96722953624095,237.11321957743115,1.582404191321063,61.66550264065121,60.742480848655276,34.903799700521795,147.96722953624095,98.86582445127452,118.10987057844433,41.84283782966485,689.6343454503409,Right,1
cellula_MI_data_925.csv,True,CLEAN,147.67314863255763,243.81676172105784,1.6477367172651454,53.871025083219415,61.70727577795891,37.99632139761543,147.67314863255763,102.55916049219913,121.8607381482415,41.50740628366683,709.3397419601239,Left,0
cellula_MI_data_926.csv,False,extreme_ptp_amplitude_C3_(265.9uV>200.0uV); extreme_ptp_amplitude_CZ_(228.5uV>200.0uV); extreme_ptp_amplitude_C4_(598.6uV>200.0uV); statistical_variance_outlier_(z=5.89),598.5824257417719,679.1111860281969,5.890103463090483,106.88012596157726,265.9280381652313,228.48232746829743,598.5824257417719,130.63568096403526,375.51282539071497,240.02211602674407,1970.2741217312932,Right,1
cellula_MI_data_927.csv,True,CLEAN,132.6653849292604,211.05569805916144,1.3284483476557283,51.61260720517559,54.92735192983384,32.11643666966423,132.6653849292604,91.77779176424445,105.43961744977801,34.67531026114378,612.3300727614795,Left,0
cellula_MI_data_928.csv,True,CLEAN,159.23360545549684,241.93110881116866,1.6293591990788838,60.76820046198722,66.41552902340547,34.34333913173019,159.23360545549684,103.79555368333396,127.42245991405798,35.164042311375844,701.3423793359069,Right,1
cellula_MI_data_929.csv,False,extreme_ptp_amplitude_FZ_(9441.9uV>200.0uV); extreme_ptp_amplitude_C3_(204.3uV>200.0uV); extreme_ptp_amplitude_CZ_(5519.1uV>200.0uV); extreme_ptp_amplitude_C4_(4113.0uV>200.0uV); statistical_variance_outlier_(z=1421.85),9441.875759805207,145965.31333244842,1421.8451862654742,9441.875759805207,204.31845632738106,5519.12601550241,4112.956668191684,380703.60442883766,259.2359707447722,129951.29161204715,72947.12131816417,Right,1
cellula_MI_data_930.csv,False,extreme_ptp_amplitude_FZ_(31573.0uV>200.0uV); extreme_ptp_amplitude_C3_(28747.5uV>200.0uV); extreme_ptp_amplitude_CZ_(10104.7uV>200.0uV); extreme_ptp_amplitude_C4_(70424.6uV>200.0uV); statistical_variance_outlier_(z=65836.94),70424.56231954279,6755372.680177432,65836.93634519054,31573.02698345362,28747.51912193354,10104.74457872739,70424.56231954279,3911848.957490989,3243564.057420603,400843.71439447196,19465233.99140366,Left,0
cellula_MI_data_931.csv,False,extreme_ptp_amplitude_C3_(273.9uV>200.0uV); extreme_ptp_amplitude_C4_(625.0uV>200.0uV); statistical_variance_outlier_(z=5.59),624.9774916304762,648.1972067346669,5.588816723788103,185.54477952469423,273.9350320727951,167.43398670075166,624.9774916304762,201.4348412481232,360.04718310444565,126.14129057066059,1905.1655120154385,Right,1
cellula_MI_data_932.csv,True,CLEAN,133.2629481119245,197.39540467247187,1.1953155272798364,53.496725327480405,55.81010490718239,30.9463427185708,133.2629481119245,89.75469807987675,101.7100255487644,27.81613241438256,570.3007626468637,Right,1
cellula_MI_data_933.csv,True,CLEAN,146.0715208400319,202.74612035428805,1.247463446038581,58.67106880296034,62.34914151453697,31.864127232517994,146.0715208400319,94.9775167669735,103.39043578108343,27.942930677660392,584.6735981914348,Right,1
cellula_MI_data_934.csv,True,CLEAN,159.50164366549117,216.28385450132794,1.3794018076443864,50.324479916596395,70.3801129120701,44.95729590363627,159.50164366549117,93.72214476977993,113.4807087440867,32.43803277756639,625.4945317138788,Left,0
cellula_MI_data_935.csv,True,CLEAN,121.13103555077629,192.15922204199325,1.1442838442943062,91.36132616070185,50.605961563003106,64.9981543426729,121.13103555077629,105.06344705786826,95.6419027802942,35.827391871042046,532.1041464587685,Left,0
cellula_MI_data_936.csv,False,extreme_ptp_amplitude_FZ_(292.6uV>200.0uV); extreme_ptp_amplitude_C3_(1121.1uV>200.0uV); extreme_ptp_amplitude_CZ_(1252.0uV>200.0uV); extreme_ptp_amplitude_C4_(2111.1uV>200.0uV); statistical_variance_outlier_(z=61.33),2111.1237420898433,6367.933829622684,61.333202796370024,292.5883553111106,1121.0747525882375,1252.01652093944,2111.1237420898433,341.69436868761863,4321.029890752216,5354.129730283594,15454.88132876731,Right,1
cellula_MI_data_937.csv,False,extreme_ptp_amplitude_FZ_(1651.0uV>200.0uV); extreme_ptp_amplitude_C3_(1051.6uV>200.0uV); extreme_ptp_amplitude_C4_(474.0uV>200.0uV); statistical_variance_outlier_(z=39.59),1650.9639774848356,4136.93835650398,39.589986075157285,1650.9639774848356,1051.6262329253523,125.634233163259,473.9878675488669,11080.928358380683,4486.253103783571,65.12125027793348,915.4507135737333,Left,0
cellula_MI_data_938.csv,False,extreme_ptp_amplitude_FZ_(1780.3uV>200.0uV); extreme_ptp_amplitude_C3_(1273.2uV>200.0uV); extreme_ptp_amplitude_C4_(465.3uV>200.0uV); statistical_variance_outlier_(z=47.25),1780.326861264971,4922.45700163489,47.24562784827083,1780.326861264971,1273.2176872072826,42.85397549338858,465.30645455894495,12459.280649336742,6373.761737721508,7.3540955646937585,849.4315239166142,Left,0
cellula_MI_data_939.csv,False,flatline_dead_channel_CZ_(var=3.8970e-01); flatline_dead_channel_C4_(var=2.0123e-01),26.56869261602257,3.827922133604191,-0.6911875040950848,25.687493904648043,26.56869261602257,5.127308737589137,4.329462339810051,6.586058231788414,8.134704408272345,0.38969617087709124,0.2012297234789135,Right,1
cellula_MI_data_940.csv,False,flatline_dead_channel_CZ_(var=4.5224e-01); flatline_dead_channel_C4_(var=2.0838e-01),28.565470989823545,3.9442715286160515,-0.6900535662894699,27.590748661876578,28.565470989823545,5.008174991030956,3.8937760602910547,6.550897792379082,8.565564815866583,0.45223984177943005,0.20838366443911036,Left,0
cellula_MI_data_941.csv,False,flatline_dead_channel_CZ_(var=4.5912e-01); flatline_dead_channel_C4_(var=1.8326e-01),32.98497814676974,3.8432069503739217,-0.6910385387172645,30.541156837425557,32.98497814676974,5.654285321218876,3.573628253542961,6.03064579064588,8.699806520085756,0.45911625858306143,0.18325923218099116,Right,1
cellula_MI_data_942.csv,False,flatline_dead_channel_CZ_(var=4.4238e-01); flatline_dead_channel_C4_(var=1.6157e-01),15.397958863804067,2.962530128635997,-0.699621589300343,12.650082374658213,15.397958863804067,4.6746347071762875,2.576518717762543,4.544228784629744,6.701942144542167,0.4423765937411159,0.1615729916309611,Right,1
cellula_MI_data_943.csv,False,extreme_ptp_amplitude_FZ_(2477.9uV>200.0uV); extreme_ptp_amplitude_C3_(3096.3uV>200.0uV); extreme_ptp_amplitude_CZ_(607.7uV>200.0uV); statistical_variance_outlier_(z=158.88),3096.2730441911935,16376.84673361332,158.8797756323033,2477.8998298083534,3096.2730441911935,607.6928365191859,11.731857807170172,24980.978636658805,39021.855644000265,1503.879135429269,0.6735183649452979,Right,1
cellula_MI_data_944.csv,False,extreme_ptp_amplitude_FZ_(616.1uV>200.0uV); extreme_ptp_amplitude_C3_(785.2uV>200.0uV); flatline_dead_channel_C4_(var=1.5943e-01); statistical_variance_outlier_(z=7.36),785.1890649046068,829.5782771617729,7.356551338645512,616.1180453832468,785.1890649046068,169.49409952729445,2.627261868493283,1229.841023709969,1995.4089837138479,92.90367210547458,0.15942911780010763,Right,1
cellula_MI_data_945.csv,False,flatline_dead_channel_CZ_(var=4.5872e-01); flatline_dead_channel_C4_(var=1.5119e-01),24.881160201224414,3.7099238545585616,-0.6923375118763343,21.163134866482352,24.881160201224414,5.582396646803893,2.6912176784000605,5.740361454988381,8.48943194172251,0.4587153687375333,0.15118665278582188,Right,1
cellula_MI_data_946.csv,True,CLEAN,44.07417289579763,4.8758136471181786,-0.6809747840097303,27.819453100023605,44.07417289579763,24.001112422663407,9.067291090063973,3.8660697965583037,11.628266113498041,3.507461729144436,0.5014569492719343,Left,0
cellula_MI_data_947.csv,True,CLEAN,29.685477628085472,3.5912223631879625,-0.6934943731443647,21.643769000819255,29.685477628085472,16.55786397997698,9.8266991598505,2.931107329364861,8.193189220000134,2.582031950456855,0.6585609529300002,Left,0
cellula_MI_data_948.csv,False,flatline_dead_channel_C4_(var=3.8081e-01),15.025912066395614,2.3885589594893535,-0.7052154955510971,7.762282362203287,15.025912066395614,8.6686748260132,3.6901531250229933,1.4325568455198652,5.837780315551889,1.903087357863498,0.3808113190221613,Right,1
cellula_MI_data_949.csv,False,flatline_dead_channel_C4_(var=4.0128e-01),30.619423373458524,3.038502041235869,-0.6988811692590261,12.093324174642984,30.619423373458524,16.84062907437737,4.423583187686921,1.6260455331839416,7.685694393505444,2.4409850310426444,0.4012832072114458,Right,1
cellula_MI_data_950.csv,True,CLEAN,31.661048322600216,3.6770224452273452,-0.6926581680507379,9.239997584333818,31.661048322600216,18.165189699310837,8.461172921246025,1.6422042342830967,9.359847905542335,3.1267863164441807,0.5792513246397679,Right,1
cellula_MI_data_951.csv,False,flatline_dead_channel_C4_(var=3.6260e-01),50.54668208956208,5.5093607280970955,-0.6748002526622687,21.144104703435307,50.54668208956208,27.970320809386244,3.8290775972818705,3.0166098246730213,14.33319413943292,4.325037038709979,0.3626019095724613,Left,0
cellula_MI_data_952.csv,False,flatline_dead_channel_C4_(var=3.0173e-01),11.523188304374017,1.500655050299474,-0.7138689811174036,7.500333999926342,11.523188304374017,6.172258917682839,3.655730214763179,1.0794897174099758,3.551741697753752,1.069660875856924,0.3017279101772439,Left,0
cellula_MI_data_953.csv,False,flatline_dead_channel_C4_(var=2.7187e-01),14.61982605012938,1.4666818692336965,-0.7142000827478293,7.649638216217319,14.61982605012938,8.750249498317402,3.379838777420085,1.1308012314432152,3.433422133156922,1.0306372457737263,0.2718668665609228,Left,0
cellula_MI_data_954.csv,False,flatline_dead_channel_C4_(var=4.2392e-01),37.4267545505824,3.0799130573230618,-0.6984775787057154,10.750938341071645,37.4267545505824,20.821529681761426,6.8775552375910145,1.2646739497497377,8.157249254939416,2.4738087131644027,0.42392031143869097,Left,0
cellula_MI_data_955.csv,False,flatline_dead_channel_C4_(var=4.2651e-01),23.12547932561526,2.6515141171146146,-0.7026527422649086,8.918730513991749,23.12547932561526,9.101977272245616,8.230511692973511,2.1941656461214514,6.750901970602167,1.2344790331807158,0.4265098185541234,Left,0
cellula_MI_data_956.csv,False,extreme_ptp_amplitude_FZ_(1086.8uV>200.0uV); extreme_ptp_amplitude_C3_(1674.6uV>200.0uV); extreme_ptp_amplitude_CZ_(678.9uV>200.0uV); statistical_variance_outlier_(z=41.30),1674.585553824848,4311.934289655759,41.29549132861754,1086.8448018503138,1674.585553824848,678.9042758435801,91.30663623163605,4575.059683458133,10856.521241558523,1783.6713673973773,32.484866209000074,Left,0
cellula_MI_data_957.csv,False,extreme_ptp_amplitude_FZ_(413.7uV>200.0uV); extreme_ptp_amplitude_C3_(607.8uV>200.0uV); extreme_ptp_amplitude_CZ_(282.7uV>200.0uV); statistical_variance_outlier_(z=4.31),607.7751793484193,516.5717011808277,4.3059983909944535,413.66918137013414,607.7751793484193,282.7476597518093,88.64269379811316,562.6685549840321,1214.676111150894,262.87053518345687,26.071603404927856,Right,1
cellula_MI_data_958.csv,False,extreme_ptp_amplitude_FZ_(2894.6uV>200.0uV); extreme_ptp_amplitude_C3_(4075.6uV>200.0uV); extreme_ptp_amplitude_CZ_(1592.2uV>200.0uV); extreme_ptp_amplitude_C4_(411.2uV>200.0uV); statistical_variance_outlier_(z=274.97),4075.5952195737946,28288.14743912225,274.966964419546,2894.578608815907,4075.5952195737946,1592.2035355367975,411.18692477890954,34222.62500271522,67881.66329749016,10359.762475327554,688.5389809560661,Left,0
cellula_MI_data_959.csv,False,extreme_ptp_amplitude_FZ_(1574.8uV>200.0uV); extreme_ptp_amplitude_C3_(1632.0uV>200.0uV); extreme_ptp_amplitude_CZ_(574.3uV>200.0uV); extreme_ptp_amplitude_C4_(517.1uV>200.0uV); statistical_variance_outlier_(z=55.80),1631.9716831683022,5800.677763287645,55.804741741492236,1574.7624925294342,1631.9716831683022,574.2749127654816,517.0692843470878,10018.703261990218,10772.138765223315,1333.882523116037,1077.9865028210074,Right,1
cellula_MI_data_960.csv,False,flatline_dead_channel_C4_(var=2.7294e-01),15.827007335712262,2.3427873481090717,-0.705661584338776,10.870178288400865,15.827007335712262,5.685282002954796,3.284656405407215,2.473597004285852,5.679801085629701,0.9448156243325466,0.27293567818818604,Right,1
cellula_MI_data_961.csv,False,flatline_dead_channel_C4_(var=3.1367e-01),43.33788991166236,4.443396113948422,-0.6851891126585549,32.67007414355554,43.33788991166236,15.911477448678381,6.351529217367652,5.343800579595716,10.562822254316735,1.553288385899576,0.3136732359816597,Right,1
cellula_MI_data_962.csv,False,flatline_dead_channel_C4_(var=2.5411e-01),14.335049852820758,2.081451041617037,-0.7082085603491013,9.005768162301958,14.335049852820758,5.865363383436176,3.142854337261329,2.1108904556267016,5.092705264636515,0.8680958631333395,0.2541125830715916,Left,0
cellula_MI_data_963.csv,False,extreme_ptp_amplitude_FZ_(1992.8uV>200.0uV); extreme_ptp_amplitude_C3_(2217.3uV>200.0uV); extreme_ptp_amplitude_CZ_(759.7uV>200.0uV); extreme_ptp_amplitude_C4_(535.2uV>200.0uV); statistical_variance_outlier_(z=95.32),2217.3334360929675,9855.64574337592,95.32434124358701,1992.8345402577784,2217.3334360929675,759.6819910686718,535.2396827469304,16069.707657156372,19861.569483914467,2328.7412911674837,1162.5645412653605,Right,1
cellula_MI_data_964.csv,False,flatline_dead_channel_C4_(var=2.5499e-01),20.30130206102557,2.216154739965342,-0.7068957420392363,10.443190778783986,20.30130206102557,8.339545004870333,4.539289853681877,1.9372074813485927,5.698854824256673,0.9735662525743417,0.2549904016817614,Left,0
cellula_MI_data_965.csv,False,flatline_dead_channel_C4_(var=2.3433e-01),22.849789542784606,2.3477805356620944,-0.7056129208787183,12.691408174252937,22.849789542784606,9.786082941668548,3.243636777734211,2.1560619992163246,5.926956174431908,1.0737708853763153,0.23433308362382826,Right,1
cellula_MI_data_966.csv,False,extreme_ptp_amplitude_FZ_(1002.6uV>200.0uV); extreme_ptp_amplitude_C3_(1582.3uV>200.0uV); extreme_ptp_amplitude_CZ_(715.8uV>200.0uV); statistical_variance_outlier_(z=38.07),1582.310110168688,3981.1453327595914,38.071631815929685,1002.5880231072174,1582.310110168688,715.8098835016992,136.70825209568397,3958.929640458641,9871.901044822773,2020.9454718511454,72.8051739058066,Left,0
cellula_MI_data_967.csv,False,flatline_dead_channel_C4_(var=2.5095e-01),18.058701400126544,2.017259595237525,-0.7088341683107019,11.529877547625652,18.058701400126544,7.937622247207859,3.5626171092327197,1.971522346586261,4.93164662376605,0.9149158621197424,0.2509535484780466,Right,1
cellula_MI_data_968.csv,False,extreme_ptp_amplitude_FZ_(411.5uV>200.0uV); extreme_ptp_amplitude_C4_(455.2uV>200.0uV),455.16001641619954,404.0710991999887,3.209570809849771,411.4677958938801,144.06386177037206,98.53766057921203,455.16001641619954,675.9261856154249,81.47551149122675,37.91215715406961,820.9705425392334,Left,0
cellula_MI_data_969.csv,False,extreme_ptp_amplitude_FZ_(232.9uV>200.0uV); extreme_ptp_amplitude_C3_(271.8uV>200.0uV); extreme_ptp_amplitude_CZ_(277.6uV>200.0uV); extreme_ptp_amplitude_C4_(223.1uV>200.0uV),277.5733999938592,220.02859385857815,1.4158979280490258,232.9487827634856,271.8070580947518,277.5733999938592,223.07557943512057,184.83635441248134,256.82101305665776,266.80630525091186,171.65070271426166,Right,1
cellula_MI_data_970.csv,False,extreme_ptp_amplitude_FZ_(1105.2uV>200.0uV); extreme_ptp_amplitude_C3_(2247.7uV>200.0uV); extreme_ptp_amplitude_CZ_(927.9uV>200.0uV); extreme_ptp_amplitude_C4_(214.7uV>200.0uV); statistical_variance_outlier_(z=70.71),2247.7167623950163,7330.455774065169,70.71391355490883,1105.1539215732014,2247.7167623950163,927.9394390018604,214.7401996326384,4994.52294232256,20626.324214628123,3513.84478939837,187.13114991162388,Right,1
cellula_MI_data_971.csv,False,flatline_dead_channel_C4_(var=2.6614e-01),13.164810496011093,1.538883647173918,-0.7134964063287927,9.708877912792978,13.164810496011093,5.844349892112218,5.299195165886078,1.6896708017796176,3.575783237951575,0.6239434671712809,0.26613708179319867,Left,0
cellula_MI_data_972.csv,False,flatline_dead_channel_C4_(var=2.2878e-01),10.56312698300178,1.4900005346045768,-0.7139728197161839,7.238565452361914,10.56312698300178,4.552546069655112,2.9908167115477715,1.5432115345091753,3.557285820966124,0.6307288140018589,0.22877596894114913,Left,0
cellula_MI_data_973.csv,False,extreme_ptp_amplitude_FZ_(771.8uV>200.0uV); extreme_ptp_amplitude_C3_(2618.5uV>200.0uV); extreme_ptp_amplitude_CZ_(1357.9uV>200.0uV); extreme_ptp_amplitude_C4_(488.8uV>200.0uV); statistical_variance_outlier_(z=76.25),2618.49567130256,7898.1043325914125,76.24619982721873,771.7761780362133,2618.49567130256,1357.9275808075117,488.79446100682867,1975.1684841481062,22716.82004854403,6108.977985232972,791.450812440541,Right,1
cellula_MI_data_974.csv,False,flatline_dead_channel_C4_(var=4.2774e-01),19.1473894474854,2.1500095004489648,-0.7075403916116851,16.816074517951403,19.1473894474854,8.687077779828908,7.081090971730571,2.686305486755213,4.517272042634413,0.968721854873972,0.4277386175322622,Right,1
cellula_MI_data_975.csv,False,flatline_dead_channel_C4_(var=2.7519e-01),54.53847901856174,5.465126357201436,-0.675231359549082,31.347172394321955,54.53847901856174,20.63672895464873,5.1073964543591455,5.052377134734644,14.371043236756732,2.1618910074793685,0.27519404983500034,Right,1
cellula_MI_data_976.csv,False,extreme_ptp_amplitude_FZ_(877.5uV>200.0uV); extreme_ptp_amplitude_C3_(530.5uV>200.0uV); extreme_ptp_amplitude_C4_(395.1uV>200.0uV); statistical_variance_outlier_(z=10.90),877.5178506278028,1193.0148179923058,10.89859325083262,877.5178506278028,530.4727417268925,48.00143539788907,395.1149813853205,3040.868957024658,1101.8458578007057,9.13972406294607,620.2047330809141,Right,1
cellula_MI_data_977.csv,True,CLEAN,37.8236437756625,4.258902143107909,-0.6869871855099242,12.468040394772318,37.8236437756625,21.315234119368185,23.870146569502342,2.3140111857782153,9.676673361065827,2.461856920984482,2.5830671046031113,Left,0
cellula_MI_data_978.csv,True,CLEAN,19.178176087424962,2.22953599946993,-0.7067653286749258,19.178176087424962,16.035195463534915,5.428109432137097,9.866155128463793,2.807873859212962,4.791523881444761,0.7731169576085127,0.5456292996134847,Right,1
cellula_MI_data_979.csv,False,flatline_dead_channel_C4_(var=3.0015e-01),15.25638911953747,2.033485941560296,-0.7086760268133566,9.649958584352827,15.25638911953747,6.180741334086831,3.3835198893017884,2.0745560889981083,4.918887023906855,0.8403468305765759,0.3001538227596461,Left,0
cellula_MI_data_980.csv,False,extreme_ptp_amplitude_C3_(996.2uV>200.0uV); extreme_ptp_amplitude_CZ_(496.5uV>200.0uV); extreme_ptp_amplitude_C4_(638.0uV>200.0uV); statistical_variance_outlier_(z=12.81),996.2398280779605,1388.6582149570597,12.805328083571817,139.88320042149292,996.2398280779605,496.459469507657,637.9559072353812,63.37201675798373,3318.349618334159,823.8851546173423,1349.0260701187535,Left,0
cellula_MI_data_981.csv,False,flatline_dead_channel_C4_(var=3.4554e-01),31.179189525452024,2.589581768329502,-0.7032563331273347,15.929832505557368,31.179189525452024,11.878128204062005,5.174248290672816,2.267546526381379,6.6332264985956195,1.1120142448579937,0.34553980348301605,Right,1
cellula_MI_data_982.csv,False,extreme_ptp_amplitude_FZ_(2182.4uV>200.0uV); extreme_ptp_amplitude_C3_(2907.0uV>200.0uV); extreme_ptp_amplitude_CZ_(1030.9uV>200.0uV); extreme_ptp_amplitude_C4_(307.4uV>200.0uV); statistical_variance_outlier_(z=144.03),2906.965687055144,14853.340601757418,144.03172936767655,2182.352083955471,2906.965687055144,1030.9251127677915,307.4412162829574,19695.770389178866,34936.110729991255,4392.800548880534,388.6807389790087,Left,0
cellula_MI_data_983.csv,False,extreme_ptp_amplitude_FZ_(763.0uV>200.0uV); extreme_ptp_amplitude_C4_(546.5uV>200.0uV); statistical_variance_outlier_(z=8.27),763.0292695680466,923.3845167649478,8.270784210056325,763.0292695680466,166.92063750970485,52.77190424889301,546.5013381256226,2358.9494091365036,114.26305358258863,11.528953035662349,1208.7966513050364,Left,0
cellula_MI_data_984.csv,True,CLEAN,12.421652794279982,1.8084913172857955,-0.710868817850207,8.768627075887629,12.421652794279982,5.3710847410733376,7.927184178229236,1.846215388482315,4.1143168877240965,0.7616144127105494,0.5118185802262216,Left,0
cellula_MI_data_985.csv,False,extreme_ptp_amplitude_FZ_(404.7uV>200.0uV); extreme_ptp_amplitude_C3_(1136.8uV>200.0uV); extreme_ptp_amplitude_CZ_(431.2uV>200.0uV); extreme_ptp_amplitude_C4_(301.8uV>200.0uV); statistical_variance_outlier_(z=16.31),1136.8013339151817,1748.2788301672078,16.310180096112884,404.70086849462086,1136.8013339151817,431.1656745377561,301.7908912735749,663.8095318298085,5215.096994837362,749.4108095122097,364.7979844894516,Right,1
cellula_MI_data_986.csv,False,flatline_dead_channel_C4_(var=3.9047e-01),12.059783256719342,1.5857039824484935,-0.7130400967086697,7.406238262075659,12.059783256719342,5.2771012949926845,5.117127579953179,1.5254394755546454,3.6815839197553477,0.7453177156095393,0.3904748188744416,Right,1
cellula_MI_data_987.csv,False,extreme_ptp_amplitude_FZ_(1062.4uV>200.0uV); extreme_ptp_amplitude_C3_(2231.3uV>200.0uV); extreme_ptp_amplitude_CZ_(677.5uV>200.0uV); extreme_ptp_amplitude_C4_(491.5uV>200.0uV); statistical_variance_outlier_(z=67.00),2231.3262302318085,6949.0219087860605,66.99647024428666,1062.3546942426988,2231.3262302318085,677.4735880930125,491.5147124783059,4605.56601285107,20328.314060746314,1874.407230175318,987.8003313715394,Right,1
cellula_MI_data_988.csv,False,extreme_ptp_amplitude_FZ_(1202.3uV>200.0uV); extreme_ptp_amplitude_C3_(1916.3uV>200.0uV); extreme_ptp_amplitude_CZ_(640.0uV>200.0uV); statistical_variance_outlier_(z=53.66),1916.3306471161973,5580.583115665478,53.65970573398389,1202.2724842278565,1916.3306471161973,639.9956499144855,74.26815422953484,5844.156458437785,14806.622349564257,1649.9948102840224,21.558844375850892,Right,1
cellula_MI_data_989.csv,False,extreme_ptp_amplitude_FZ_(705.0uV>200.0uV); extreme_ptp_amplitude_C3_(466.0uV>200.0uV); extreme_ptp_amplitude_C4_(406.8uV>200.0uV); statistical_variance_outlier_(z=8.20),704.9646869829098,916.3390293948229,8.202119095921852,704.9646869829098,465.9922778515838,166.2350547805557,406.8104485155076,2011.3043299884218,875.0469771893418,111.26501595414653,667.7397944473814,Right,1
cellula_MI_data_990.csv,False,flatline_dead_channel_C4_(var=3.7883e-01),18.79548568392353,1.8757187251912075,-0.7102136214962451,8.686359022896081,18.79548568392353,8.375742996870303,6.172004473949436,1.7232710879124271,4.658211589599187,0.7425592641865875,0.3788329590666289,Left,0
cellula_MI_data_991.csv,False,extreme_ptp_amplitude_FZ_(1352.4uV>200.0uV); extreme_ptp_amplitude_C3_(2702.1uV>200.0uV); extreme_ptp_amplitude_CZ_(837.0uV>200.0uV); extreme_ptp_amplitude_C4_(513.0uV>200.0uV); statistical_variance_outlier_(z=100.05),2702.1036672732716,10340.36246376766,100.04837624359543,1352.409552278883,2702.1036672732716,836.9531272611093,512.9892869900965,7498.9924470167425,29916.708251536053,2869.294457868899,1076.4546986489452,Left,0
cellula_MI_data_992.csv,False,flatline_dead_channel_C4_(var=3.9451e-01),13.24365055260483,1.5203349959786099,-0.713677180941599,7.817049088129612,13.24365055260483,5.740240106961589,5.778895550181776,1.391302721653951,3.72988369613419,0.565645428568551,0.3945081375577475,Left,0
cellula_MI_data_993.csv,True,CLEAN,24.629905271376888,2.409265953453548,-0.7050136857927032,24.629905271376888,15.463292693826968,5.538304390630025,17.29201074818836,3.4416562519108447,4.165592674957026,0.6075218217755174,1.4222930651708061,Left,0
cellula_MI_data_994.csv,True,CLEAN,21.801506815583966,2.5064723231832104,-0.7040663153523858,21.801506815583966,15.293501308414717,10.395270597139941,18.675942843113553,2.8938128324180337,4.308077634157456,1.1207777944966726,1.7032210316606782,Right,1
cellula_MI_data_995.csv,False,extreme_ptp_amplitude_FZ_(202.9uV>200.0uV); extreme_ptp_amplitude_C3_(732.0uV>200.0uV); extreme_ptp_amplitude_CZ_(259.1uV>200.0uV); extreme_ptp_amplitude_C4_(271.3uV>200.0uV); statistical_variance_outlier_(z=6.06),731.9610816591025,696.6732160516644,6.061262494771936,202.86261885745552,731.9610816591025,259.0551618145147,271.32285630680076,159.31429729458716,2081.0263753366175,260.36019529279423,285.99199628265893,Right,1
cellula_MI_data_996.csv,False,flatline_dead_channel_C4_(var=3.4085e-01),14.674662022422696,1.662405459521448,-0.7122925663533063,10.154605637948624,14.674662022422696,5.672737870725506,3.809996549425187,1.5057014900357757,3.9383229772044213,0.864746686318548,0.3408506845270459,Right,1
cellula_MI_data_997.csv,False,flatline_dead_channel_C4_(var=4.4737e-01),21.06749550037025,1.783390401725483,-0.7111134506401452,7.42807673013318,21.06749550037025,8.641858513941845,7.486821293217236,1.2232664336564516,4.753929089205773,0.7089937293967163,0.4473723546429901,Left,0
cellula_MI_data_998.csv,False,flatline_dead_channel_C4_(var=2.9175e-01),15.431714123903829,1.655572688927012,-0.7123591583359578,7.97334639111663,15.431714123903829,6.042652008180554,3.547929675910048,1.38984551411082,4.330949891456198,0.6097433724962815,0.291751977644748,Right,1
cellula_MI_data_999.csv,False,extreme_ptp_amplitude_FZ_(450.2uV>200.0uV); extreme_ptp_amplitude_C3_(1176.1uV>200.0uV); extreme_ptp_amplitude_CZ_(399.9uV>200.0uV); extreme_ptp_amplitude_C4_(326.1uV>200.0uV); statistical_variance_outlier_(z=16.84),1176.0864300008275,1802.723032454031,16.84079170146999,450.18256527608895,1176.0864300008275,399.94054933236316,326.12628820201826,787.950707926577,5385.209159585422,622.2059365662535,415.5263257378717,Left,0
cellula_MI_data_1000.csv,False,extreme_ptp_amplitude_C4_(272.3uV>200.0uV),272.34908549603256,206.3872078268248,1.2829493782021228,199.3703504334881,140.7015023293583,70.85357526515399,272.34908549603256,238.03444950959073,117.86002920964229,31.119258671253885,438.53509391681234,Right,1
cellula_MI_data_1001.csv,False,extreme_ptp_amplitude_CZ_(560.3uV>200.0uV); extreme_ptp_amplitude_C4_(443.5uV>200.0uV),560.2893666241582,453.95353797944597,3.695723601297707,26.663139228392076,102.48366961007616,560.2893666241582,443.5010907600602,12.203759808105902,36.70483711554268,1061.994812272895,704.9107427212404,Left,0
cellula_MI_data_1002.csv,True,CLEAN,24.557167817810345,9.810864462424426,-0.6328779228998324,16.285608737273268,11.362307990509759,8.283149268570423,24.557167817810345,9.772680662543157,4.606511843670717,2.439782014334501,22.42448332914933,Right,1
cellula_MI_data_1003.csv,False,extreme_ptp_amplitude_FZ_(1479.5uV>200.0uV); extreme_ptp_amplitude_CZ_(9062.6uV>200.0uV); extreme_ptp_amplitude_C4_(10389.6uV>200.0uV); statistical_variance_outlier_(z=1959.62),10389.561414553385,201144.0441985079,1959.6154857027273,1479.5238364611455,155.26852389960277,9062.58304581305,10389.561414553385,9147.706568404572,104.8899636620999,343790.65138182574,451532.92888013925,Right,1
cellula_MI_data_1004.csv,True,CLEAN,74.88361613525099,20.58627493050809,-0.5278610871910395,47.45654122741088,31.021304354923423,8.822857107542529,74.88361613525099,21.374570203366737,9.609137346635668,2.863101802856736,48.49829036917321,Left,0
cellula_MI_data_1005.csv,True,CLEAN,40.56946000219744,12.153899667203497,-0.6100427702261578,31.62178708816498,22.180865022631806,15.851012873430788,40.56946000219744,13.100254106131771,6.19873021082102,3.1961420024736764,26.12047234938752,Left,0
cellula_MI_data_1006.csv,True,CLEAN,29.025684158363294,9.576787922304321,-0.635159226023262,18.74293843050934,12.489712592428901,7.657139545690514,29.025684158363294,10.035849442149452,4.711382448682461,2.362245462026013,21.19767433635936,Right,1
cellula_MI_data_1007.csv,False,extreme_ptp_amplitude_FZ_(4201.8uV>200.0uV); extreme_ptp_amplitude_C3_(3209.2uV>200.0uV); extreme_ptp_amplitude_CZ_(2917.9uV>200.0uV); extreme_ptp_amplitude_C4_(4493.1uV>200.0uV); statistical_variance_outlier_(z=570.78),4493.131654736285,58640.25557331179,570.777723813343,4201.8298537604305,3209.208865620172,2917.9070646443183,4493.131654736285,73094.71633602344,42653.79101389536,35335.929730141,83476.58521318737,Right,1
cellula_MI_data_1008.csv,True,CLEAN,23.89417148282684,9.355106371601158,-0.6373197279418498,16.200271251783768,11.127804783985496,9.96993599944472,23.89417148282684,9.891701074652818,4.66086467712502,2.514770582755758,20.353089151871036,Right,1
cellula_MI_data_1009.csv,False,extreme_ptp_amplitude_C3_(917.7uV>200.0uV); extreme_ptp_amplitude_CZ_(952.2uV>200.0uV); statistical_variance_outlier_(z=16.12),952.2433573084255,1729.2374674143018,16.124603530856614,15.622968405695566,917.7315458964927,952.2433573084255,25.28900610078314,6.179993429302695,3336.7225254939412,3571.4821842943907,2.565166439572756,Right,1
cellula_MI_data_1010.csv,False,flatline_dead_channel_C4_(var=8.8459e-03),18.3911389642188,4.365748972101277,-0.6859458594351879,15.208581357619442,16.421186828272184,18.3911389642188,0.8752111607391033,6.39064052717753,1.6911218223180837,9.37238765092601,0.008845887983483385,Left,0
cellula_MI_data_1011.csv,False,extreme_ptp_amplitude_FZ_(2781.8uV>200.0uV); extreme_ptp_amplitude_CZ_(2535.5uV>200.0uV); statistical_variance_outlier_(z=134.97),2781.8255222060634,13923.986045129359,134.97426700207035,2781.8255222060634,146.15111225315695,2535.542371790637,101.13410150019041,30362.468336395603,84.77046816205169,25208.589988839318,40.11538712046255,Right,1
cellula_MI_data_1012.csv,False,flatline_dead_channel_C4_(var=5.1201e-03),19.004201266256885,3.900509025636644,-0.6904800743653532,17.652451361159613,6.109012749414379,19.004201266256885,0.4802904483523429,6.6784995792964255,0.9566664199284706,7.961750039462441,0.005120063859239904,Right,1
cellula_MI_data_1013.csv,False,flatline_dead_channel_C4_(var=5.6059e-03),66.1880281175223,9.806635719619303,-0.6329191361037039,58.493222139067456,9.295736398290945,66.1880281175223,0.6046061306369523,16.76080036451193,1.1720560044496429,21.288080652526848,0.005605856988784293,Right,1
cellula_MI_data_1014.csv,False,flatline_dead_channel_C4_(var=3.8407e-03),47.152354862784634,6.119008175363948,-0.6688586464469378,39.9974126281074,8.989455277107279,47.152354862784634,0.381995025192192,10.496287909477237,1.00478389967885,12.971120176646323,0.0038407156533808184,Right,1
cellula_MI_data_1015.csv,False,flatline_dead_channel_C4_(var=4.9197e-03),41.64809078223696,5.258394463530517,-0.6772461625468622,17.04464675370413,27.284321511660952,41.64809078223696,0.46170882923389023,5.77832189428053,3.7478185657550136,11.502517674387674,0.0049197196988511735,Right,1
cellula_MI_data_1016.csv,False,flatline_dead_channel_C4_(var=2.3190e-02),130.42240963220365,26.517297141677908,-0.47005751794599776,130.42240963220365,112.12899577128606,25.141043044946215,2.513926667446209,57.45513955402761,42.41936262060095,6.171496740220752,0.02318965186232065,Left,0
cellula_MI_data_1017.csv,False,flatline_dead_channel_C4_(var=4.3188e-03),21.371520817536833,3.3696431278203796,-0.6956538779006801,21.371520817536833,12.77127587583173,13.942104209226809,0.5210573641580033,6.431138102857757,1.4237771601635165,5.619338480091566,0.004318768168679368,Left,0
cellula_MI_data_1018.csv,False,extreme_ptp_amplitude_FZ_(350.1uV>200.0uV); extreme_ptp_amplitude_C3_(1314.8uV>200.0uV); extreme_ptp_amplitude_CZ_(532.0uV>200.0uV); extreme_ptp_amplitude_C4_(433.9uV>200.0uV); statistical_variance_outlier_(z=22.07),1314.793282713039,2338.861086120285,22.065977513729276,350.1306173255457,1314.793282713039,532.0460571452264,433.9386061250244,491.2605840112039,6964.592475887409,1140.5577577329375,759.0335268495903,Right,1
cellula_MI_data_1019.csv,False,flatline_dead_channel_CZ_(var=4.7593e-01); flatline_dead_channel_C4_(var=2.1682e-01),16.086420695985517,1.7688908879252119,-0.7112547624781611,10.842652948051665,16.086420695985517,5.700850315014394,3.5783374179485614,2.2099657328390427,4.172849830672896,0.475932413739394,0.2168155744495155,Right,1
cellula_MI_data_1020.csv,False,flatline_dead_channel_C4_(var=2.4946e-01),26.15449325706409,2.6922727861478646,-0.7022555094669329,19.17989244897742,26.15449325706409,7.687848940775542,3.182792457508837,3.45081714712096,6.425249990687315,0.6435611657611205,0.24946284102206287,Left,0
cellula_MI_data_1021.csv,False,flatline_dead_channel_CZ_(var=4.6916e-01); flatline_dead_channel_C4_(var=3.0296e-01),23.65505009462625,2.10873709532805,-0.7079426312665668,19.78715635801275,23.65505009462625,7.572214513987192,5.386101207125845,2.747621355689309,4.915205156295075,0.4691594652346214,0.3029624040931942,Left,0
cellula_MI_data_1022.csv,False,extreme_ptp_amplitude_FZ_(253.3uV>200.0uV); extreme_ptp_amplitude_C3_(537.2uV>200.0uV); extreme_ptp_amplitude_CZ_(294.5uV>200.0uV); extreme_ptp_amplitude_C4_(494.0uV>200.0uV); statistical_variance_outlier_(z=6.02),537.208155675999,692.950919205792,6.024985098427714,253.28997354952554,537.208155675999,294.48878783831606,494.0049871356272,257.7642844124859,1172.9877455755704,351.8636562997218,989.1879905353899,Left,0
cellula_MI_data_1023.csv,False,flatline_dead_channel_CZ_(var=4.1603e-01); flatline_dead_channel_C4_(var=2.1825e-01),15.693275586346099,1.5763109865891396,-0.7131316405719775,9.000149669004262,15.693275586346099,5.626956014119493,3.3738179090194658,1.8729175694605371,3.7980387691500073,0.4160328222505913,0.21825478549542257,Right,1
cellula_MI_data_1024.csv,False,flatline_dead_channel_CZ_(var=4.7729e-01); flatline_dead_channel_C4_(var=3.5240e-01),16.27348586129094,1.8803326467803227,-0.7101686543511946,10.988232668714732,16.27348586129094,5.769740203196804,7.024310806732588,2.3274026544891226,4.364236552505062,0.4772891947656566,0.35240218536144896,Right,1
cellula_MI_data_1025.csv,False,flatline_dead_channel_CZ_(var=4.0656e-01); flatline_dead_channel_C4_(var=2.7532e-01),11.182096477255342,1.4017940180927682,-0.714832477849895,8.671216578864545,11.182096477255342,4.1611183281050845,3.57906546776932,1.7447605907959325,3.1805386154525075,0.4065561339558906,0.2753207321667422,Left,0
cellula_MI_data_1026.csv,False,extreme_ptp_amplitude_FZ_(5467.8uV>200.0uV); extreme_ptp_amplitude_C3_(7997.9uV>200.0uV); extreme_ptp_amplitude_CZ_(2808.4uV>200.0uV); extreme_ptp_amplitude_C4_(278.7uV>200.0uV); statistical_variance_outlier_(z=1011.20),7997.911869878609,103830.7871285783,1011.2033244889935,5467.767652176679,7997.911869878609,2808.4017498675653,278.6701866852077,121963.69219354885,260880.28867835726,32161.83471635893,317.33292604820116,Right,1
cellula_MI_data_1027.csv,True,CLEAN,72.08423375683071,44.945666551368426,-0.2904551679092487,34.609319317219814,41.99914931841761,72.08423375683071,25.87447425334518,40.52060516649742,32.91894803339794,96.94699232897796,9.39612067660038,Right,1
cellula_MI_data_1028.csv,False,extreme_ptp_amplitude_FZ_(303.1uV>200.0uV); extreme_ptp_amplitude_CZ_(275.1uV>200.0uV),303.12234785484475,240.3061110560907,1.6135220184185608,303.12234785484475,98.34855351255848,275.14002284404535,128.89220008565366,432.70457462310895,64.25789641646722,386.60186754918385,77.66010563560295,Left,0
cellula_MI_data_1029.csv,True,CLEAN,55.11485740152964,40.80267499791291,-0.3308326425865109,42.881263622607776,29.933969777236577,55.11485740152964,22.0067718581523,51.598602883975964,25.418021880789585,74.22276943397983,11.97130579290623,Right,1
cellula_MI_data_1030.csv,False,extreme_ptp_amplitude_FZ_(14140.2uV>200.0uV); extreme_ptp_amplitude_C3_(3150.8uV>200.0uV); extreme_ptp_amplitude_CZ_(10791.3uV>200.0uV); extreme_ptp_amplitude_C4_(6499.7uV>200.0uV); statistical_variance_outlier_(z=3777.66),14140.238423727973,387687.6166537893,3777.6636945475793,14140.238423727973,3150.7650143441797,10791.334726146168,6499.668711925984,840503.1688905429,42027.97398327093,490812.9426669749,177406.3810743685,Left,0
cellula_MI_data_1031.csv,True,CLEAN,47.61374224946689,39.218741502529994,-0.34626961217119384,36.12345921845178,26.831483021979295,47.61374224946689,19.354740381111384,51.99996595264495,22.708434828724045,70.1822426533161,11.984322575434877,Left,0
cellula_MI_data_1032.csv,True,CLEAN,48.303206521236646,45.15189135203863,-0.288445307025043,47.055165935813044,30.47690262914491,48.303206521236646,25.453619116840684,58.482145533370904,27.652680073138164,79.99487442905806,14.477865372587424,Left,0
cellula_MI_data_1033.csv,False,extreme_ptp_amplitude_FZ_(7929.6uV>200.0uV); extreme_ptp_amplitude_C3_(2055.3uV>200.0uV); extreme_ptp_amplitude_CZ_(859.0uV>200.0uV); extreme_ptp_amplitude_C4_(5028.4uV>200.0uV); statistical_variance_outlier_(z=919.41),7929.565375022463,94411.76222665123,919.4057828925463,7929.565375022463,2055.275647439901,859.0176409255679,5028.360171126525,255064.3901227261,17042.85645531934,3025.0918569897485,102514.71047156975,Right,1
cellula_MI_data_1034.csv,False,extreme_ptp_amplitude_CZ_(218.9uV>200.0uV),218.91616144419322,128.5980646193524,0.5248186604588275,190.767450099421,105.76096476211188,218.91616144419322,75.68957841387598,177.8614048419252,62.61711201149642,242.20509905644772,31.70864256754027,Right,1
cellula_MI_data_1035.csv,True,CLEAN,70.46001790686186,47.12051640675639,-0.26925914473861695,70.46001790686186,61.4952632112731,65.58272656005764,56.51610527620886,65.85067380399796,30.878960501407292,67.25500798277344,24.49742333884687,Left,0
cellula_MI_data_1036.csv,False,extreme_ptp_amplitude_FZ_(415.0uV>200.0uV); extreme_ptp_amplitude_CZ_(464.9uV>200.0uV); statistical_variance_outlier_(z=5.42),464.91683263044035,630.9457694188851,5.420684719564399,415.0452535615066,179.14842536391575,464.91683263044035,129.6249736183983,987.503675645007,193.22977954504856,1241.4615354740934,101.58808701139141,Right,1
cellula_MI_data_1037.csv,False,extreme_ptp_amplitude_FZ_(24620.3uV>200.0uV); extreme_ptp_amplitude_C3_(16270.7uV>200.0uV); extreme_ptp_amplitude_CZ_(34926.2uV>200.0uV); extreme_ptp_amplitude_C4_(5964.4uV>200.0uV); statistical_variance_outlier_(z=20880.57),34926.15548451934,2142557.3429271197,20880.572793021624,24620.33716167366,16270.743441758335,34926.15548451934,5964.443767213851,2442895.617215893,1067129.0706662242,4916870.502291231,143334.1815351313,Left,0
cellula_MI_data_1038.csv,False,extreme_ptp_amplitude_FZ_(43089.3uV>200.0uV); extreme_ptp_amplitude_C3_(39037.4uV>200.0uV); extreme_ptp_amplitude_CZ_(77859.5uV>200.0uV); extreme_ptp_amplitude_C4_(4267.4uV>200.0uV); statistical_variance_outlier_(z=98484.60),77859.48309571066,10105235.833488647,98484.6047992338,43089.270419602835,39037.41562570758,77859.48309571066,4267.377132118494,7932633.641522316,6510557.820919548,25899979.983618118,77771.88789460108,Right,1
cellula_MI_data_1039.csv,True,CLEAN,77.18503116460985,43.74124611121095,-0.30219341434199215,42.80820553073654,38.11163959602185,77.18503116460985,20.935368333940986,42.67513632413837,27.898490438216854,96.52329718297536,7.868060499513246,Right,1
cellula_MI_data_1040.csv,True,CLEAN,196.34733638232726,80.81141579941415,0.05909137674545588,73.36929428883901,121.97800952318785,196.34733638232726,14.344126159936069,53.124907116502975,69.41858417503819,193.3198787171852,7.382293188930239,Left,0
cellula_MI_data_1041.csv,True,CLEAN,53.6929099865185,38.53008458856203,-0.35298124234139555,34.85212183521884,32.41080796147847,53.6929099865185,13.98774829118811,39.48298589946252,25.520886388144845,82.81258758853406,6.30387847810671,Right,1
cellula_MI_data_1042.csv,True,CLEAN,61.063397782197484,41.18079862049098,-0.3271474608045721,61.063397782197484,27.89112436337598,49.81750581007041,28.437302595205033,48.3694717645228,25.11923124390627,81.26506471674743,9.969426756787445,Right,1
cellula_MI_data_1043.csv,False,extreme_ptp_amplitude_FZ_(4944.7uV>200.0uV); extreme_ptp_amplitude_C3_(2198.8uV>200.0uV); extreme_ptp_amplitude_CZ_(5323.1uV>200.0uV); extreme_ptp_amplitude_C4_(1821.1uV>200.0uV); statistical_variance_outlier_(z=572.90),5323.114209604008,58857.72127825779,572.8971382223118,4944.680124840871,2198.8456630113124,5323.114209604008,1821.1473213321428,94679.61545205432,18594.64759432357,109276.9551315839,12879.666935069376,Right,1
cellula_MI_data_1044.csv,True,CLEAN,94.11893914986148,48.56492499478262,-0.2551819808259834,93.64645320375686,39.16080652855309,94.11893914986148,37.546426166909285,62.86322935516375,26.071158226630406,93.54340107338042,11.781911323955903,Left,0
cellula_MI_data_1045.csv,False,extreme_ptp_amplitude_FZ_(20922.9uV>200.0uV); extreme_ptp_amplitude_C3_(46777.1uV>200.0uV); extreme_ptp_amplitude_CZ_(74886.6uV>200.0uV); extreme_ptp_amplitude_C4_(7186.7uV>200.0uV); statistical_variance_outlier_(z=120454.81),74886.61152090854,12359521.987650758,120454.81181765387,20922.859277110852,46777.08151339186,74886.61152090854,7186.670730405818,2610676.576457181,13057154.123336801,33461786.68033866,308470.57047038863,Left,0
cellula_MI_data_1046.csv,False,extreme_ptp_amplitude_FZ_(4774.4uV>200.0uV); extreme_ptp_amplitude_C3_(4486.3uV>200.0uV); extreme_ptp_amplitude_CZ_(8712.4uV>200.0uV); extreme_ptp_amplitude_C4_(550.9uV>200.0uV); statistical_variance_outlier_(z=1123.47),8712.435708289931,115350.34102181699,1123.4725602854446,4774.379933408202,4486.274503167757,8712.435708289931,550.8606382541132,88296.03586385249,77937.3114823056,294003.1816572724,1164.8350838374224,Right,1
cellula_MI_data_1047.csv,True,CLEAN,79.89803420537743,58.67428042619767,-0.156656498051357,42.455494029928886,43.6866342513615,79.89803420537743,10.523934397841984,39.660429825117646,46.481682186728946,144.97359008347783,3.5814196094662387,Left,0
cellula_MI_data_1048.csv,True,CLEAN,62.859234382609635,49.28661688209063,-0.2481483927704491,34.55769577352168,37.58068082077014,62.859234382609635,11.731648012222077,35.98810198244499,38.206819784330754,119.05931615052891,3.8922296110578594,Left,0
cellula_MI_data_1049.csv,True,CLEAN,77.17394679798144,54.995325789994446,-0.19251148248602104,35.42570883688296,45.76480879266733,77.17394679798144,10.832761656109907,40.079691801249474,42.229945246813834,134.17408257570156,3.4975835362129155,Right,1
cellula_MI_data_1050.csv,False,extreme_ptp_amplitude_FZ_(8694.9uV>200.0uV); extreme_ptp_amplitude_C3_(16900.4uV>200.0uV); extreme_ptp_amplitude_CZ_(27361.6uV>200.0uV); extreme_ptp_amplitude_C4_(1766.9uV>200.0uV); statistical_variance_outlier_(z=11559.80),27361.60723777003,1186185.4392742151,11559.800152396248,8694.861705100902,16900.37486149492,27361.60723777003,1766.9008962321186,322308.32024086977,1217594.3117332687,3191532.8899146644,13306.235208058026,Right,1
cellula_MI_data_1051.csv,True,CLEAN,57.60441009452033,49.8601203535037,-0.2425590446881462,40.65839054773984,32.47837960963574,57.60441009452033,17.80467994910358,41.24951105548969,36.92445539991212,115.9520879375021,5.31442702111089,Right,1
cellula_MI_data_1052.csv,True,CLEAN,76.14872893770476,53.27259984886258,-0.20930111919331715,48.16730320274346,40.24064885062337,76.14872893770476,12.50372230284073,46.37201978722785,37.16177838138215,124.79012072571315,4.766480501127203,Right,1
cellula_MI_data_1053.csv,True,CLEAN,58.79924016173463,48.15629730369292,-0.25916445436871643,32.96698763900165,33.443428183129114,58.79924016173463,11.121771065612101,36.85531816331182,36.945947175619146,114.1842279341604,4.63969594168028,Left,0
cellula_MI_data_1054.csv,True,CLEAN,87.37684743102132,57.62189281872926,-0.16691303693707563,30.997448067548664,50.21324208834046,87.37684743102132,12.674889829797763,36.97105605760113,45.401533202291795,144.14446077329552,3.970521241728582,Right,1
cellula_MI_data_1055.csv,False,extreme_ptp_amplitude_FZ_(229.9uV>200.0uV),229.8887125351109,149.6801285125292,0.7302838394262288,229.8887125351109,47.1886840918786,169.04146449565468,96.39880221007832,278.54873358839257,41.70653387176517,232.4473822498109,46.0178643401482,Left,0
cellula_MI_data_1056.csv,True,CLEAN,70.1857054748225,60.76092597064529,-0.1363201115190014,39.089056301388815,40.20741505500692,70.1857054748225,12.659411734073455,43.42310730861314,46.574410110499436,148.87007459299477,4.17611187047383,Left,0
cellula_MI_data_1057.csv,False,extreme_ptp_amplitude_FZ_(240.6uV>200.0uV),240.5721312781711,161.47405499451247,0.845227102459093,240.5721312781711,154.88390287103863,113.71458129047822,172.44749593326645,264.8994067922251,118.3013804391188,138.17827425711317,124.51715848959284,Left,0
cellula_MI_data_1058.csv,True,CLEAN,58.09787966843801,51.468669190219956,-0.22688217470575914,42.2866069521356,33.77158014411287,58.09787966843801,16.226724173876963,44.429031104460286,36.64069861163571,119.27672769890087,5.52821934588298,Left,0
cellula_MI_data_1059.csv,True,CLEAN,74.64171243432266,67.23492700244617,-0.0732246865466569,45.84081137801998,40.38464965879828,74.64171243432266,14.376756392692604,60.13325034822384,46.829387697538046,154.86551885851543,7.111551105507353,Right,1
cellula_MI_data_1060.csv,False,extreme_ptp_amplitude_FZ_(365.5uV>200.0uV); extreme_ptp_amplitude_C3_(273.0uV>200.0uV); extreme_ptp_amplitude_CZ_(548.8uV>200.0uV); statistical_variance_outlier_(z=4.95),548.7972222246988,582.8293289800514,4.951743296365366,365.4842588000831,273.0257509145696,548.7972222246988,90.6515382774392,593.5128265908293,343.787643915845,1354.467190617835,39.549654795696235,Left,0
cellula_MI_data_1061.csv,True,CLEAN,66.08986726092446,71.65949364383209,-0.03010298928627714,41.17220482562822,37.34854208285916,66.08986726092446,14.955151972326073,67.49096243153954,49.9006095571001,159.5093618382978,9.737040748390955,Left,0
cellula_MI_data_1062.csv,True,CLEAN,174.0041387477512,85.65277920514158,0.10627516309788981,174.0041387477512,87.53624980691114,58.574643524739585,87.624244111305,147.70306439305492,51.3680004978626,110.77648397049751,32.763567959151295,Right,1
cellula_MI_data_1063.csv,False,extreme_ptp_amplitude_C3_(216.4uV>200.0uV); extreme_ptp_amplitude_CZ_(293.3uV>200.0uV),293.27180334905313,204.60342486431097,1.2655646815477062,43.15868396771437,216.38529884303222,293.27180334905313,65.52574738998887,60.59967760418943,238.06247204378334,498.4439799295377,21.30756987973338,Right,1
cellula_MI_data_1064.csv,True,CLEAN,61.00744293603766,70.31319615999521,-0.04322396524297336,41.88213791858527,33.205479972366106,61.00744293603766,12.928468787771832,66.6727571700992,46.48655370588165,161.96072301670173,6.132750747298244,Left,0
cellula_MI_data_1065.csv,False,extreme_ptp_amplitude_CZ_(204.0uV>200.0uV),204.0366914779999,148.2524939634634,0.716370154807391,39.02294022135469,150.05646371782856,204.0366914779999,48.96651572054492,56.732346967946214,160.22249967104528,360.2354782467395,15.81965096812257,Right,1
cellula_MI_data_1066.csv,False,extreme_ptp_amplitude_FZ_(12503.5uV>200.0uV); extreme_ptp_amplitude_C3_(15274.7uV>200.0uV); extreme_ptp_amplitude_CZ_(26758.4uV>200.0uV); extreme_ptp_amplitude_C4_(1019.9uV>200.0uV); statistical_variance_outlier_(z=11113.11),26758.397833028335,1140352.5344349884,11113.114000456662,12503.4943128481,15274.68147609461,26758.397833028335,1019.8524714658834,644143.7388589041,961699.2446489313,2951296.934452278,4270.219779840368,Left,0
cellula_MI_data_1067.csv,True,CLEAN,63.14163815296621,56.9266338546915,-0.17368901049443408,43.34873325959637,35.91049518932134,63.14163815296621,16.226400660805865,66.42751561888677,33.51470787689217,118.27524560252279,9.48906632046429,Left,0
cellula_MI_data_1068.csv,True,CLEAN,63.91135801211706,72.12150159703657,-0.025600273268029817,57.10823169533134,33.165448748215866,63.91135801211706,19.600185092140745,83.94765045289805,42.30843659362058,150.40859393137637,11.821325410251283,Left,0
cellula_MI_data_1069.csv,True,CLEAN,75.45330818549337,59.7800695302363,-0.14587950973974143,46.82241530445832,42.69084741670838,75.45330818549337,17.96532890199382,68.20708923635426,36.4027485405167,124.25071503956036,10.25972530451386,Right,1
cellula_MI_data_1070.csv,False,extreme_ptp_amplitude_FZ_(278.3uV>200.0uV),278.30752352621107,205.13459351256398,1.2707414356799476,278.30752352621107,37.07199098472482,163.0181504012803,126.19927961788599,470.04198155408193,34.35116584095315,221.2288540743461,94.9163725808747,Left,0
cellula_MI_data_1071.csv,True,CLEAN,196.79541124597833,106.12995060041517,0.30584507744758244,42.00847051150565,148.5489848801247,196.79541124597833,59.78896135277466,41.55521580769949,116.18188206386718,250.5502125002618,16.232492029832194,Right,1
cellula_MI_data_1072.csv,True,CLEAN,24.936413422437134,6.647423760283394,-0.6637087235895378,24.936413422437134,20.59694056023752,14.305762665280131,24.722069704926007,4.625789764614057,10.056651176327922,1.5956479395124468,10.311606160679151,Left,0
cellula_MI_data_1073.csv,False,extreme_ptp_amplitude_FZ_(1866.7uV>200.0uV); extreme_ptp_amplitude_C3_(12687.1uV>200.0uV); extreme_ptp_amplitude_CZ_(308.4uV>200.0uV); extreme_ptp_amplitude_C4_(10512.0uV>200.0uV); statistical_variance_outlier_(z=2715.59),12687.087195104594,278712.05038811755,2715.591008528594,1866.723057298306,12687.087195104594,308.3852391950984,10512.02122588544,14127.069405496914,652441.3495281747,385.4899721594518,447894.292646639,Left,0
cellula_MI_data_1074.csv,False,extreme_ptp_amplitude_FZ_(322.7uV>200.0uV); extreme_ptp_amplitude_C3_(1992.0uV>200.0uV); extreme_ptp_amplitude_C4_(1750.8uV>200.0uV); statistical_variance_outlier_(z=63.48),1991.9971187148633,6588.056010164274,63.47850713890691,322.7131460036756,1991.9971187148633,81.62316223705062,1750.8141311674135,384.0916893705636,14636.069678407843,24.636828368918025,11307.425844509773,Left,0
cellula_MI_data_1075.csv,False,flatline_dead_channel_FZ_(var=4.1271e-01); flatline_dead_channel_CZ_(var=6.6276e-02),23.68805312528533,4.783365755398409,-0.6818757784623422,4.898969927347996,23.68805312528533,2.1359661128895633,19.911100578724767,0.4127148331253617,10.844234768346091,0.06627560390472771,7.810237816217454,Right,1
cellula_MI_data_1076.csv,False,flatline_dead_channel_FZ_(var=4.6286e-01); flatline_dead_channel_CZ_(var=5.7883e-02),19.74703465939091,4.38834282738322,-0.6857256603814997,5.899964668907364,19.74703465939091,1.6333638951650429,17.916710788454004,0.46285798400040956,10.0312612708138,0.057882813504118134,7.001369241214553,Right,1
cellula_MI_data_1077.csv,False,flatline_dead_channel_CZ_(var=1.0295e-01),98.09891665315217,19.4839554447746,-0.538604260703989,19.157285712154312,98.09891665315217,4.264944019080643,75.17274370070392,1.8597957214892478,47.3565185630232,0.10294876559064844,28.616558728995315,Right,1
cellula_MI_data_1078.csv,False,extreme_ptp_amplitude_FZ_(285.4uV>200.0uV); extreme_ptp_amplitude_C3_(1557.6uV>200.0uV); extreme_ptp_amplitude_C4_(1349.0uV>200.0uV); statistical_variance_outlier_(z=37.42),1557.6256640141314,3913.790055091502,37.41518924699543,285.36427266511004,1557.6256640141314,76.78051711593768,1349.041908464959,293.9634503953414,8765.131715986094,21.280962462886766,6574.784091521685,Right,1
cellula_MI_data_1079.csv,False,flatline_dead_channel_FZ_(var=4.4718e-01); flatline_dead_channel_CZ_(var=7.1919e-02),31.627078548580457,5.185393103982335,-0.677957631664897,5.6189937016127365,31.627078548580457,2.1044037188422156,27.313554331717118,0.44718273760895444,11.752773304694838,0.07191920983366135,8.469697163791885,Left,0
cellula_MI_data_1080.csv,False,extreme_ptp_amplitude_FZ_(331.0uV>200.0uV); extreme_ptp_amplitude_C3_(2130.7uV>200.0uV); extreme_ptp_amplitude_C4_(1629.5uV>200.0uV); statistical_variance_outlier_(z=71.84),2130.728469006019,7445.884623637461,71.83887975155567,330.99625070310975,2130.728469006019,170.4580393849605,1629.5426802436994,444.52759733583156,18434.126465130208,117.43518440367917,10787.449247680124,Right,1
cellula_MI_data_1081.csv,True,CLEAN,172.44647576957286,108.94610593167494,0.33329124505570545,46.49116024008758,80.17207854619312,172.44647576957286,48.41160841917372,42.22242199279174,83.63703098802571,292.2024841775252,17.72248656835712,Left,0
cellula_MI_data_1082.csv,False,extreme_ptp_amplitude_FZ_(227.1uV>200.0uV); extreme_ptp_amplitude_CZ_(269.5uV>200.0uV),269.4741537584314,185.93219760066603,1.0835954459593706,227.06744997624637,132.86963556438502,269.4741537584314,90.75332589938574,224.11906967704104,106.84805925934927,376.42607767622593,36.335583790047856,Right,1
cellula_MI_data_1083.csv,True,CLEAN,75.55192637863495,56.202187665808616,-0.18074944189267347,46.98918780627511,46.6002528970497,75.55192637863495,17.134138553752532,44.225284149215405,46.63538528009031,126.85092104203136,7.097160191897399,Right,1
cellula_MI_data_1084.csv,False,extreme_ptp_amplitude_FZ_(689.0uV>200.0uV); extreme_ptp_amplitude_C3_(7817.8uV>200.0uV); extreme_ptp_amplitude_CZ_(10324.6uV>200.0uV); extreme_ptp_amplitude_C4_(1824.6uV>200.0uV); statistical_variance_outlier_(z=1735.25),10324.646134457305,178123.06249953932,1735.2536704292845,688.9504721171822,7817.8102068021935,10324.646134457305,1824.61048996258,1989.4545013539803,253845.1475641094,442848.9865768163,13808.661355877688,Right,1
cellula_MI_data_1085.csv,True,CLEAN,143.1429276783269,79.15239162785493,0.042922575623902316,96.48468194101554,75.47725926102237,143.1429276783269,29.215847362003654,68.21820250696604,59.11665038225936,183.42676776168727,5.847945860507034,Left,0
cellula_MI_data_1086.csv,True,CLEAN,73.27275331572855,51.44019482119674,-0.22715968507461973,48.18525321066583,41.837193940665955,73.27275331572855,14.967360656772065,38.373672171189476,43.22241902298809,120.59656089972127,3.5681271908881014,Right,1
cellula_MI_data_1087.csv,False,extreme_ptp_amplitude_CZ_(203.1uV>200.0uV),203.125245983127,120.89371881796902,0.4497323312963247,68.58515242296622,136.06875339246494,203.125245983127,10.432667133522948,55.16238764749703,124.78887052576705,300.6170097778586,3.006607320753404,Right,1
cellula_MI_data_1088.csv,True,CLEAN,66.48949874481397,51.753876028557535,-0.22410255718924438,39.20542364047026,41.772840628818585,66.48949874481397,14.169824259931206,39.98958696325162,44.12688013479947,117.46949811638775,5.429538899791299,Left,0
cellula_MI_data_1089.csv,True,CLEAN,55.09256936996509,46.039875284619015,-0.2797910415531101,30.56031818616922,35.657770164096945,55.09256936996509,12.909302144042243,34.918045538853576,40.12327340822274,103.75861566462437,5.359566526775387,Left,0
cellula_MI_data_1090.csv,True,CLEAN,150.2534155922949,89.38529568103361,0.14265215965780145,117.41810057459908,71.1164446679761,150.2534155922949,38.44443044953269,75.2715295330148,66.28586644195438,208.70616181487088,7.277624934294357,Left,0
cellula_MI_data_1091.csv,False,extreme_ptp_amplitude_FZ_(10522.7uV>200.0uV); extreme_ptp_amplitude_C3_(14890.8uV>200.0uV); extreme_ptp_amplitude_CZ_(24303.1uV>200.0uV); extreme_ptp_amplitude_C4_(1110.4uV>200.0uV); statistical_variance_outlier_(z=9363.78),24303.149544749715,960859.1617245296,9363.776832412455,10522.668764882139,14890.784644541367,24303.149544749715,1110.4169135368074,460480.853098732,921933.3637070025,2455889.6616902966,5132.768402086889,Left,0
cellula_MI_data_1092.csv,True,CLEAN,152.01846412823028,87.09501834195284,0.12033118360234438,30.312670029440508,114.68674810301867,152.01846412823028,30.71734445314113,34.60559820871075,95.48109803477624,212.1504168814233,6.142960242901106,Right,1
cellula_MI_data_1093.csv,True,CLEAN,82.70797704113524,58.59900357217323,-0.1573901440720979,35.81833399338723,53.71592847950212,82.70797704113524,10.13948168326639,35.27817484489931,52.76974873941983,144.04289021997872,2.3052004843950833,Right,1
cellula_MI_data_1094.csv,True,CLEAN,195.2013487161264,118.12013755674151,0.4227010893312921,88.24098770671907,119.65955923344093,195.2013487161264,12.583069095060885,67.3631217732432,106.30134930263009,296.6149763991744,2.2011027519183766,Right,1
cellula_MI_data_1095.csv,True,CLEAN,71.81805179166679,59.471126256196534,-0.148890461865349,36.06660123833475,45.76447156710751,71.81805179166679,12.041591389501884,37.40004945425333,53.56334741041128,143.39637814955717,3.524730010564341,Left,0
cellula_MI_data_1096.csv,False,extreme_ptp_amplitude_CZ_(317.6uV>200.0uV),317.55694406464306,209.24066931668435,1.3107591305423731,173.14853873904627,182.78642073589248,317.55694406464306,39.77572434471281,149.55178229991137,171.95079006968533,506.3290555587426,9.131049338398132,Right,1
cellula_MI_data_1097.csv,True,CLEAN,89.8795121953647,64.2258740876739,-0.1025508283698094,37.237790220652585,63.1201702024108,89.8795121953647,22.906342682404293,38.92531718232429,60.40470450644961,152.30502793266675,5.268446729254957,Right,1
cellula_MI_data_1098.csv,False,extreme_ptp_amplitude_CZ_(284.3uV>200.0uV),284.3429735632084,182.100556925949,1.0462523878527918,170.31581885537722,162.18004984840474,284.3429735632084,48.781138274661174,146.07075462208172,142.63068277918072,427.3364278212883,12.364362481245392,Right,1
cellula_MI_data_1099.csv,False,extreme_ptp_amplitude_FZ_(2725.7uV>200.0uV); extreme_ptp_amplitude_C3_(3846.4uV>200.0uV); extreme_ptp_amplitude_CZ_(5500.6uV>200.0uV); extreme_ptp_amplitude_C4_(12068.5uV>200.0uV); statistical_variance_outlier_(z=1987.52),12068.521041195881,204007.68908965273,1987.5244851744812,2725.7173540161543,3846.386294707651,5500.632916046299,12068.521041195881,30585.762606524007,60925.62578416549,124606.24178508495,599913.1261828365,Left,0
cellula_MI_data_1100.csv,True,CLEAN,139.48027457765255,69.85341925062019,-0.047704937573220044,55.113760016784376,136.22619831685708,53.52071967570211,139.48027457765255,19.38118490576889,99.59187617208623,22.507972523223447,137.93264340140217,Left,0
cellula_MI_data_1101.csv,False,extreme_ptp_amplitude_FZ_(1967.6uV>200.0uV); extreme_ptp_amplitude_C3_(4370.5uV>200.0uV); extreme_ptp_amplitude_CZ_(5124.0uV>200.0uV); extreme_ptp_amplitude_C4_(11457.9uV>200.0uV); statistical_variance_outlier_(z=1776.46),11457.886632463573,182350.63565910648,1776.4554749693693,1967.5736384108404,4370.457777318588,5124.001458910856,11457.886632463573,15643.016093499175,77089.6337985004,106120.32833058479,530549.5644138416,Left,0
cellula_MI_data_1102.csv,True,CLEAN,82.43715299541107,37.82236777021419,-0.35987862978300844,40.37801535123127,35.375110782532666,40.24028840991105,82.43715299541107,15.863116702306908,33.88597158601651,16.998545497557245,84.5418372949761,Right,1
cellula_MI_data_1103.csv,False,extreme_ptp_amplitude_FZ_(4232.9uV>200.0uV); extreme_ptp_amplitude_C3_(5941.2uV>200.0uV); extreme_ptp_amplitude_C4_(1788.4uV>200.0uV); statistical_variance_outlier_(z=559.65),5941.24290798835,57498.75109561815,559.6526545132103,4232.9458401339525,5941.24290798835,79.61611150307772,1788.42569061909,73312.97219484032,143826.91294718813,32.76566381017991,12822.35357663396,Right,1
cellula_MI_data_1104.csv,True,CLEAN,54.020384507332764,31.715270350707755,-0.41939822286594,25.403453362537128,40.874421729966464,23.63792012368637,54.020384507332764,11.522212850819114,36.47590970202857,12.377648385155524,66.4853104648278,Right,1
cellula_MI_data_1105.csv,True,CLEAN,157.43606306389466,60.70379301839709,-0.13687692760295278,20.3697399195403,92.0648371358065,70.02688998389176,157.43606306389466,10.675001551329709,60.57348985675913,27.932938505822165,143.63374215967738,Left,0
cellula_MI_data_1106.csv,False,extreme_ptp_amplitude_FZ_(3085.4uV>200.0uV); extreme_ptp_amplitude_C3_(2075.9uV>200.0uV); extreme_ptp_amplitude_CZ_(1534.1uV>200.0uV); extreme_ptp_amplitude_C4_(2552.6uV>200.0uV); statistical_variance_outlier_(z=219.39),3085.43146789529,22585.809498418173,219.39214539537232,3085.43146789529,2075.901216993484,1534.0660897327539,2552.6222533880655,38078.91171984146,17360.33107578747,9294.581341039837,25609.41385700393,Left,0
cellula_MI_data_1107.csv,True,CLEAN,51.44264951427606,33.19875058681721,-0.4049402678122376,26.88103087089691,42.63036288900886,22.15316056045549,51.44264951427606,11.247328852156757,36.498838247475604,13.856158282584689,71.1926769650518,Left,0
cellula_MI_data_1108.csv,False,extreme_ptp_amplitude_FZ_(3393.0uV>200.0uV); extreme_ptp_amplitude_CZ_(2939.4uV>200.0uV); extreme_ptp_amplitude_C4_(489.4uV>200.0uV); statistical_variance_outlier_(z=201.26),3392.978661794459,20725.70224802639,201.26359446047059,3392.978661794459,36.92456760630296,2939.3589751861996,489.4215557100765,46796.53145573703,6.41099631933128,35126.745211994916,973.1213280542869,Right,1
cellula_MI_data_1109.csv,False,flatline_dead_channel_C4_(var=1.7956e-01),19.706290060255746,4.830305997195518,-0.6814183002367525,18.341398455416087,8.257233738058984,19.706290060255746,3.2480369768986366,7.632554045200019,1.4423812686128987,10.066727186788095,0.1795614881810614,Right,1
cellula_MI_data_1110.csv,False,flatline_dead_channel_C4_(var=4.6998e-01),55.06029176848848,8.34720470206941,-0.6471427081757208,49.29399760646627,15.068240676194737,55.06029176848848,9.065524965775477,14.578897080943245,1.61867649332149,16.72126638990559,0.46997884410731466,Left,0
cellula_MI_data_1111.csv,False,flatline_dead_channel_C4_(var=1.9619e-01),26.1913380127561,5.372838807751846,-0.6761307913106118,22.51326695534525,9.01432208455396,26.1913380127561,3.8085647205809385,7.576998056962446,1.7606474142194828,11.957519280215323,0.19619047961013056,Left,0
cellula_MI_data_1112.csv,False,flatline_dead_channel_C4_(var=1.6429e-01),39.97155846989571,7.258337331660768,-0.6577547777656049,29.411430819350873,16.252796563480995,39.97155846989571,4.364338274231976,9.056201008507344,2.7676364593017517,17.04521849339758,0.16429336543639755,Right,1
cellula_MI_data_1113.csv,False,flatline_dead_channel_C4_(var=3.6088e-01),54.06633716851955,10.331277718489599,-0.6278059905057252,48.2903687321495,15.284634180506956,54.06633716851955,7.01461875257419,15.742383782616935,2.523975854424136,22.69786700898966,0.3608842279276636,Right,1
cellula_MI_data_1114.csv,False,flatline_dead_channel_C4_(var=1.3467e-01),30.20818251588613,5.2284731637380295,-0.6775377746607403,18.072227145484494,15.487033567260426,30.20818251588613,2.6075044260587887,7.203753215730403,1.9553672192808524,11.620098701691647,0.13467351824921592,Left,0
cellula_MI_data_1115.csv,False,flatline_dead_channel_C4_(var=1.2199e-01),16.83770274201292,4.259721033426753,-0.6869792046287936,15.30004018073884,8.346528018357313,16.83770274201292,2.3223852295418217,6.4832455617110885,1.3180439593872573,9.115606930928156,0.12198768168051165,Right,1
cellula_MI_data_1116.csv,False,flatline_dead_channel_C4_(var=1.6638e-01),22.710434868551385,5.570976482623726,-0.6741997473182392,18.906214369409565,20.206899385286082,22.710434868551385,4.803121465874586,7.164189939074817,2.9726045149201235,11.980732385405394,0.16637909109456833,Left,0
cellula_MI_data_1117.csv,False,extreme_ptp_amplitude_FZ_(6850.7uV>200.0uV); extreme_ptp_amplitude_C3_(28235.4uV>200.0uV); extreme_ptp_amplitude_CZ_(11276.1uV>200.0uV); extreme_ptp_amplitude_C4_(32660.8uV>200.0uV); statistical_variance_outlier_(z=20099.93),32660.807435914296,2062458.5567738814,20099.932362585725,6850.680595873346,28235.353376903084,11276.13465488455,32660.807435914296,189629.55483606324,3226035.349470372,514951.4119705704,4319217.91081852,Right,1
cellula_MI_data_1118.csv,False,extreme_ptp_amplitude_C4_(325.5uV>200.0uV),325.5472983117694,180.41910397394275,1.02986499649207,61.50276317545409,142.30844608093304,131.58168427308703,325.5472983117694,29.502916298760283,125.50572118604612,78.54771163196413,488.1200667790004,Right,1
cellula_MI_data_1119.csv,True,CLEAN,78.64505147440187,60.81616237313355,-0.13578177915361855,40.001610107804765,46.88453503190891,32.69328258500541,78.64505147440187,22.259666336686607,61.92479375492012,22.26723418574515,136.8129552151823,Right,1
cellula_MI_data_1120.csv,False,extreme_ptp_amplitude_C3_(201.5uV>200.0uV); extreme_ptp_amplitude_C4_(285.0uV>200.0uV),284.9989196163761,153.70199810514015,0.7694808630106611,40.567810840204146,201.4713872957837,116.87863851537821,284.9989196163761,18.654583524139074,179.07872969783168,60.539077504028846,356.535601694561,Right,1
cellula_MI_data_1121.csv,True,CLEAN,179.23012838196075,84.82805932925899,0.09823746727480519,88.03768683056785,47.638158819920235,85.81044816448883,179.23012838196075,40.15570739960559,51.794263237753924,43.01688022497796,204.34538645469848,Right,1
cellula_MI_data_1122.csv,True,CLEAN,67.34073135260867,53.900938980770974,-0.20317734436539042,31.530237646255507,40.7007420763292,29.86027283058577,67.34073135260867,20.898632874282914,55.68540156538054,21.309621394856716,117.7101000885637,Right,1
cellula_MI_data_1123.csv,True,CLEAN,176.79725556125024,79.03448096546438,0.04177342175201415,51.09195761646792,64.21091111271039,83.65748472216569,176.79725556125024,23.140262639005808,61.11747645608546,39.55649556073249,192.3236892060338,Left,0
cellula_MI_data_1124.csv,True,CLEAN,80.58702413478566,48.063319765711675,-0.2600706107383234,27.947866339512274,62.861316334162126,35.02907823719876,80.58702413478566,16.109251763533756,54.922191708288295,19.02708705316377,102.19474853786087,Left,0
cellula_MI_data_1125.csv,True,CLEAN,65.81314306371448,46.15880324361175,-0.2786319731382487,26.795635371244696,44.68765216501526,28.603180041661716,65.81314306371448,17.568568401271076,55.34443495610545,17.4918963370534,94.23031328001707,Right,1
cellula_MI_data_1126.csv,False,extreme_ptp_amplitude_C4_(217.4uV>200.0uV),217.36319644911572,134.02743166446658,0.5777331131071348,75.7638931046236,192.95426115298932,83.3339152884018,217.36319644911572,40.02739189437406,192.85020392886102,40.131836254779586,263.10029457985155,Right,1
cellula_MI_data_1127.csv,True,CLEAN,62.382925032740545,44.386827021596716,-0.2959016016445987,26.641350980940384,48.90882115915428,24.99987818624204,62.382925032740545,15.616122868366546,66.13229706378888,12.306690440476727,83.49219771375472,Right,1
cellula_MI_data_1128.csv,False,extreme_ptp_amplitude_FZ_(3658.8uV>200.0uV); extreme_ptp_amplitude_C3_(8215.4uV>200.0uV); extreme_ptp_amplitude_CZ_(1999.8uV>200.0uV); extreme_ptp_amplitude_C4_(6556.3uV>200.0uV); statistical_variance_outlier_(z=1238.64),8215.3682172205,127167.11607874796,1238.6385048624197,3658.817250074114,8215.3682172205,1999.761955022158,6556.312922168534,53234.037150914315,268463.58345705987,15915.982868335643,171054.86083868204,Right,1
cellula_MI_data_1129.csv,False,extreme_ptp_amplitude_FZ_(3710.8uV>200.0uV); extreme_ptp_amplitude_C3_(3503.0uV>200.0uV); extreme_ptp_amplitude_CZ_(938.6uV>200.0uV); extreme_ptp_amplitude_C4_(1153.5uV>200.0uV); statistical_variance_outlier_(z=278.51),3710.7576975846396,28651.6772389675,278.50991523136673,3710.7576975846396,3503.0019901702008,938.6402172396852,1153.4966015809466,55834.04528118164,49918.77431539528,3539.757299635052,5314.132059658023,Right,1
cellula_MI_data_1130.csv,False,extreme_ptp_amplitude_FZ_(6943.3uV>200.0uV); extreme_ptp_amplitude_C3_(937.0uV>200.0uV); extreme_ptp_amplitude_CZ_(4806.1uV>200.0uV); extreme_ptp_amplitude_C4_(10819.5uV>200.0uV); statistical_variance_outlier_(z=1777.75),10819.46950015413,182483.9223650829,1777.7544833129632,6943.2532609968075,936.9623241704589,4806.074583558783,10819.46950015413,186326.345084963,3474.526137839612,89027.3394531908,451107.4787843381,Left,0
cellula_MI_data_1131.csv,False,extreme_ptp_amplitude_FZ_(1251.6uV>200.0uV); extreme_ptp_amplitude_C3_(5318.0uV>200.0uV); extreme_ptp_amplitude_CZ_(3245.1uV>200.0uV); extreme_ptp_amplitude_C4_(7318.5uV>200.0uV); statistical_variance_outlier_(z=929.03),7318.526230027565,95399.57684057413,929.0329952691282,1251.6389302927873,5318.0350384261155,3245.0590713511456,7318.526230027565,6310.067856249971,114903.38828621998,42785.20288754589,217599.64833228063,Left,0
cellula_MI_data_1132.csv,True,CLEAN,101.8935391263632,51.57134573489091,-0.2258814921002292,29.707365866520007,64.90590015113642,43.41214071099137,101.8935391263632,22.83770345791201,70.61327176275874,17.768225262078758,95.06618245681415,Right,1
cellula_MI_data_1133.csv,True,CLEAN,99.34790125337116,70.73614545875208,-0.039101913730201825,52.32817562725418,87.48148613282208,43.81622815758931,99.34790125337116,29.950553575991485,88.97111788670227,26.280330955968147,137.74257941634642,Left,0
cellula_MI_data_1134.csv,True,CLEAN,157.55182155813276,149.3851322367682,0.7274088143385015,67.99514465634887,50.73143735070994,67.0013889499477,157.55182155813276,87.1196485857783,70.92955251905244,69.8195150968389,369.6718127454031,Right,1
cellula_MI_data_1135.csv,False,extreme_ptp_amplitude_FZ_(8495.9uV>200.0uV); extreme_ptp_amplitude_C3_(32328.6uV>200.0uV); extreme_ptp_amplitude_CZ_(31134.0uV>200.0uV); extreme_ptp_amplitude_C4_(71955.1uV>200.0uV); statistical_variance_outlier_(z=71810.45),71955.06761839958,7368293.906102132,71810.44871170491,8495.91369104213,32328.564085727143,31133.992375275284,71955.06761839958,292256.8943538393,4242005.648527405,3932578.071550343,21006335.00997694,Right,1
cellula_MI_data_1136.csv,False,extreme_ptp_amplitude_FZ_(2344.7uV>200.0uV); extreme_ptp_amplitude_C3_(5461.6uV>200.0uV); extreme_ptp_amplitude_CZ_(1837.7uV>200.0uV); extreme_ptp_amplitude_C4_(4955.1uV>200.0uV); statistical_variance_outlier_(z=568.79),5461.640251215963,58436.258696226374,568.7895762073246,2344.7285304835214,5461.640251215963,1837.6717940232447,4955.059339256748,20268.474971432206,110144.18530906957,12499.505496833024,90832.86900757071,Left,0
cellula_MI_data_1137.csv,True,CLEAN,107.76504263314344,69.61824171475907,-0.04999697096898533,25.630820210100854,64.64096718099883,45.42586634684744,107.76504263314344,16.19398558923652,76.5760205547872,27.767368317845992,157.93559239716654,Left,0
cellula_MI_data_1138.csv,True,CLEAN,111.8952054342342,78.16860561843096,0.03333462590910511,79.40078444895693,64.42378303717302,53.56996720049722,111.8952054342342,38.711122303477126,77.21533543945706,32.009279200948505,164.73868552984115,Right,1
cellula_MI_data_1139.csv,True,CLEAN,128.0505235161936,85.66996718404755,0.10644267663830485,74.57511170936931,55.305277234796925,60.4004833619504,128.0505235161936,35.35784527736085,75.43204917160674,37.95375057789002,193.9362237093326,Right,1
cellula_MI_data_1140.csv,True,CLEAN,140.8939709128116,91.19145005778859,0.16025488746201913,97.21918358269829,57.79103326179119,70.92498626878265,140.8939709128116,52.851400475889214,74.68200514555316,40.519736633177985,196.71265797653402,Right,1
cellula_MI_data_1141.csv,True,CLEAN,102.44267383968597,70.27511533856541,-0.043595099816416724,32.21135064809432,82.04669065111156,41.76685380925787,102.44267383968597,18.110206184734487,74.80974947495172,29.364818890742086,158.8156868038334,Left,0
cellula_MI_data_1142.csv,False,extreme_ptp_amplitude_FZ_(7401.2uV>200.0uV); extreme_ptp_amplitude_C3_(4010.7uV>200.0uV); extreme_ptp_amplitude_CZ_(3998.8uV>200.0uV); extreme_ptp_amplitude_C4_(7398.5uV>200.0uV); statistical_variance_outlier_(z=1429.88),7401.246972037651,146789.63722106398,1429.8790228082198,7401.246972037651,4010.6651506306425,3998.794258685581,7398.505236435811,227506.73765345835,66947.53068115165,66253.19749787953,226451.08305176636,Right,1
cellula_MI_data_1143.csv,False,extreme_ptp_amplitude_C4_(201.2uV>200.0uV),201.19426199481734,104.29359967228986,0.2879480549356482,54.76316537065614,75.76676318267124,92.16378968493501,201.19426199481734,26.584398352567113,78.73622533125685,51.533797288280816,260.31997771705466,Right,1
cellula_MI_data_1144.csv,True,CLEAN,98.96696953383045,69.37498005968078,-0.05236779195453138,35.86947692608627,52.36728437817842,43.294373598360856,98.96696953383045,18.540740377854902,74.76423682204742,27.32040637767364,156.87453666114718,Right,1
cellula_MI_data_1145.csv,False,extreme_ptp_amplitude_C3_(7256.1uV>200.0uV); extreme_ptp_amplitude_CZ_(4539.9uV>200.0uV); extreme_ptp_amplitude_C4_(11945.4uV>200.0uV); statistical_variance_outlier_(z=2140.58),11945.376743313343,219711.6761918109,2140.5750848119765,161.68407502240143,7256.111036972199,4539.889440934265,11945.376743313343,113.7008407018868,213968.03099205164,83930.33241230725,580834.6405221828,Left,0
cellula_MI_data_1146.csv,False,extreme_ptp_amplitude_FZ_(720.5uV>200.0uV); extreme_ptp_amplitude_C3_(3204.5uV>200.0uV); extreme_ptp_amplitude_CZ_(1488.2uV>200.0uV); extreme_ptp_amplitude_C4_(3977.9uV>200.0uV); statistical_variance_outlier_(z=230.96),3977.8785609691054,23772.56991335901,230.9582777381438,720.4584405845842,3204.5200644788692,1488.1864680895512,3977.8785609691054,1687.4587143139488,33834.74692380371,7317.13429595274,52250.93971936565,Right,1
cellula_MI_data_1147.csv,False,extreme_ptp_amplitude_C3_(235.7uV>200.0uV); extreme_ptp_amplitude_C4_(417.9uV>200.0uV),417.88664328941553,302.23900724747404,2.2171182158501854,24.202960441208415,235.74053450024834,169.52769617222228,417.88664328941553,15.884769491175286,274.64998553175025,129.71187608637277,788.7093978805979,Right,1
cellula_MI_data_1148.csv,True,CLEAN,102.73815841734155,66.3484693757818,-0.08186407668571061,37.13640418956325,58.27744712000665,44.184991846242724,102.73815841734155,18.66076105847352,68.47383883510264,26.62269224014181,151.6365853694092,Right,1
cellula_MI_data_1149.csv,True,CLEAN,87.52381770923174,63.755606030330966,-0.10713404712174053,32.713503645610366,66.86715395415852,35.41672306405941,87.52381770923174,18.77873209300773,78.45470783412219,22.92753616645998,134.86144802773396,Left,0
cellula_MI_data_1150.csv,True,CLEAN,76.81125656872524,63.79202893001529,-0.10677907060520632,24.729574122083115,57.21480161932193,33.18436066135605,76.81125656872524,16.74733625710014,74.3219064718628,24.884494200470332,139.2143787906279,Left,0
cellula_MI_data_1151.csv,False,extreme_ptp_amplitude_FZ_(259.9uV>200.0uV); extreme_ptp_amplitude_C3_(414.1uV>200.0uV); extreme_ptp_amplitude_C4_(238.1uV>200.0uV),414.1410571370802,379.3960487876783,2.9690884892058294,259.8696456339843,414.1410571370802,77.65923593932268,238.09523955852387,302.2058608083521,810.3146726216938,46.65846304388502,358.40519867678256,Right,1
cellula_MI_data_1152.csv,True,CLEAN,72.62080020560725,67.22900518709109,-0.0732824003861514,26.927781906476596,58.89636303732701,32.489227033983965,72.62080020560725,19.202396172491312,77.82982619159569,27.529471386968552,144.3543269973088,Left,0
cellula_MI_data_1153.csv,True,CLEAN,89.47790611729933,66.88559781634768,-0.07662923859165342,30.422853940285847,66.52501689531138,39.917521242275384,89.47790611729933,20.506035509528303,73.28302842966444,26.97021475166658,146.78311257453143,Left,0
cellula_MI_data_1154.csv,True,CLEAN,72.66044025373002,66.68909933552366,-0.0785443070467109,26.718592319121903,48.06452309729924,31.197751946407536,72.66044025373002,18.15469674197965,73.37887774398818,26.862170989752943,148.3606518663739,Left,0
cellula_MI_data_1155.csv,False,extreme_ptp_amplitude_C4_(274.9uV>200.0uV),274.91703077719114,151.30365218338943,0.7461066537048191,45.37591801789675,120.9212929972179,121.51726175373301,274.91703077719114,20.065148532416174,112.04067962480566,74.28734569075611,398.8214348855798,Right,1
cellula_MI_data_1156.csv,False,extreme_ptp_amplitude_FZ_(5008.0uV>200.0uV); extreme_ptp_amplitude_C3_(6823.8uV>200.0uV); extreme_ptp_amplitude_CZ_(724.0uV>200.0uV); extreme_ptp_amplitude_C4_(2548.4uV>200.0uV); statistical_variance_outlier_(z=775.69),6823.784436718177,79665.20327441732,775.6862500409878,5007.95247426354,6823.784436718177,723.9646133893907,2548.4124913452497,101459.83713803628,188803.73345794476,2118.078200644137,26279.16430104415,Left,0
cellula_MI_data_1157.csv,False,extreme_ptp_amplitude_FZ_(5301.6uV>200.0uV); extreme_ptp_amplitude_C3_(40912.4uV>200.0uV); extreme_ptp_amplitude_CZ_(26732.4uV>200.0uV); extreme_ptp_amplitude_C4_(62343.2uV>200.0uV); statistical_variance_outlier_(z=60387.25),62343.23204987583,6196199.249893028,60387.248425195896,5301.568825581726,40912.372639653215,26732.428235804317,62343.23204987583,110376.36685265882,6580578.197596099,2810209.9075078242,15283632.52761553,Left,0
cellula_MI_data_1158.csv,False,extreme_ptp_amplitude_FZ_(5921.3uV>200.0uV); extreme_ptp_amplitude_C3_(3070.3uV>200.0uV); extreme_ptp_amplitude_CZ_(3341.1uV>200.0uV); extreme_ptp_amplitude_C4_(6194.7uV>200.0uV); statistical_variance_outlier_(z=930.78),6194.6907216442705,95578.7857304649,930.7795598759204,5921.250901140381,3070.3426442437685,3341.057215981009,6194.6907216442705,142713.51127211467,38568.68265604447,45331.60990622209,155701.33908747835,Left,0
cellula_MI_data_1159.csv,True,CLEAN,89.03079131824754,74.9398657156012,0.0018674211166552687,49.94131154803914,82.24432402312586,37.33278110902411,89.03079131824754,23.46411015540529,85.96853718987603,31.01095660719481,159.31585890992866,Left,0
cellula_MI_data_1160.csv,False,extreme_ptp_amplitude_C3_(247.7uV>200.0uV); extreme_ptp_amplitude_C4_(391.4uV>200.0uV),391.3584040971301,301.000048051626,2.2050433557132414,37.944620404099,247.71082060548673,173.9443782228788,391.3584040971301,21.94514897676259,305.24484978605966,144.30285655083674,732.5073368928448,Right,1
cellula_MI_data_1161.csv,True,CLEAN,138.72705862279247,85.31734552186137,0.10300603621751972,69.05842806049404,49.56430858945237,66.74027734688222,138.72705862279247,27.841932765464914,75.20722690735667,39.809343384667265,198.4108790299566,Left,0
cellula_MI_data_1162.csv,False,extreme_ptp_amplitude_FZ_(3486.9uV>200.0uV); extreme_ptp_amplitude_C3_(3011.7uV>200.0uV); extreme_ptp_amplitude_CZ_(5877.8uV>200.0uV); extreme_ptp_amplitude_C4_(12373.7uV>200.0uV); statistical_variance_outlier_(z=2051.99),12373.700461529033,210622.71857816307,2051.994369366954,3486.877757576168,3011.6779689752634,5877.769089420303,12373.700461529033,49200.377962261475,36439.905282268104,139350.945142415,617499.6459257078,Left,0
cellula_MI_data_1163.csv,True,CLEAN,104.49328587877295,91.82518384941662,0.16643123848601377,104.49328587877295,95.604854642966,54.46198970220354,104.32214403651487,56.380081487753706,89.02454957296287,39.554175969043285,182.34192836790658,Left,0
cellula_MI_data_1164.csv,False,extreme_ptp_amplitude_FZ_(4452.3uV>200.0uV); extreme_ptp_amplitude_C3_(589.4uV>200.0uV); extreme_ptp_amplitude_CZ_(4937.2uV>200.0uV); extreme_ptp_amplitude_C4_(9973.2uV>200.0uV); statistical_variance_outlier_(z=1420.54),9973.201683971063,145831.9020159379,1420.5449634712543,4452.3226169192,589.4218873872585,4937.241263735916,9973.201683971063,80620.77324781177,1390.94717450348,98711.35652450654,402604.53111692984,Right,1
cellula_MI_data_1165.csv,False,extreme_ptp_amplitude_FZ_(5806.7uV>200.0uV); extreme_ptp_amplitude_C3_(29641.9uV>200.0uV); extreme_ptp_amplitude_CZ_(18900.4uV>200.0uV); extreme_ptp_amplitude_C4_(42735.9uV>200.0uV); statistical_variance_outlier_(z=29687.95),42735.911930704504,3046251.5636257697,29687.950274111085,5806.703995830354,29641.945742569427,18900.367724585616,42735.911930704504,132677.36647919475,3458082.0397080514,1405957.5884190577,7188289.259896774,Right,1
cellula_MI_data_1166.csv,True,CLEAN,85.44762878671045,75.4525207011601,0.006863741633000925,36.10640039099904,71.41570924895686,38.60917545840304,85.44762878671045,21.50319671940816,77.63752849994701,34.062399485977096,168.60695809930814,Left,0
cellula_MI_data_1167.csv,False,extreme_ptp_amplitude_FZ_(2767.2uV>200.0uV); extreme_ptp_amplitude_C3_(8501.8uV>200.0uV); extreme_ptp_amplitude_CZ_(3954.4uV>200.0uV); extreme_ptp_amplitude_C4_(9693.8uV>200.0uV); statistical_variance_outlier_(z=1819.72),9693.758646630695,186789.38614745112,1819.7154075879466,2767.203641187354,8501.806679461264,3954.372818306267,9693.758646630695,30281.43614556292,285346.85747847974,61531.334915374326,369997.91605038755,Right,1
cellula_MI_data_1168.csv,True,CLEAN,188.92267980112717,127.62743761620638,0.5153589580348852,122.78610871605665,188.92267980112717,51.33775701270447,131.20135079374143,70.90372919458046,198.52614973129624,38.10908101889103,202.9707905200578,Right,1
cellula_MI_data_1169.csv,True,CLEAN,113.6027925594019,79.66805656062998,0.047948230997906294,30.371533784324928,65.29089364309742,51.44508529216361,113.6027925594019,18.98810154976527,75.31827632329744,38.38987813072149,185.97597023873573,Left,0
cellula_MI_data_1170.csv,True,CLEAN,104.07923225387101,77.27245599156944,0.024600777819200403,29.268872755275616,50.253108118965756,48.69738381680189,104.07923225387101,19.294327573356703,68.9403248951663,38.19448203072667,182.6606894670281,Left,0
cellula_MI_data_1171.csv,True,CLEAN,149.26533801109503,92.9971293210227,0.1778529848237389,37.876104023565425,81.0091076877201,66.83495413133548,149.26533801109503,23.87654147715773,88.37152648434616,44.56592615282198,215.17452316976488,Left,0
cellula_MI_data_1172.csv,True,CLEAN,140.45048154250964,92.8436183401085,0.17635687128728367,89.59908051769028,59.46374827598455,73.0563385829483,140.45048154250964,50.74963749883451,68.35489024415796,47.14239690362597,205.12754871381557,Right,1
cellula_MI_data_1173.csv,False,extreme_ptp_amplitude_FZ_(1286.9uV>200.0uV); extreme_ptp_amplitude_C3_(6447.6uV>200.0uV); extreme_ptp_amplitude_CZ_(6707.8uV>200.0uV); extreme_ptp_amplitude_C4_(14432.8uV>200.0uV); statistical_variance_outlier_(z=2810.57),14432.821588987417,288457.5394347189,2810.5702601441276,1286.9298960807,6447.558014835311,6707.782513182385,14432.821588987417,6405.751832293868,161611.9371142832,175130.96235061716,810681.5064416814,Right,1
cellula_MI_data_1174.csv,False,extreme_ptp_amplitude_C4_(209.6uV>200.0uV),209.5866012854067,122.08482123511885,0.46134078066580997,29.87640596475662,112.31599594548972,95.51114464803061,209.5866012854067,20.082772378146984,101.30424615851773,63.748780014465716,303.203486389345,Right,1
cellula_MI_data_1175.csv,True,CLEAN,130.73168392895107,85.12194185384209,0.10110163777608143,39.53378399028539,100.0341748489138,56.63078956972937,130.73168392895107,22.442728079069557,83.54662602958986,40.38196206718571,194.1164512395232,Right,1
cellula_MI_data_1176.csv,False,extreme_ptp_amplitude_FZ_(2890.2uV>200.0uV); extreme_ptp_amplitude_C3_(8442.5uV>200.0uV); extreme_ptp_amplitude_CZ_(4073.0uV>200.0uV); extreme_ptp_amplitude_C4_(9632.3uV>200.0uV); statistical_variance_outlier_(z=1867.41),9632.267389136843,191682.84454239233,1867.4069101837401,2890.1902212280456,8442.485653954453,4072.9982253501967,9632.267389136843,33723.03030934959,289148.66764120467,67326.87706964371,376532.80314937135,Left,0
cellula_MI_data_1177.csv,True,CLEAN,143.96334811675754,111.14448281730878,0.354716561975969,143.96334811675754,143.8221797579232,55.269644959314846,88.23649439496243,98.64007108886577,139.75579146632623,39.22927068327258,166.95279803077057,Left,0
cellula_MI_data_1178.csv,True,CLEAN,100.47422606186967,78.38140223217644,0.03540853549160207,29.742324533801714,49.746988833528505,46.751649152967985,100.47422606186967,20.28233700909613,70.57746763746057,38.91738893672896,183.74841534542014,Right,1
cellula_MI_data_1179.csv,True,CLEAN,90.17926112495233,80.70882564849896,0.05809153613094638,50.45220262289471,52.0552981624742,42.455086904775584,90.17926112495233,27.47034789770951,70.8714233851016,37.71557620494727,186.77795510623747,Right,1
cellula_MI_data_1180.csv,False,extreme_ptp_amplitude_FZ_(5665.1uV>200.0uV); extreme_ptp_amplitude_C3_(5452.5uV>200.0uV); extreme_ptp_amplitude_CZ_(2604.8uV>200.0uV); extreme_ptp_amplitude_C4_(13722.2uV>200.0uV); statistical_variance_outlier_(z=2366.00),13722.20141524662,242841.46621559275,2365.9973428411276,5665.063620979655,5452.461503978709,2604.806696201923,13722.20141524662,121109.25297422057,112498.32541232416,25783.776245026274,711974.5102308,Left,0
cellula_MI_data_1181.csv,True,CLEAN,130.41457165582585,168.44224648388663,0.9131388931973216,65.84619948490646,53.250958873214636,33.22021306643679,130.41457165582585,138.157714457415,67.38492162778468,30.17216592505955,438.0541839252873,Right,1
cellula_MI_data_1182.csv,True,CLEAN,130.4968597930021,163.59052891743315,0.8658541954968614,71.32538209263083,50.84049813628965,31.858066314322066,130.4968597930021,145.39329381562214,61.69722005111226,28.00228133848242,419.2693204645158,Left,0
cellula_MI_data_1183.csv,True,CLEAN,145.46062252140604,182.08556222606603,1.0461062499456766,94.9071868281323,85.05900016113908,101.53251968956283,145.46062252140604,149.31688418878318,80.68514009398052,61.98932567849536,436.3508989430051,Right,1
cellula_MI_data_1184.csv,True,CLEAN,187.4246810173073,183.36376701946858,1.058563596530156,61.70302980639267,89.96380712315647,78.70545647555889,187.4246810173073,122.89600337292799,84.44607259008222,45.43268722042837,480.6803048944358,Left,0
cellula_MI_data_1185.csv,False,extreme_ptp_amplitude_FZ_(3261.3uV>200.0uV); extreme_ptp_amplitude_C3_(8086.3uV>200.0uV); extreme_ptp_amplitude_CZ_(8870.0uV>200.0uV); extreme_ptp_amplitude_C4_(13701.6uV>200.0uV); statistical_variance_outlier_(z=3417.64),13701.601269797373,350746.50328454294,3417.636682575388,3261.3052489274132,8086.342859047861,8869.974445945001,13701.601269797373,42992.012328625686,267871.6941583574,321604.45280362293,770517.8538475658,Right,1
cellula_MI_data_1186.csv,True,CLEAN,146.66620845985096,163.01017134467423,0.860198047543027,80.37488471842023,55.91916568172894,27.096195738884646,146.66620845985096,138.25107900584615,63.23893644336052,27.297824932162232,423.25284499732805,Left,0
cellula_MI_data_1187.csv,True,CLEAN,107.39686103979344,168.25839892717357,0.9113471202791589,67.56614819476061,41.394573950736344,27.836082623980495,107.39686103979344,146.37278172951824,64.00545731451162,27.14230959659643,435.51304706806803,Left,0
cellula_MI_data_1188.csv,False,extreme_ptp_amplitude_C3_(234.3uV>200.0uV); extreme_ptp_amplitude_C4_(555.0uV>200.0uV); statistical_variance_outlier_(z=4.33),554.9843089435557,519.3563682349602,4.33313767477336,188.9805172801123,234.25166121936303,145.49716091250664,554.9843089435557,221.81484796211961,263.896318973748,107.35705073277114,1484.357255271202,Right,1
cellula_MI_data_1189.csv,True,CLEAN,121.0137999038575,157.9178637122737,0.8105685660866656,81.21401876790301,46.08657962138996,30.608326674519468,121.0137999038575,140.69863039349994,58.67570875500024,28.2565503146964,404.0405653858981,Right,1
cellula_MI_data_1190.csv,False,extreme_ptp_amplitude_C3_(254.8uV>200.0uV); extreme_ptp_amplitude_C4_(601.1uV>200.0uV); statistical_variance_outlier_(z=5.34),601.1131361545572,623.1012435401544,5.344232199462253,185.38363054196975,254.79068187702606,168.97697439551888,601.1131361545572,258.1587842282471,310.46853972588934,135.84848262415704,1787.9291675823242,Right,1
cellula_MI_data_1191.csv,False,extreme_ptp_amplitude_FZ_(41496.9uV>200.0uV); extreme_ptp_amplitude_C3_(16017.4uV>200.0uV); extreme_ptp_amplitude_CZ_(3114.6uV>200.0uV); extreme_ptp_amplitude_C4_(54403.6uV>200.0uV); statistical_variance_outlier_(z=50394.89),54403.58991276198,5170917.842116738,50394.885769996625,41496.925343287396,16017.420849656684,3114.559700551892,54403.58991276198,7199376.600711272,1072155.9277214769,40547.86245648623,12371590.977577716,Left,0
cellula_MI_data_1192.csv,True,CLEAN,128.56291252213705,164.2790067625895,0.8725640804676551,71.78939266292039,49.328544321620996,29.38867807849404,128.56291252213705,141.82439312448787,61.94053907638907,27.321822162989616,426.0292726864914,Left,0
cellula_MI_data_1193.csv,True,CLEAN,159.6244916405579,172.2150788989786,0.949908807723184,83.11105093310158,60.061788509139134,27.049843201503876,159.6244916405579,146.07129716947944,65.59132654981437,28.37677541805009,448.8209164585704,Left,0
cellula_MI_data_1194.csv,False,extreme_ptp_amplitude_FZ_(23881.6uV>200.0uV); extreme_ptp_amplitude_C3_(13543.5uV>200.0uV); extreme_ptp_amplitude_CZ_(2378.3uV>200.0uV); extreme_ptp_amplitude_C4_(39800.5uV>200.0uV); statistical_variance_outlier_(z=23995.85),39800.527965797744,2462205.332823311,23995.852766717522,23881.64978424241,13543.460159915656,2378.2937055267303,39800.527965797744,2396544.3466541413,770976.7957822131,23772.55938020389,6657527.629476686,Right,1
cellula_MI_data_1195.csv,True,CLEAN,121.34175830232101,196.09171318267994,1.182609788096726,67.99618133212871,45.58034874562287,29.227810598545616,121.34175830232101,166.2232776719773,74.073379091882,30.345216548682924,513.7249794181776,Right,1
cellula_MI_data_1196.csv,True,CLEAN,157.62063968443164,174.86816920398334,0.9757657483480013,73.74219678168674,63.49235429038951,37.23220145181847,157.62063968443164,145.15112249363324,67.81201010230919,31.150609819528555,455.3589344004624,Left,0
cellula_MI_data_1197.csv,False,extreme_ptp_amplitude_FZ_(9243.1uV>200.0uV); extreme_ptp_amplitude_C3_(1804.8uV>200.0uV); extreme_ptp_amplitude_CZ_(5884.9uV>200.0uV); extreme_ptp_amplitude_C4_(1569.6uV>200.0uV); statistical_variance_outlier_(z=1260.45),9243.078657868817,129404.80033264578,1260.4469102457492,9243.078657868817,1804.8221330258903,5884.890861133476,1569.6081907209282,351225.6360956838,13393.912318233028,142700.5716857207,10299.081230945574,Right,1
cellula_MI_data_1198.csv,False,extreme_ptp_amplitude_C4_(291.3uV>200.0uV),291.30016230127285,284.7536002538717,2.046705949979901,84.37143837577113,129.01722427719398,113.00692556547916,291.30016230127285,171.68753945889614,125.80988891432996,77.80045237087728,763.7165202713834,Right,1
cellula_MI_data_1199.csv,False,extreme_ptp_amplitude_FZ_(358.5uV>200.0uV); extreme_ptp_amplitude_C3_(238.8uV>200.0uV); extreme_ptp_amplitude_C4_(667.9uV>200.0uV); statistical_variance_outlier_(z=6.77),667.8557144864659,769.0693284823659,6.766832892076938,358.5329168915842,238.83195359319114,77.81207109044833,667.8557144864659,636.5756757673886,275.52868064525603,47.73258710115137,2116.4403704156675,Left,0
cellula_MI_data_1200.csv,True,CLEAN,124.15579773008254,166.82343712611018,0.8973620244763567,82.40359520974317,43.950159473012775,33.431847377663956,124.15579773008254,147.70759045905365,61.659588481778,28.90415865549924,429.0224109081098,Right,1
cellula_MI_data_1201.csv,True,CLEAN,134.62149260197336,181.72027692960702,1.0425461901151303,82.37597748972863,47.495175918790174,29.215499859242513,134.62149260197336,164.24190362302303,66.11778618121966,31.273037127967253,465.24838078621815,Left,0
cellula_MI_data_1202.csv,False,extreme_ptp_amplitude_FZ_(10186.8uV>200.0uV); extreme_ptp_amplitude_C3_(13919.8uV>200.0uV); extreme_ptp_amplitude_CZ_(8818.2uV>200.0uV); extreme_ptp_amplitude_C4_(32924.3uV>200.0uV); statistical_variance_outlier_(z=14666.24),32924.33050499976,1504926.7886828813,14666.244034380616,10186.831526392514,13919.811084039262,8818.199211854411,32924.33050499976,428096.064883256,799269.3730830566,320773.1953610927,4471568.521404119,Right,1
cellula_MI_data_1203.csv,True,CLEAN,158.09248543597016,168.30798811686878,0.9118304150735965,90.82180767630749,56.577515371476274,28.63297828184486,158.09248543597016,149.46439085669041,61.45553611088912,27.044541013849138,435.26748448604644,Left,0
cellula_MI_data_1204.csv,True,CLEAN,119.40223866118971,163.9540297340501,0.8693968638389855,108.93111510498281,40.8100850155653,47.561277356989294,119.40223866118971,171.08581648655104,55.03030635946502,33.29717826185308,396.4028178283313,Left,0
cellula_MI_data_1205.csv,False,extreme_ptp_amplitude_FZ_(3928.9uV>200.0uV); extreme_ptp_amplitude_C3_(3271.8uV>200.0uV); extreme_ptp_amplitude_CZ_(1454.3uV>200.0uV); extreme_ptp_amplitude_C4_(8650.2uV>200.0uV); statistical_variance_outlier_(z=867.41),8650.193238393484,89076.69177388221,867.4103420791514,3928.9402100635434,3271.79455434347,1454.3016736767588,8650.193238393484,53646.207703688495,36892.31307765169,7224.240987431774,258544.00532675686,Right,1
cellula_MI_data_1206.csv,False,extreme_ptp_amplitude_FZ_(37183.6uV>200.0uV); extreme_ptp_amplitude_C3_(24591.9uV>200.0uV); extreme_ptp_amplitude_CZ_(38998.5uV>200.0uV); extreme_ptp_amplitude_C4_(26431.5uV>200.0uV); statistical_variance_outlier_(z=43058.84),38998.54871483007,4418191.5988636715,43058.83778782983,37183.624936008404,24591.861469796466,38998.54871483007,26431.459854255292,5814311.922131979,2539631.424590707,6392192.45421672,2926630.594515282,Left,0
cellula_MI_data_1207.csv,False,extreme_ptp_amplitude_FZ_(1543.5uV>200.0uV); extreme_ptp_amplitude_C3_(1097.8uV>200.0uV); extreme_ptp_amplitude_CZ_(2479.8uV>200.0uV); statistical_variance_outlier_(z=92.13),2479.793437465568,9527.781898736095,92.12898978951688,1543.5245846323867,1097.8474142191926,2479.793437465568,161.47349967634307,9305.61694182563,4701.4081549024295,24002.12284886101,101.97964935531455,Right,1
cellula_MI_data_1208.csv,False,flatline_dead_channel_C4_(var=8.6313e-02),43.79492443631631,6.44616541382574,-0.6656701815560412,25.071881825727562,20.91155359988391,43.79492443631631,2.5585022761182223,8.464036114856187,2.526346618580422,14.707965680428716,0.08631324143763397,Right,1
cellula_MI_data_1209.csv,False,extreme_ptp_amplitude_FZ_(1872.3uV>200.0uV); extreme_ptp_amplitude_C3_(1075.8uV>200.0uV); extreme_ptp_amplitude_CZ_(2875.3uV>200.0uV); statistical_variance_outlier_(z=126.21),2875.2750441381727,13024.590053091531,126.20877993197261,1872.3127606352302,1075.7825639096106,2875.2750441381727,72.84669424058973,14109.741010841999,4666.7282464883065,33300.6456255159,21.245329519921803,Right,1
cellula_MI_data_1210.csv,False,flatline_dead_channel_C4_(var=1.1655e-01),25.221441957615863,5.940451234724004,-0.6705988571753727,20.23220512438218,8.657588125024427,25.221441957615863,2.0796133129759706,9.126245032590068,1.4576044830913386,13.061401495964786,0.11655392724982123,Left,0
cellula_MI_data_1211.csv,False,flatline_dead_channel_C4_(var=1.0099e-01),27.85719972173549,6.029118191364435,-0.6697347116056158,27.85719972173549,6.469291742765259,26.19546989599637,2.898533319993577,10.23768392771746,1.1628109884439488,12.614989534540072,0.10098831475625637,Right,1
cellula_MI_data_1212.csv,False,flatline_dead_channel_C4_(var=3.4747e-01),140.22785576271883,36.7137541112736,-0.37068314612420294,107.78281988374198,42.10503630186513,140.22785576271883,8.664317774339938,51.78561400951069,8.006058324263124,86.7158742111809,0.3474699001396907,Left,0
cellula_MI_data_1213.csv,False,flatline_dead_channel_C4_(var=1.0637e-01),32.25290805616072,6.675393167243022,-0.6634361345662007,22.418875866427584,13.618027575834711,32.25290805616072,1.9176939436297538,9.164147383224828,2.064986382191973,15.366072137963988,0.10636676559129901,Right,1
cellula_MI_data_1214.csv,False,flatline_dead_channel_C4_(var=1.1887e-01),51.60620650013029,8.701845867391008,-0.6436863857363608,35.67069477404314,18.48557398265057,51.60620650013029,2.5391652449924784,11.738720990535613,2.548319651040278,20.40147629510546,0.11886653288267926,Right,1
cellula_MI_data_1215.csv,False,flatline_dead_channel_C4_(var=1.2820e-01),25.471064407685674,5.360942934950582,-0.6762467281394948,21.858200907635553,8.667766661932795,25.471064407685674,3.2607572998994883,8.14497099364497,1.4483751029302545,11.722226800132395,0.128198843094708,Left,0
cellula_MI_data_1216.csv,False,extreme_ptp_amplitude_C4_(363.3uV>200.0uV),363.3236533808489,335.01851663804854,2.536586356992562,137.53440066925648,151.90332835983978,93.15440201647414,363.3236533808489,212.4221072096491,145.79072202973506,59.77733928972751,922.0838980230825,Right,1
cellula_MI_data_1217.csv,False,extreme_ptp_amplitude_C4_(443.7uV>200.0uV),443.6739238176431,405.62924800859076,3.2247564826301702,120.9168018156649,195.62996656470506,145.154934248576,443.6739238176431,195.28852841159045,200.78775595643427,103.27593419434947,1123.1647734719888,Right,1
cellula_MI_data_1218.csv,False,extreme_ptp_amplitude_FZ_(3613.3uV>200.0uV); extreme_ptp_amplitude_C3_(4230.1uV>200.0uV); extreme_ptp_amplitude_CZ_(2425.7uV>200.0uV); extreme_ptp_amplitude_C4_(10267.3uV>200.0uV); statistical_variance_outlier_(z=1255.76),10267.303215894655,128923.9070195723,1255.7601380617957,3613.2889263698203,4230.0598253802655,2425.7126612274283,10267.303215894655,47173.98056740014,64946.30615452825,21426.524270995378,382148.8170853655,Right,1
cellula_MI_data_1219.csv,True,CLEAN,113.33536907487736,175.23936237070714,0.9793833861095995,81.6730225083488,46.665678069577375,41.37279562473671,113.33536907487736,165.11486726780566,63.43669813157047,33.13238137370083,439.2735027097516,Left,0
cellula_MI_data_1220.csv,False,extreme_ptp_amplitude_C3_(243.1uV>200.0uV); extreme_ptp_amplitude_CZ_(220.2uV>200.0uV); extreme_ptp_amplitude_C4_(476.7uV>200.0uV); statistical_variance_outlier_(z=4.04),476.6622465660448,489.4134388122243,4.041314759150669,63.53272818246186,243.09244287408274,220.17762534974847,476.6622465660448,153.61266514019644,295.88034196393454,220.5941996403412,1287.5665485044249,Right,1
cellula_MI_data_1221.csv,False,extreme_ptp_amplitude_FZ_(602.2uV>200.0uV); extreme_ptp_amplitude_C3_(285.0uV>200.0uV); extreme_ptp_amplitude_CZ_(481.3uV>200.0uV); statistical_variance_outlier_(z=6.49),602.1702972717578,740.2705960172459,6.486161286585064,602.1702972717578,285.0405248753597,481.3339242172846,197.13915368713447,1267.4999178306894,326.18201045222156,787.1838519712866,580.2166038147859,Left,0
cellula_MI_data_1222.csv,False,extreme_ptp_amplitude_FZ_(12018.4uV>200.0uV); extreme_ptp_amplitude_C3_(2544.3uV>200.0uV); extreme_ptp_amplitude_CZ_(2421.3uV>200.0uV); extreme_ptp_amplitude_C4_(12144.5uV>200.0uV); statistical_variance_outlier_(z=2992.38),12144.518001439948,307112.4521064785,2992.3804941964427,12018.394015972197,2544.315008122187,2421.283609453275,12144.518001439948,584000.7047692,26007.18622422711,23857.885243557892,594584.0321889293,Right,1
cellula_MI_data_1223.csv,True,CLEAN,141.76313327414368,194.8265387289494,1.1702794348221177,97.0420149252534,45.76027211906361,30.428925846235668,141.76313327414368,189.44020114884208,66.86504049603198,30.19317383992799,492.80773943099564,Right,1
cellula_MI_data_1224.csv,True,CLEAN,131.09901783060903,179.84635736928266,1.0242830248110362,70.19328719061825,49.07849647321671,33.533366599999866,131.09901783060903,160.48022978040893,66.80265757941945,32.789319790137824,459.3132223271644,Right,1
cellula_MI_data_1225.csv,False,extreme_ptp_amplitude_FZ_(11647.6uV>200.0uV); extreme_ptp_amplitude_C3_(22296.4uV>200.0uV); extreme_ptp_amplitude_CZ_(15654.1uV>200.0uV); extreme_ptp_amplitude_C4_(49596.9uV>200.0uV); statistical_variance_outlier_(z=36945.21),49596.89544038033,3790893.306064084,36945.20694745812,11647.558633297045,22296.37006087712,15654.056342947615,49596.89544038033,617322.2793355907,2257975.3254676517,1112478.1863558837,11175797.43309721,Right,1
cellula_MI_data_1226.csv,True,CLEAN,170.41916549113705,187.5210123041411,1.0990799876555561,73.06345664977295,73.36564963895371,53.081414052425025,170.41916549113705,151.1744674904307,74.83561932879155,35.9828051503052,488.0911572470369,Left,0
cellula_MI_data_1227.csv,False,extreme_ptp_amplitude_C4_(271.7uV>200.0uV),271.6507424377452,238.03402312107437,1.5913783157638648,118.85200775045591,110.07387156867497,64.12777721322323,271.6507424377452,196.69541191577144,92.84088280352083,44.06916190562622,618.530635859379,Right,1
cellula_MI_data_1228.csv,True,CLEAN,110.01090734479484,168.4470788526591,0.9131859893222409,63.91604743498928,43.67856581829598,32.40782728390014,110.01090734479484,160.9126713753831,60.13824265724253,30.599954394511236,422.1374469834996,Right,1
cellula_MI_data_1229.csv,True,CLEAN,118.85310159635628,170.27275575816032,0.9309789831214325,80.49869727967493,50.76601804476028,50.132646780738355,118.85310159635628,158.92335883409106,63.86608268104829,37.44898979872566,420.85259171877624,Right,1
cellula_MI_data_1230.csv,False,extreme_ptp_amplitude_FZ_(397.9uV>200.0uV); extreme_ptp_amplitude_C3_(229.0uV>200.0uV); extreme_ptp_amplitude_C4_(681.6uV>200.0uV); statistical_variance_outlier_(z=7.31),681.6315881361475,824.820449663383,7.31018169080619,397.928911567191,229.01102971196212,62.423834735494076,681.6315881361475,758.5137142069715,267.4833456992798,44.14186022201239,2229.1428785252683,Right,1
cellula_MI_data_1231.csv,False,extreme_ptp_amplitude_FZ_(2070.6uV>200.0uV); extreme_ptp_amplitude_C3_(9347.1uV>200.0uV); extreme_ptp_amplitude_CZ_(7667.1uV>200.0uV); extreme_ptp_amplitude_C4_(19079.5uV>200.0uV); statistical_variance_outlier_(z=4484.76),19079.48576439676,460240.3771116369,4484.760778949992,2070.596846777844,9347.059167050811,7667.060030520697,19079.48576439676,15326.852506261828,312708.75331431755,210463.6588686816,1302462.2437572868,Right,1
cellula_MI_data_1232.csv,False,extreme_ptp_amplitude_FZ_(18162.5uV>200.0uV); extreme_ptp_amplitude_C3_(3397.8uV>200.0uV); extreme_ptp_amplitude_CZ_(3882.4uV>200.0uV); extreme_ptp_amplitude_C4_(17679.8uV>200.0uV); statistical_variance_outlier_(z=6619.28),18162.498913949123,679255.5319369386,6619.276081188402,18162.498913949123,3397.804065768525,3882.358617504663,17679.810453747188,1339363.2273973662,46919.894673681716,61095.09060784528,1269643.9150688613,Right,1
cellula_MI_data_1233.csv,True,CLEAN,138.78416287643472,161.4127636871127,0.8446297591672857,79.61441290787198,50.99937644939361,30.425409494778435,138.78416287643472,150.23340629773978,58.97055903923649,31.812885638679948,404.63420377279454,Right,1
cellula_MI_data_1234.csv,False,extreme_ptp_amplitude_FZ_(11692.0uV>200.0uV); extreme_ptp_amplitude_C3_(12003.3uV>200.0uV); extreme_ptp_amplitude_CZ_(6517.1uV>200.0uV); extreme_ptp_amplitude_C4_(30212.3uV>200.0uV); statistical_variance_outlier_(z=12374.07),30212.2564596514,1269735.037913207,12374.072100531788,11691.952037422088,12003.251332569227,6517.053089660082,30212.2564596514,562961.2384686138,591553.8470992345,174074.77706641026,3750350.289018569,Left,0
cellula_MI_data_1235.csv,False,extreme_ptp_amplitude_FZ_(920.5uV>200.0uV); extreme_ptp_amplitude_CZ_(441.7uV>200.0uV); extreme_ptp_amplitude_C4_(371.3uV>200.0uV); statistical_variance_outlier_(z=10.04),920.5153688596336,1105.2043727741384,10.042795216381295,920.5153688596336,135.8343375700401,441.74988634607274,371.2592242971382,2820.8376304898225,108.05235350731304,648.8988945169109,843.0286125825073,Right,1
cellula_MI_data_1236.csv,False,extreme_ptp_amplitude_FZ_(292.6uV>200.0uV); extreme_ptp_amplitude_C4_(317.2uV>200.0uV),317.16607070951966,349.02342229786814,2.6730777585174255,292.5957799699389,71.33857352681852,63.157307274734535,317.16607070951966,477.4048402134163,78.67441260121078,41.02498418273785,798.9894521941076,Left,0
cellula_MI_data_1237.csv,True,CLEAN,130.89908932335055,160.15241875120125,0.8323464742322888,72.60973482255785,47.36209316055672,28.558116701623906,130.89908932335055,150.0228349368003,57.92625598822618,31.016177493377683,401.6444065864008,Right,1
cellula_MI_data_1238.csv,True,CLEAN,114.19094999011827,176.4487379217802,0.9911699249086044,77.59419631700155,46.88488256412624,39.94146597031471,114.19094999011827,160.22530074623927,65.60225481245327,35.954035800855266,444.013360327573,Left,0
cellula_MI_data_1239.csv,False,extreme_ptp_amplitude_C3_(228.6uV>200.0uV); extreme_ptp_amplitude_C4_(522.4uV>200.0uV); statistical_variance_outlier_(z=4.16),522.3721734866003,501.2622687500993,4.15679310966111,144.4297967414924,228.62465850552815,158.04618266121628,522.3721734866003,226.60460236894423,252.50472100801375,131.3445939876219,1394.5951576358173,Left,0
cellula_MI_data_1240.csv,False,extreme_ptp_amplitude_FZ_(10683.3uV>200.0uV); extreme_ptp_amplitude_C3_(5046.0uV>200.0uV); extreme_ptp_amplitude_CZ_(648.6uV>200.0uV); extreme_ptp_amplitude_C4_(16371.4uV>200.0uV); statistical_variance_outlier_(z=3907.81),16371.382861677215,401041.0887434722,3907.8062435240527,10683.29951753967,5046.0418997947345,648.5628756789515,16371.382861677215,448579.82182831404,100130.14407088561,1660.5323712409183,1053793.856703448,Right,1
cellula_MI_data_1241.csv,False,extreme_ptp_amplitude_FZ_(7793.4uV>200.0uV); extreme_ptp_amplitude_C3_(8499.9uV>200.0uV); extreme_ptp_amplitude_CZ_(4849.1uV>200.0uV); extreme_ptp_amplitude_C4_(21138.4uV>200.0uV); statistical_variance_outlier_(z=5955.32),21138.44960533271,611129.1765826424,5955.318611644939,7793.44274787297,8499.887605736878,4849.0556941733985,21138.44960533271,246179.06983691553,292676.06435831415,95172.45670524723,1810489.1154300927,Left,0
cellula_MI_data_1242.csv,False,extreme_ptp_amplitude_C4_(311.0uV>200.0uV),310.9804497772409,269.4151931498893,1.8972182823272774,130.59959680149876,120.63656014710483,69.37648574606786,310.9804497772409,205.12190423379013,105.5101688656427,42.387820592680704,724.6408789074436,Left,0
cellula_MI_data_1243.csv,False,extreme_ptp_amplitude_FZ_(246.7uV>200.0uV),246.6857621443408,266.0410895422599,1.8643343671134305,246.6857621443408,56.28094042409583,120.70215505773263,154.9350259637813,380.9281713860157,71.6887037952092,82.68534166027686,528.8621413275376,Right,1
cellula_MI_data_1244.csv,True,CLEAN,129.0370210145957,169.46241707013735,0.9230814459352022,82.6375287662691,48.46098290183734,31.23090617341522,129.0370210145957,171.54410859286264,56.47102940959221,29.567038310431055,420.26749196766343,Left,0
cellula_MI_data_1245.csv,False,extreme_ptp_amplitude_C4_(288.8uV>200.0uV),288.7559070083923,255.46195337271,1.761230414985642,103.28660054971849,121.57291702128599,81.07957880593497,288.7559070083923,182.47737339306582,105.38672782937927,48.43397925322612,685.5497330151688,Right,1
cellula_MI_data_1246.csv,False,extreme_ptp_amplitude_FZ_(351.0uV>200.0uV); extreme_ptp_amplitude_C3_(203.9uV>200.0uV); extreme_ptp_amplitude_C4_(605.4uV>200.0uV); statistical_variance_outlier_(z=5.48),605.368332154819,637.2719860252946,5.48233984184316,351.03019109455465,203.86507608859006,62.93302290680221,605.368332154819,576.540830100673,208.58506669073333,43.46786271424179,1720.4941845955304,Left,0
cellula_MI_data_1247.csv,False,extreme_ptp_amplitude_C4_(393.1uV>200.0uV),393.10259843960955,360.5751936211925,2.7856609844465297,124.00439503059455,166.58185777499094,109.68548308816388,393.10259843960955,195.3592800530426,166.86367781254864,74.54391524340271,1005.5339013757762,Right,1
cellula_MI_data_1248.csv,True,CLEAN,118.51210619345983,159.10129179240204,0.8221022215916808,64.6938225854633,48.16756692831434,37.32556218755549,118.51210619345983,148.9498397305002,56.749772808333205,29.59274257978107,401.1128120509937,Left,0
cellula_MI_data_1249.csv,True,CLEAN,127.21082161721435,153.2403021884368,0.7649811880910402,81.89450663564631,43.678951677574304,30.508370550305507,127.21082161721435,153.15172154774606,52.627325831966566,29.77593236133157,377.40622901270297,Right,1
cellula_MI_data_1250.csv,False,extreme_ptp_amplitude_C4_(225.8uV>200.0uV),225.75106564806933,220.74116516209466,1.4228426271613097,65.85447404432489,108.58729011025756,97.88913777390147,225.75106564806933,162.09320415765706,94.81864448957106,57.410501539320826,568.6423104618298,Right,1
cellula_MI_data_1251.csv,False,extreme_ptp_amplitude_FZ_(228.1uV>200.0uV); extreme_ptp_amplitude_CZ_(229.3uV>200.0uV); extreme_ptp_amplitude_C4_(217.0uV>200.0uV),229.27254548934383,315.44965676968843,2.3458688202554727,228.0923032757552,171.09446578465804,229.27254548934383,216.99990724214092,342.3968368960923,165.1392819183443,247.91971393807177,506.34279432624544,Right,1
cellula_MI_data_1252.csv,True,CLEAN,138.42179222052874,164.66493234542878,0.8763252999264309,78.42540995852549,47.443947341526375,32.74785452633724,138.42179222052874,159.82761731242377,56.14182411538763,29.731968714461768,412.9583192394419,Right,1
cellula_MI_data_1253.csv,False,extreme_ptp_amplitude_C4_(291.0uV>200.0uV),291.0085432321988,246.80828626016213,1.676892028050982,179.6430700092815,96.32867897347926,34.519905046914964,291.0085432321988,236.09070328139597,81.30752027201427,32.5367755093846,637.2981459778537,Left,0
cellula_MI_data_1254.csv,False,extreme_ptp_amplitude_C4_(235.0uV>200.0uV),234.98393110617428,218.48810605347006,1.4008843788928604,68.26461673632488,109.2182713049574,91.16075205171836,234.98393110617428,153.252220745771,94.30182859149491,56.10553105682137,570.292843819793,Right,1
cellula_MI_data_1255.csv,True,CLEAN,128.8171791895387,160.83770449469088,0.8390252490734691,73.58721045842061,47.35984442475446,29.531482725767084,128.8171791895387,156.56116615752404,54.651832577865896,28.41693166997689,403.7208875733967,Left,0
cellula_MI_data_1256.csv,False,extreme_ptp_amplitude_FZ_(343.2uV>200.0uV); extreme_ptp_amplitude_C4_(326.8uV>200.0uV),343.19882791653674,356.2614809695341,2.7436196669323656,343.19882791653674,62.1813903766364,88.6155906714865,326.83112568896934,575.7338030043443,62.01056093989557,53.7172202749562,733.5843396589403,Right,1
cellula_MI_data_1257.csv,False,extreme_ptp_amplitude_FZ_(4574.6uV>200.0uV); extreme_ptp_amplitude_C3_(14604.6uV>200.0uV); extreme_ptp_amplitude_CZ_(11849.9uV>200.0uV); extreme_ptp_amplitude_C4_(31027.2uV>200.0uV); statistical_variance_outlier_(z=13832.84),31027.154258963616,1419413.7031343717,13832.8360001717,4574.562054591525,14604.611666383262,11849.945544101764,31027.154258963616,88444.08069515765,905923.1337598024,596784.3704002992,4086503.2276822273,Right,1
cellula_MI_data_1258.csv,True,CLEAN,103.67402834037554,157.08859472728136,0.8024865347790616,61.31855462733434,40.75286544992706,34.218394990323254,103.67402834037554,148.48613647218446,54.61590111714613,28.65012304328219,396.60221827651264,Right,1
cellula_MI_data_1259.csv,True,CLEAN,122.8174541974416,158.05381302577763,0.8118935241254572,84.04996324534929,41.098020407192976,28.31368343727265,122.8174541974416,153.47913525462153,54.09629731063071,29.240320251291433,395.3994992865669,Right,1
cellula_MI_data_1260.csv,True,CLEAN,141.11550404114897,163.48174568093424,0.8647939972511319,101.03519242874206,47.82403965936137,40.00964708428822,141.11550404114897,164.97368347525577,54.07453739182255,29.065339873021852,405.8134219836367,Right,1
cellula_MI_data_1261.csv,False,flatline_dead_channel_CZ_(var=1.0557e-01),47.64114536082977,7.353121149181636,-0.65683101744836,9.529359637927747,47.64114536082977,3.612305988644759,39.4115847380246,0.7895346161390993,17.12419285766345,0.10557045283401965,11.393186670089976,Right,1
cellula_MI_data_1262.csv,False,flatline_dead_channel_CZ_(var=3.9230e-02),18.66144683128755,2.952239154485596,-0.6997218848338482,6.58044323923605,18.66144683128755,1.4838234005093744,14.871315370468835,0.7292804577809693,7.1076035485161135,0.03922981387598849,3.9328427977693114,Right,1
cellula_MI_data_1263.csv,False,flatline_dead_channel_CZ_(var=1.0290e-01),43.1169095995332,5.405792154722346,-0.6758096289534926,9.496885156726673,43.1169095995332,2.258589928455679,36.093593384103414,0.9813385484773467,12.50530912586404,0.10289594109636661,8.03362500345163,Right,1
cellula_MI_data_1264.csv,False,extreme_ptp_amplitude_FZ_(3661.4uV>200.0uV); extreme_ptp_amplitude_C3_(22759.6uV>200.0uV); extreme_ptp_amplitude_CZ_(389.5uV>200.0uV); extreme_ptp_amplitude_C4_(18708.7uV>200.0uV); statistical_variance_outlier_(z=8886.94),22759.563694216908,911932.8323105214,8886.942254915479,3661.4257852433816,22759.563694216908,389.47140640032103,18708.666502573204,55477.45635324776,2143367.0227392605,627.6403320326134,1448259.209817545,Right,1
cellula_MI_data_1265.csv,False,flatline_dead_channel_CZ_(var=8.8952e-02),36.71547914617007,4.4013214945098,-0.685599170670747,7.459716618730193,36.71547914617007,3.0882528669083227,35.28774823453627,0.8615558750848697,9.895612312334636,0.08895202655697734,6.759165764062714,Left,0
cellula_MI_data_1266.csv,False,flatline_dead_channel_FZ_(var=1.4773e-01); flatline_dead_channel_CZ_(var=3.2316e-01),23.573405227720496,7.920351249733853,-0.6513028094552431,2.215844475030406,23.573405227720496,3.1642160001937762,22.268159613279778,0.1477334498749028,16.652809652744196,0.3231618398340292,14.557700056482286,Right,1
cellula_MI_data_1267.csv,False,flatline_dead_channel_FZ_(var=1.7945e-01); flatline_dead_channel_CZ_(var=4.2703e-01),48.96395043745721,10.769867166202244,-0.6235315105580264,4.153664889258459,48.96395043745721,6.914942367827164,45.76185113904525,0.17944900189373902,22.578834396217797,0.42703300234773944,19.894152264349703,Right,1
cellula_MI_data_1268.csv,False,flatline_dead_channel_FZ_(var=2.5783e-01); flatline_dead_channel_CZ_(var=3.8166e-01),26.194560722024775,7.53298200432868,-0.6550780988072217,5.921713965927799,26.194560722024775,5.376456030711245,25.10594471598535,0.25783206488884663,15.76444577232257,0.38165687401403003,13.727993306089276,Right,1
cellula_MI_data_1269.csv,False,extreme_ptp_amplitude_FZ_(759.3uV>200.0uV); extreme_ptp_amplitude_C3_(943.6uV>200.0uV); extreme_ptp_amplitude_C4_(310.8uV>200.0uV); statistical_variance_outlier_(z=13.18),943.6047573856484,1427.2239252418212,13.18118836963366,759.2928825431034,943.6047573856484,126.53468828714848,310.84656312969355,2083.8055425048246,3217.07700450287,57.91113172631711,350.1020222332732,Right,1
cellula_MI_data_1270.csv,False,flatline_dead_channel_CZ_(var=6.4328e-02),23.136618453735995,2.3737377809113154,-0.7053599423246425,13.068687084769676,23.136618453735995,1.9602403326512017,14.680521546758692,1.7176427297514005,5.560436127487991,0.06432809635341634,2.152544170052454,Right,1
cellula_MI_data_1271.csv,False,flatline_dead_channel_FZ_(var=2.6317e-01); flatline_dead_channel_CZ_(var=2.5917e-01),24.988257204942954,6.839193286691938,-0.6618397433860969,6.132192208430531,24.358093943857654,3.9487501439797317,24.988257204942954,0.2631703681817895,13.990091397333337,0.25916867928808124,12.844342701964543,Left,0
cellula_MI_data_1272.csv,False,flatline_dead_channel_FZ_(var=1.1799e-01); flatline_dead_channel_CZ_(var=1.9666e-01),122.85122318925855,32.77485438564075,-0.4090715478083347,3.205341636771219,122.85122318925855,3.0715577705129,120.51754761936002,0.11799269299623681,66.7850634633577,0.1966557774729405,63.99970560873611,Left,0
cellula_MI_data_1273.csv,False,flatline_dead_channel_FZ_(var=1.2661e-01); flatline_dead_channel_CZ_(var=1.6916e-01),22.835957194175307,6.368855201944321,-0.6664236446230688,2.7319908738504264,22.835957194175307,3.3368162483998383,21.93871594031822,0.12660651817310864,13.295525314657622,0.16915781281017794,11.884131162136372,Right,1
cellula_MI_data_1274.csv,False,extreme_ptp_amplitude_FZ_(1262.3uV>200.0uV); extreme_ptp_amplitude_C3_(11146.5uV>200.0uV); extreme_ptp_amplitude_CZ_(1818.9uV>200.0uV); extreme_ptp_amplitude_C4_(10589.8uV>200.0uV); statistical_variance_outlier_(z=2384.91),11146.521569827963,244782.0599491747,2384.9103126904643,1262.286097346306,11146.521569827963,1818.9340778007142,10589.83568551548,6467.981718996854,504166.3221761198,13429.587631279233,455064.3482703029,Left,0
cellula_MI_data_1275.csv,False,extreme_ptp_amplitude_FZ_(269.5uV>200.0uV); extreme_ptp_amplitude_C3_(3628.7uV>200.0uV); extreme_ptp_amplitude_C4_(3201.1uV>200.0uV); statistical_variance_outlier_(z=227.06),3628.673002379443,23372.455607330987,227.05877539757492,269.5286286008085,3628.673002379443,158.14894510089016,3201.122374005842,288.18855961014106,52355.2140361048,100.56524111578153,40745.85459249323,Left,0
cellula_MI_data_1276.csv,False,flatline_dead_channel_FZ_(var=2.0399e-01); flatline_dead_channel_CZ_(var=3.0543e-01),30.89915734497588,7.713318381045061,-0.6533205457467571,4.77704969020234,30.89915734497588,5.337406035914029,29.256213555040446,0.20398644011168157,15.738319526185805,0.3054301551441068,14.605537402738651,Left,0
cellula_MI_data_1277.csv,False,flatline_dead_channel_FZ_(var=1.9205e-01); flatline_dead_channel_CZ_(var=3.1372e-01),39.47647065885954,9.188989886380838,-0.6389386943551084,4.359150572653404,39.47647065885954,5.188621503341382,38.608419622828464,0.1920525466561569,18.42200782781185,0.31372477093642226,17.82817440011893,Right,1
cellula_MI_data_1278.csv,False,flatline_dead_channel_FZ_(var=1.7222e-01); flatline_dead_channel_CZ_(var=2.8695e-01),22.15266711944749,7.473095778207698,-0.6556617482179236,2.816053088474723,21.83849348784134,3.9151056469873984,22.15266711944749,0.17221505836489615,14.898037293012333,0.2869530163335479,14.535177745120013,Right,1
cellula_MI_data_1279.csv,True,CLEAN,80.48193600840882,21.80710646959082,-0.515962898667483,18.526417863264395,80.48193600840882,15.855772275544556,80.3512439069184,1.5767587167812447,40.66390168781229,1.3394349011467506,43.64833057262299,Right,1
cellula_MI_data_1280.csv,False,flatline_dead_channel_CZ_(var=3.6086e-01),94.7752044437412,24.400123275187376,-0.49069143261335496,11.31387997064926,82.96370779180879,3.7661976387365783,94.7752044437412,0.9654889997463743,42.78893517140045,0.36085766932712465,53.48521126027554,Left,0
cellula_MI_data_1281.csv,True,CLEAN,34.338662396949346,10.060059052766416,-0.6304492797004871,6.5313575385376765,31.656768165576388,6.277006829050122,34.338662396949346,0.8277410774544703,17.995998365886027,0.6245563616702977,20.791940406054874,Left,0
cellula_MI_data_1282.csv,False,flatline_dead_channel_CZ_(var=4.6494e-01),33.410437914322756,10.484135558980075,-0.6263162424567636,5.802237472135024,30.238673865697898,4.094319558554959,33.410437914322756,0.8002627720701886,18.523838891610634,0.46493894058146606,22.147501631658017,Left,0
cellula_MI_data_1283.csv,True,CLEAN,130.26646439315397,40.79279271172965,-0.3309289550590249,20.662894161081745,121.86500914301155,12.517573697128533,130.26646439315397,2.269907343568716,74.46103114122191,0.9876814579809763,85.452550904147,Left,0
cellula_MI_data_1284.csv,False,flatline_dead_channel_CZ_(var=4.1329e-01),39.96195517639407,11.069788864936331,-0.6206084824418584,6.438309221060475,37.17522352386144,4.623468883501909,39.96195517639407,0.6732811987622128,20.065637821179713,0.41329245733638326,23.126943982467015,Right,1
cellula_MI_data_1285.csv,False,flatline_dead_channel_CZ_(var=4.2977e-01),119.25112989231461,34.35857757129331,-0.3936366278961414,15.315932141606595,107.28873162071129,4.404930682542901,119.25112989231461,1.4621136118196507,60.97419737371838,0.4297685373696366,74.56823076226557,Left,0
cellula_MI_data_1286.csv,False,extreme_ptp_amplitude_CZ_(583.3uV>200.0uV); extreme_ptp_amplitude_C4_(469.7uV>200.0uV); statistical_variance_outlier_(z=5.22),583.3398490428896,610.5697643894774,5.222100769661709,173.71002214376475,61.245288479750926,583.3398490428896,469.7323570960234,120.37662212243073,28.395067725248,1388.6034651773737,904.9039025328573,Right,1
cellula_MI_data_1287.csv,True,CLEAN,83.12003083752859,22.239913125341666,-0.5117447776413481,16.021886790904702,79.6417771282183,12.64330702105573,83.12003083752859,1.5323165648815928,40.62891572130823,0.9382208015622088,45.86019941361462,Right,1
cellula_MI_data_1288.csv,False,flatline_dead_channel_FZ_(var=2.5728e-01); flatline_dead_channel_CZ_(var=1.5093e-01),67.7752145964918,11.2264456247119,-0.6190817102364976,5.848546888735214,67.7752145964918,3.5257338192505348,64.55042148652332,0.2572831637285189,23.417229245121074,0.15093185641458498,21.080338233583422,Left,0
cellula_MI_data_1289.csv,False,extreme_ptp_amplitude_C3_(3142.2uV>200.0uV); extreme_ptp_amplitude_CZ_(347.9uV>200.0uV); extreme_ptp_amplitude_C4_(2980.2uV>200.0uV); statistical_variance_outlier_(z=185.51),3142.243633124187,19109.5428643029,185.5125523092292,185.91670500070563,3142.243633124187,347.8917807664806,2980.2194411544424,139.9098749090559,39909.1752860693,489.68752635920663,35899.39876987404,Left,0
cellula_MI_data_1290.csv,False,extreme_ptp_amplitude_C3_(405.4uV>200.0uV); extreme_ptp_amplitude_C4_(374.9uV>200.0uV),405.4272595832028,302.6914974051581,2.2215281717112734,103.80405198342947,405.4272595832028,134.07938771037936,374.85497504717966,39.10166260075034,596.0486844587812,65.27850837667422,510.33713418442653,Left,0
cellula_MI_data_1291.csv,False,extreme_ptp_amplitude_C3_(203.0uV>200.0uV),202.9687728043754,65.39213664043079,-0.09118446759320972,55.202300461010466,202.9687728043754,75.33771592419619,181.85764357057224,10.329136059693592,128.95039525762746,18.618628724674956,103.67038651972717,Left,0
cellula_MI_data_1292.csv,False,extreme_ptp_amplitude_FZ_(204.1uV>200.0uV); extreme_ptp_amplitude_C3_(1897.0uV>200.0uV); extreme_ptp_amplitude_CZ_(317.4uV>200.0uV); extreme_ptp_amplitude_C4_(1783.8uV>200.0uV); statistical_variance_outlier_(z=67.53),1897.0296518173445,7003.6269571089215,67.5286494504132,204.10809896968118,1897.0296518173445,317.4040810807282,1783.7515323540727,169.07121803628485,14563.851468592162,408.9892186822506,12872.595923124987,Right,1
cellula_MI_data_1293.csv,False,extreme_ptp_amplitude_FZ_(309.7uV>200.0uV); extreme_ptp_amplitude_C3_(553.2uV>200.0uV); extreme_ptp_amplitude_CZ_(437.0uV>200.0uV); extreme_ptp_amplitude_C4_(426.2uV>200.0uV); statistical_variance_outlier_(z=6.90),553.1528284127374,782.3089769153178,6.8958661190193125,309.6615591835934,553.1528284127374,437.0335785103199,426.21758382339476,391.6690063989531,1230.2741073221844,778.9765205907366,728.3162733493969,Left,0
cellula_MI_data_1294.csv,False,extreme_ptp_amplitude_FZ_(215.7uV>200.0uV); extreme_ptp_amplitude_C3_(1752.9uV>200.0uV); extreme_ptp_amplitude_CZ_(248.8uV>200.0uV); extreme_ptp_amplitude_C4_(1785.7uV>200.0uV); statistical_variance_outlier_(z=62.25),1785.7103884340368,6462.428546220037,62.25414554445802,215.6941787010959,1752.9005672936692,248.84349371702365,1785.7103884340368,188.15574466080972,12471.052843405207,249.83780630074335,12940.667790513386,Left,0
cellula_MI_data_1295.csv,False,flatline_dead_channel_FZ_(var=5.2246e-02); flatline_dead_channel_CZ_(var=1.2673e-01),22.40132539967685,5.749691742312935,-0.672457993616974,1.5920614752204303,22.40132539967685,2.4115897367692227,22.00818606009939,0.05224583798263062,11.676896701972469,0.12672814743089272,11.14289628186575,Right,1
cellula_MI_data_1296.csv,False,flatline_dead_channel_FZ_(var=5.0224e-02); flatline_dead_channel_CZ_(var=1.3150e-01),24.594045230853446,6.003267634863487,-0.6699866503742671,1.4804676603577183,24.594045230853446,2.6238658827967853,24.398951562753755,0.05022432834668239,12.290914004063918,0.13150340161287338,11.540428805430475,Left,0
cellula_MI_data_1297.csv,False,flatline_dead_channel_FZ_(var=1.8553e-01); flatline_dead_channel_CZ_(var=1.0459e-01),94.27452412267343,21.416393272850257,-0.5197707780715108,6.3173525724153485,94.27452412267343,2.769388072703947,90.26615649619794,0.1855265510353744,44.498420590631675,0.10458694222431354,40.87703900750967,Left,0
cellula_MI_data_1298.csv,False,flatline_dead_channel_FZ_(var=3.4504e-01); flatline_dead_channel_CZ_(var=7.2342e-02),23.313417670023462,3.1501729299992967,-0.6977928280386652,6.783673806647787,23.313417670023462,3.6814905117472314,22.488754382435715,0.3450352711752592,6.934858894056201,0.0723417415717925,5.248455813193934,Left,0
cellula_MI_data_1299.csv,False,extreme_ptp_amplitude_C3_(2606.5uV>200.0uV); extreme_ptp_amplitude_C4_(2542.0uV>200.0uV); statistical_variance_outlier_(z=122.00),2606.450791243795,12593.148052110706,122.00395879136933,68.44779379960471,2606.450791243795,132.94331657124468,2541.9687828015235,18.012543626999058,25773.996563731525,67.46536311882988,24513.11773796547,Right,1
cellula_MI_data_1300.csv,False,flatline_dead_channel_FZ_(var=8.3606e-02); flatline_dead_channel_CZ_(var=1.3552e-01),25.11126355574754,6.196852911346586,-0.6680999739236314,1.7957468372647067,24.908100670028208,2.282000755217747,25.11126355574754,0.08360579844869989,12.181432650167679,0.13551533049673684,12.386857866273225,Left,0
cellula_MI_data_1301.csv,False,flatline_dead_channel_FZ_(var=4.6689e-01),127.99138858753497,34.08664043560501,-0.3962869192781992,10.173804343234604,127.99138858753497,12.444175885435499,126.2385089921159,0.4668857324900214,68.40772379763125,0.704752094627464,66.76720011767131,Right,1
cellula_MI_data_1302.csv,False,flatline_dead_channel_FZ_(var=6.6134e-02); flatline_dead_channel_CZ_(var=1.4491e-01),41.85330762317788,8.076619167558599,-0.6497798268921785,1.6149240604236477,39.96779167968371,3.180904299860403,41.85330762317788,0.0661344799218631,15.721500821286906,0.1449119184664681,16.37392945055916,Left,0
cellula_MI_data_1303.csv,False,flatline_dead_channel_FZ_(var=3.7162e-01); flatline_dead_channel_CZ_(var=3.8703e-01),66.48177723594611,13.035393352881634,-0.601451758510976,8.803210879554461,65.64853985516788,8.512874523287673,66.48177723594611,0.3716211869752834,25.353217605640694,0.38703487472190456,26.02969974418865,Right,1
cellula_MI_data_1304.csv,False,extreme_ptp_amplitude_C3_(3932.6uV>200.0uV); extreme_ptp_amplitude_C4_(4107.7uV>200.0uV); statistical_variance_outlier_(z=319.22),4107.696402765299,32829.083098541276,319.2227907309325,158.11367235275634,3932.595536199922,17.703369302537112,4107.696402765299,101.87800257808443,62754.874274912676,1.2647243607276122,68458.3153923136,Left,0
cellula_MI_data_1305.csv,False,flatline_dead_channel_FZ_(var=1.6354e-01); flatline_dead_channel_CZ_(var=1.7377e-01),39.66983089566146,8.278980263595084,-0.6478076215604873,3.9008659291018635,38.573826365324045,3.3020296225984254,39.66983089566146,0.16353819857070245,15.897908218563128,0.17376732159293673,16.880707315653574,Left,0
cellula_MI_data_1306.csv,False,flatline_dead_channel_C4_(var=3.0070e-01),21.624309691334368,5.650140539093085,-0.6734282167360021,16.755038450648122,9.664586281984718,21.624309691334368,3.874031026403979,8.014316511062308,2.0113873096458112,12.274158584963512,0.30069975070071026,Left,0
cellula_MI_data_1307.csv,True,CLEAN,123.17372866738135,29.75571213486038,-0.4384960200055469,71.9822508121563,60.331813695284595,123.17372866738135,9.606165866851203,28.37279719695418,16.8560211991092,73.10835215400799,0.6856779893701569,Left,0
cellula_MI_data_1308.csv,False,flatline_dead_channel_C4_(var=4.0726e-01),76.4693455693906,16.26742958142464,-0.5699524278243994,55.121197070353006,29.346740094464558,76.4693455693906,7.262122211887949,20.39872601233238,5.963409108473306,38.3003191319042,0.40726407298866996,Right,1
cellula_MI_data_1309.csv,False,flatline_dead_channel_C4_(var=1.7430e-01),31.191827250336097,5.968388672388837,-0.670326579723849,20.293044780962287,14.54655208263994,31.191827250336097,2.574824393814855,8.399227626565366,1.9742134181854716,13.32581089073928,0.17430275406522933,Left,0
cellula_MI_data_1310.csv,False,flatline_dead_channel_C4_(var=2.5991e-01),61.30402242743355,9.935191530071325,-0.6316662349297172,51.79663808025234,16.202092001915904,61.30402242743355,6.156265476247061,15.257620171382957,2.22170651602339,22.0015309819246,0.25990845095435805,Right,1
cellula_MI_data_1311.csv,False,flatline_dead_channel_C4_(var=2.4942e-01),81.94758402086022,15.004404584988805,-0.5822618325509916,63.15595999506665,25.338088312269097,81.94758402086022,6.366590963374842,21.34304718433716,3.709379781891497,34.71576660571975,0.2494247680068167,Right,1
cellula_MI_data_1312.csv,False,extreme_ptp_amplitude_FZ_(2115.2uV>200.0uV); extreme_ptp_amplitude_C3_(600.3uV>200.0uV); extreme_ptp_amplitude_CZ_(2459.9uV>200.0uV); extreme_ptp_amplitude_C4_(254.8uV>200.0uV); statistical_variance_outlier_(z=102.50),2459.8867381121013,10591.935896524068,102.50020357163365,2115.216885234465,600.2976089325634,2459.8867381121013,254.80099710242143,17313.78972400415,1390.6819185083407,23411.855702102122,251.41624148166258,Left,0
cellula_MI_data_1313.csv,False,flatline_dead_channel_C4_(var=1.3613e-01),25.220780000942103,5.944811837601622,-0.6705563588670859,17.133312540637135,11.61711710367075,25.220780000942103,2.2839797326854097,7.7797580444845025,2.2483404480496625,13.615018221633157,0.13613063623916818,Left,0
cellula_MI_data_1314.csv,False,flatline_dead_channel_C4_(var=1.2965e-01),35.134476009992035,6.338734476321865,-0.6667172003352612,25.48368132302094,13.116469758161935,35.134476009992035,2.4484324695175568,8.589912443358829,2.1321443609011905,14.50323246799768,0.1296486330297619,Left,0
cellula_MI_data_1315.csv,False,flatline_dead_channel_CZ_(var=3.4363e-01),52.560363104972765,12.956415810546915,-0.6022214713319044,9.262336853733283,48.4084116165627,5.450106236616591,52.560363104972765,0.7338539871438066,23.17496672264067,0.3436316351984885,27.573210897204692,Left,0
cellula_MI_data_1316.csv,True,CLEAN,29.205625944831258,9.211046271645943,-0.6387237334685069,6.876187598029082,29.205625944831258,9.960791578501786,29.067861223758054,0.6178493578639404,16.662901299717028,0.5897178648336203,18.973716564169184,Left,0
cellula_MI_data_1317.csv,False,extreme_ptp_amplitude_FZ_(765.4uV>200.0uV); extreme_ptp_amplitude_C3_(5541.1uV>200.0uV); extreme_ptp_amplitude_C4_(6200.9uV>200.0uV); statistical_variance_outlier_(z=704.07),6200.935224794292,72317.17331713982,704.0725646883653,765.4029572278441,5541.13140121991,106.68167151261468,6200.935224794292,2433.679326472664,127344.78913514978,47.60289774352273,159442.62190919335,Right,1
cellula_MI_data_1318.csv,False,flatline_dead_channel_CZ_(var=3.7592e-01),44.145377163302726,10.496728535685339,-0.6261935116735922,7.430508585549481,42.80922228315525,6.316957801145449,44.145377163302726,0.5604484850057572,19.152224053448293,0.37591692368905505,21.898324680598254,Left,0
cellula_MI_data_1319.csv,False,flatline_dead_channel_CZ_(var=2.5585e-01),100.29978069693789,24.298892600133215,-0.4916780238158286,15.235357377520373,87.84589589178329,3.4980083524017163,100.29978069693789,1.1789495449397163,42.189628477148,0.25584795103782215,53.571144427407326,Right,1
cellula_MI_data_1320.csv,True,CLEAN,47.807969789534184,10.207105311945003,-0.6290161711532546,9.298957183709698,47.807969789534184,12.345019582308154,45.62388468039775,0.6250731625654101,19.011359199040502,0.8125774939149922,20.379411392259108,Left,0
cellula_MI_data_1321.csv,False,flatline_dead_channel_FZ_(var=2.5388e-01); flatline_dead_channel_CZ_(var=2.0718e-01),29.84227654400256,6.76979099034926,-0.6625161361392471,4.149253499423992,28.683183803198766,3.424803497062822,29.84227654400256,0.2538834202352944,12.392828490810162,0.20717584010619972,14.225276210245385,Left,0
cellula_MI_data_1322.csv,False,flatline_dead_channel_FZ_(var=2.9152e-01); flatline_dead_channel_CZ_(var=3.2690e-01),25.94407852645702,7.6633243223031995,-0.6538077863830987,3.8884724684393404,24.073935144081855,6.015341548786707,25.94407852645702,0.29152253088045604,14.107662116487393,0.32689794765395014,15.927214694190997,Right,1
cellula_MI_data_1323.csv,False,flatline_dead_channel_FZ_(var=2.5862e-01); flatline_dead_channel_CZ_(var=2.8158e-01),29.7847370441822,7.805655619680058,-0.6524206297158777,2.9753110364361035,26.16287930224366,4.504750686465276,29.7847370441822,0.25862492194898207,14.173274352742975,0.28158481601380336,16.509138388014474,Left,0
cellula_MI_data_1324.csv,False,extreme_ptp_amplitude_FZ_(272.5uV>200.0uV); extreme_ptp_amplitude_C3_(2529.5uV>200.0uV); extreme_ptp_amplitude_C4_(2637.8uV>200.0uV); statistical_variance_outlier_(z=122.23),2637.7797362611195,12616.82006095884,122.23466549822423,272.49407837560295,2529.5244270084027,164.2574099669714,2637.7797362611195,277.9767610492792,23993.059481751745,100.70278306868659,26095.541217965652,Right,1
cellula_MI_data_1325.csv,False,flatline_dead_channel_CZ_(var=3.5404e-01),84.49493643568448,20.216877028240706,-0.5314612283576792,10.23403505355105,80.91400980840953,7.672520897536597,84.49493643568448,0.5875413614143791,37.99873515762292,0.35403781005314056,41.92719378387238,Right,1
cellula_MI_data_1326.csv,False,flatline_dead_channel_FZ_(var=2.5452e-01); flatline_dead_channel_CZ_(var=2.2424e-01),26.12468931346543,7.017522203770951,-0.6601017549686269,3.471641622408594,24.599958434051977,3.058989200749692,26.12468931346543,0.2545212801191441,12.912586816203632,0.22423834962459796,14.67874236913643,Left,0
cellula_MI_data_1327.csv,False,flatline_dead_channel_FZ_(var=2.5145e-01); flatline_dead_channel_CZ_(var=2.1390e-01),22.697073993084068,7.124196499166777,-0.6590621104012931,3.2138669785075766,21.198858387670622,2.9462622192813086,22.697073993084068,0.2514485534921868,13.080770482048493,0.21390242774464677,14.950664533381781,Right,1
cellula_MI_data_1328.csv,True,CLEAN,42.05985669490271,9.187216998454145,-0.638955972869062,12.165142643782373,42.05985669490271,16.804531496980935,38.0667038986355,0.770084634525775,17.13919608957687,1.2755068139664671,17.56408045574747,Right,1
cellula_MI_data_1329.csv,False,extreme_ptp_amplitude_C3_(494.0uV>200.0uV); extreme_ptp_amplitude_C4_(564.5uV>200.0uV); statistical_variance_outlier_(z=4.33),564.4637578330947,519.4442109674252,4.333993787478375,67.75550777866275,493.97550084651186,138.77597596911443,564.4637578330947,16.243318696686522,864.1717596046605,68.12332531759068,1129.238440250763,Left,0
cellula_MI_data_1330.csv,False,extreme_ptp_amplitude_C3_(1585.7uV>200.0uV); extreme_ptp_amplitude_C4_(1632.5uV>200.0uV); statistical_variance_outlier_(z=43.19),1632.469048167357,4506.548919297018,43.19219982506875,101.19408855047647,1585.6864210963881,54.62918226413575,1632.469048167357,35.50258760329289,8728.353722524973,10.304908491608305,9252.034458568198,Right,1
cellula_MI_data_1331.csv,False,flatline_dead_channel_FZ_(var=8.2473e-02); flatline_dead_channel_CZ_(var=2.2366e-01),21.711147897298112,5.080059669838784,-0.6789842082376281,2.8156470380449887,21.69354115394013,5.536040989712831,21.711147897298112,0.08247312426937574,9.972709832047933,0.22366239147869246,10.041393331559137,Right,1
cellula_MI_data_1332.csv,False,flatline_dead_channel_FZ_(var=7.9396e-02); flatline_dead_channel_CZ_(var=1.5273e-01),24.094048819656905,5.407626473197132,-0.6757917517392117,2.954739487053833,24.094048819656905,3.949870487074786,23.6407206133523,0.07939571808674294,10.584888144631066,0.15272977943367883,10.81349225063704,Left,0
cellula_MI_data_1333.csv,False,extreme_ptp_amplitude_C3_(1807.0uV>200.0uV); extreme_ptp_amplitude_CZ_(543.8uV>200.0uV); extreme_ptp_amplitude_C4_(2224.0uV>200.0uV); statistical_variance_outlier_(z=85.02),2224.048995826287,8798.54121133041,85.02183134870533,127.33600866121975,1806.9874468047,543.78355758203,2224.048995826287,66.84125862647002,13479.520234230504,1223.999567212642,20423.803785252025,Left,0
cellula_MI_data_1334.csv,False,flatline_dead_channel_FZ_(var=1.6227e-01); flatline_dead_channel_CZ_(var=1.8421e-01),24.50924057248705,6.480476582295493,-0.6653357859102477,2.670330070894267,23.21960130798511,3.6064621299616326,24.50924057248705,0.16227486419062365,12.02364062599078,0.18421174396004958,13.551779095040517,Left,0
cellula_MI_data_1335.csv,False,flatline_dead_channel_FZ_(var=2.1766e-01); flatline_dead_channel_CZ_(var=2.0924e-01),26.690712975264926,6.657763654372,-0.6636079512837434,2.8193611539370202,24.463089576893346,3.1101109230302444,26.690712975264926,0.21766440189637123,12.277652636534105,0.20923864254398072,13.926498936513543,Right,1
cellula_MI_data_1336.csv,False,flatline_dead_channel_FZ_(var=1.9281e-01); flatline_dead_channel_CZ_(var=1.9142e-01),31.476674185129234,7.202481214495883,-0.6582991498521263,2.6760738071171204,28.994092074661026,2.849106293519241,31.476674185129234,0.19281436071052385,13.312899062990073,0.19142047913691326,15.112790955146023,Right,1
cellula_MI_data_1337.csv,False,flatline_dead_channel_FZ_(var=4.1131e-01); flatline_dead_channel_CZ_(var=3.5959e-01),49.695337377798886,10.88177174103237,-0.6224408918400846,4.930567555243897,41.798906780394354,6.28478702776801,49.695337377798886,0.41130666804823685,19.014620749923896,0.35958881225074907,23.741570733906602,Left,0
cellula_MI_data_1338.csv,False,flatline_dead_channel_FZ_(var=4.4453e-01); flatline_dead_channel_CZ_(var=3.0622e-01),27.91808708458799,9.300531191952242,-0.6378516160487523,4.6875887219714,25.00411999385399,4.92056512026003,27.91808708458799,0.44453060190668914,16.515387862352412,0.3062235948175935,19.935982708732276,Left,0
cellula_MI_data_1339.csv,False,flatline_dead_channel_FZ_(var=4.6059e-01); flatline_dead_channel_CZ_(var=3.4322e-01),29.98269936758078,8.99272744548897,-0.6408514623718812,4.469058619992655,27.369895491477564,6.090819489562275,29.98269936758078,0.4605850910683345,15.943910732800557,0.3432180357782975,19.22319592230869,Right,1
cellula_MI_data_1340.csv,False,flatline_dead_channel_FZ_(var=4.4764e-01); flatline_dead_channel_CZ_(var=3.4124e-01),27.95894846509674,8.491220795866154,-0.6457391315317987,4.157574876609428,24.881913424760118,5.428048491298274,27.95894846509674,0.4476392326142939,15.067728097357408,0.3412363802521319,18.10827947324078,Right,1
cellula_MI_data_1341.csv,False,flatline_dead_channel_CZ_(var=4.5974e-01),29.89193239851616,8.515932319861674,-0.6454982937406781,6.54806593575708,28.421025949302077,8.332767434722776,29.89193239851616,0.5147175154735327,15.118165412070162,0.4597426865500293,17.971103665352974,Left,0
cellula_MI_data_1342.csv,False,extreme_ptp_amplitude_C3_(229.5uV>200.0uV); extreme_ptp_amplitude_CZ_(395.0uV>200.0uV); statistical_variance_outlier_(z=7.16),394.9886191669451,809.5364973659914,7.16122473810816,137.13883428924447,229.45627749622395,394.9886191669451,189.29819947779717,591.5843266446773,397.08700659554245,1847.1740740317412,402.30058219200487,Right,1
cellula_MI_data_1343.csv,False,extreme_ptp_amplitude_FZ_(25150.6uV>200.0uV); extreme_ptp_amplitude_C3_(2702.8uV>200.0uV); extreme_ptp_amplitude_CZ_(10689.8uV>200.0uV); extreme_ptp_amplitude_C4_(11759.3uV>200.0uV); statistical_variance_outlier_(z=8752.15),25150.625043918742,898102.7026830277,8752.15421549705,25150.625043918742,2702.809579829679,10689.763224584567,11759.262618326251,2546202.3198913042,29439.570138590563,460077.7353394269,556691.1853627892,Right,1
cellula_MI_data_1344.csv,True,CLEAN,164.91633104634298,288.05457871984214,2.0788771896988774,164.91633104634298,44.73654353106873,113.59791228009006,73.24229600360579,614.8531879951496,53.04571202537856,365.4255921864539,118.89382267238642,Left,0
cellula_MI_data_1345.csv,False,extreme_ptp_amplitude_C3_(230.6uV>200.0uV); extreme_ptp_amplitude_CZ_(326.4uV>200.0uV); extreme_ptp_amplitude_C4_(206.7uV>200.0uV); statistical_variance_outlier_(z=4.50),326.39976907675583,536.5919344386492,4.50111499960215,195.4446974733283,230.59682685125125,326.39976907675583,206.7395056973647,657.3653006299045,277.7822372971823,891.4899175665729,319.7302822609373,Right,1
cellula_MI_data_1346.csv,True,CLEAN,129.08889686734727,270.731381114365,1.9100458117876762,129.08889686734727,48.44121224631449,101.66535958018369,56.94352766370439,560.736473648052,54.20498201999161,361.12457054603493,106.85949824338141,Left,0
cellula_MI_data_1347.csv,True,CLEAN,149.47854364541797,314.4696317524209,2.336317525060387,149.47854364541797,41.125563732770964,114.04273506686881,62.70448050933461,657.6930379107441,59.57445232483267,415.565001070752,125.04603570335475,Right,1
cellula_MI_data_1348.csv,False,extreme_ptp_amplitude_FZ_(46607.0uV>200.0uV); extreme_ptp_amplitude_C3_(19775.2uV>200.0uV); extreme_ptp_amplitude_CZ_(4296.3uV>200.0uV); extreme_ptp_amplitude_C4_(31128.0uV>200.0uV); statistical_variance_outlier_(z=47691.23),46606.97766425953,4893504.7810914945,47691.22617953813,46606.97766425953,19775.210454045573,4296.278125119599,31128.045335333547,11977459.661148341,2154517.41873365,101516.80462825987,5340525.239855726,Right,1
cellula_MI_data_1349.csv,True,CLEAN,162.8394108478721,271.2632533742632,1.915229423298461,162.8394108478721,38.8527648384771,106.97232704855233,66.27427699715423,568.4838411163581,48.809163112384304,364.3707702037232,103.38923906458697,Left,0
cellula_MI_data_1350.csv,False,extreme_ptp_amplitude_FZ_(9386.2uV>200.0uV); extreme_ptp_amplitude_C3_(76963.6uV>200.0uV); extreme_ptp_amplitude_CZ_(106667.9uV>200.0uV); extreme_ptp_amplitude_C4_(39063.5uV>200.0uV); statistical_variance_outlier_(z=196513.30),106667.90540204276,20163617.93940278,196513.3030322861,9386.218687211607,76963.56777603929,106667.90540204276,39063.522545498476,375204.53491019993,25256768.13158455,48514134.51812361,6508364.572992775,Left,0
cellula_MI_data_1351.csv,False,extreme_ptp_amplitude_FZ_(819.8uV>200.0uV); extreme_ptp_amplitude_CZ_(796.7uV>200.0uV); extreme_ptp_amplitude_C4_(201.9uV>200.0uV); statistical_variance_outlier_(z=15.53),819.8470128407074,1668.4525926767521,15.532195916984243,819.8470128407074,180.74919097001046,796.7240782685938,201.86841105001685,3219.247337297218,196.49052802881903,2994.012819423666,264.0596859573058,Left,0
cellula_MI_data_1352.csv,False,extreme_ptp_amplitude_CZ_(252.0uV>200.0uV); extreme_ptp_amplitude_C4_(201.8uV>200.0uV),251.95882227281595,370.03774078246033,2.8778826927113745,192.7110666542412,180.05849241786598,251.95882227281595,201.77017447994808,568.9016291338733,157.8718817087866,513.95580340125,239.4216488859314,Left,0
cellula_MI_data_1353.csv,False,extreme_ptp_amplitude_FZ_(23379.6uV>200.0uV); extreme_ptp_amplitude_C3_(4035.8uV>200.0uV); extreme_ptp_amplitude_CZ_(21247.4uV>200.0uV); extreme_ptp_amplitude_C4_(6178.7uV>200.0uV); statistical_variance_outlier_(z=10391.31),23379.58749328916,1066290.5419204803,10391.307984509584,23379.58749328916,4035.7646947633075,21247.366876001914,6178.699184957181,2215215.465522984,65981.75113434659,1829923.5992316531,154041.3517929373,Left,0
cellula_MI_data_1354.csv,False,extreme_ptp_amplitude_FZ_(17520.5uV>200.0uV); extreme_ptp_amplitude_C3_(2692.4uV>200.0uV); extreme_ptp_amplitude_CZ_(5498.8uV>200.0uV); extreme_ptp_amplitude_C4_(9349.4uV>200.0uV); statistical_variance_outlier_(z=3484.98),17520.508859504134,357655.89083357085,3484.9753718284655,17520.508859504134,2692.402889485022,5498.767234547256,9349.369399708958,1017257.2777024959,23843.333302240106,100405.52738108055,289117.4249484669,Left,0
cellula_MI_data_1355.csv,True,CLEAN,164.88605441464966,283.23894302477237,2.031944144863094,164.88605441464966,32.230876207938785,126.28148635264841,66.43626861088424,616.379916403483,34.44973150898213,369.7686040330285,112.35752015359576,Right,1
cellula_MI_data_1356.csv,False,extreme_ptp_amplitude_FZ_(72123.0uV>200.0uV); extreme_ptp_amplitude_C3_(7074.4uV>200.0uV); extreme_ptp_amplitude_CZ_(30041.8uV>200.0uV); extreme_ptp_amplitude_C4_(35008.4uV>200.0uV); statistical_variance_outlier_(z=105880.49),72122.97260296569,10864102.057300348,105880.49285259706,72122.97260296569,7074.356232435688,30041.77971138442,35008.42763040382,30631136.82123474,295032.5500076166,5311361.238294557,7218877.619664474,Right,1
cellula_MI_data_1357.csv,False,extreme_ptp_amplitude_FZ_(156319.4uV>200.0uV); extreme_ptp_amplitude_C3_(8514.4uV>200.0uV); extreme_ptp_amplitude_CZ_(109092.7uV>200.0uV); extreme_ptp_amplitude_C4_(55741.3uV>200.0uV); statistical_variance_outlier_(z=408755.02),156319.4189679461,41940998.84378374,408755.02128303447,156319.4189679461,8514.43940290973,109092.65494999735,55741.34641516673,103740005.70848252,307732.9140581306,50525995.253057726,13190261.4995366,Right,1
cellula_MI_data_1358.csv,True,CLEAN,171.06877892825142,260.7046351374775,1.8123254383441338,171.06877892825142,33.43345838503281,137.7113325100456,66.70047059838723,563.6297063161039,32.07464209966654,345.32819567930727,101.78599645483222,Right,1
cellula_MI_data_1359.csv,False,extreme_ptp_amplitude_FZ_(32683.3uV>200.0uV); extreme_ptp_amplitude_C3_(899.8uV>200.0uV); extreme_ptp_amplitude_CZ_(17188.3uV>200.0uV); extreme_ptp_amplitude_C4_(14599.4uV>200.0uV); statistical_variance_outlier_(z=15880.81),32683.31840559045,1629548.6461474886,15880.805017449391,32683.31840559045,899.816734929615,17188.265017297806,14599.412132476258,4413378.203838642,3341.0542048427565,1220868.187492429,880607.1390540405,Right,1
cellula_MI_data_1360.csv,True,CLEAN,138.11495139507468,291.92991597567203,2.1166461134087537,138.11495139507468,47.808932699402035,92.0597406256419,73.3569792050188,695.589536814023,39.551888418163855,280.30937587993003,152.26886279057143,Right,1
cellula_MI_data_1361.csv,False,extreme_ptp_amplitude_FZ_(332.1uV>200.0uV); extreme_ptp_amplitude_CZ_(265.7uV>200.0uV),332.06044306908547,394.4848847603999,3.116143843902311,332.06044306908547,47.31363933579608,265.65016767993484,100.52352588519506,901.2405136379978,42.058387235477,488.3796569703285,146.2609811977963,Right,1
cellula_MI_data_1362.csv,False,extreme_ptp_amplitude_FZ_(737.0uV>200.0uV); extreme_ptp_amplitude_CZ_(419.5uV>200.0uV); extreme_ptp_amplitude_C4_(286.7uV>200.0uV); statistical_variance_outlier_(z=9.70),736.9785943877031,1070.4412305790786,9.703994647861583,736.9785943877031,58.07180856383125,419.50902461397175,286.7468935114281,2802.819844150189,40.789861213272985,1004.4540767554,433.701140197452,Left,0
cellula_MI_data_1363.csv,False,extreme_ptp_amplitude_FZ_(776.9uV>200.0uV); extreme_ptp_amplitude_CZ_(372.9uV>200.0uV); extreme_ptp_amplitude_C4_(338.7uV>200.0uV); statistical_variance_outlier_(z=10.24),776.9162709917031,1125.028893268526,10.236004414112669,776.9162709917031,94.73902259956091,372.9173422671502,338.73367467348845,3051.5179418681914,66.10802381586595,798.5769236837467,583.9126837062993,Right,1
cellula_MI_data_1364.csv,False,extreme_ptp_amplitude_FZ_(209.7uV>200.0uV),209.655305069063,289.2645762373174,2.0906697901642723,209.655305069063,30.478634691122938,132.19370293865393,82.27472156034247,670.9718865251658,31.090840734781697,335.96795567386334,119.0276220154586,Left,0
cellula_MI_data_1365.csv,True,CLEAN,151.47136731189414,290.57004023461286,2.1033928041537435,151.47136731189414,40.18115797890816,93.98766629496004,72.86628249821331,661.2507586383354,41.31606550370153,334.29935126346487,125.41398553294982,Right,1
cellula_MI_data_1366.csv,False,extreme_ptp_amplitude_FZ_(588.8uV>200.0uV); extreme_ptp_amplitude_C3_(224.3uV>200.0uV); extreme_ptp_amplitude_C4_(389.9uV>200.0uV); statistical_variance_outlier_(z=6.95),588.7566480543671,787.8102315278587,6.9494811858001695,588.7566480543671,224.3085086336757,102.42162652646688,389.852219117712,1911.4033862331328,222.1944021943319,325.60653545040316,692.0366022335669,Left,0
cellula_MI_data_1367.csv,False,extreme_ptp_amplitude_FZ_(307.5uV>200.0uV); extreme_ptp_amplitude_CZ_(229.2uV>200.0uV),307.49240765827574,372.90193166557947,2.9057970134049635,307.49240765827574,37.94300108130993,229.22533178992305,105.22882550685108,874.4941200394902,32.63683452320857,445.8561987595832,138.62057334003597,Right,1
cellula_MI_data_1368.csv,False,extreme_ptp_amplitude_FZ_(235.6uV>200.0uV),235.6341149414609,316.9309319522957,2.360305284922145,235.6341149414609,50.43429573272422,145.43020763984902,99.52941156087653,721.7959688301376,51.64247337626228,359.2481445406487,135.03714106213428,Right,1
cellula_MI_data_1369.csv,True,CLEAN,163.27092278117303,292.5096844560926,2.1222965200858637,129.41179109825168,44.18012505707363,163.27092278117303,92.57412997356647,619.7696822978522,38.17387556009595,348.3961499326143,163.6990300338078,Right,1
cellula_MI_data_1370.csv,True,CLEAN,157.85318751664215,265.7668779318361,1.8616619087670303,157.85318751664215,30.65380946559968,96.44987616514354,67.67367715453864,635.5621327146165,27.4023898110755,266.08674686353726,134.01624233811518,Right,1
cellula_MI_data_1371.csv,False,extreme_ptp_amplitude_FZ_(636.4uV>200.0uV); extreme_ptp_amplitude_C3_(201.5uV>200.0uV); extreme_ptp_amplitude_C4_(413.2uV>200.0uV); statistical_variance_outlier_(z=7.49),636.4278923390239,843.6100913703507,7.493304990100665,636.4278923390239,201.4926946231924,84.67865539317292,413.2219734677919,2101.6581236233424,185.54049547676817,269.9599074347484,817.2818389465436,Right,1
cellula_MI_data_1372.csv,True,CLEAN,187.44876950183232,269.1804582098798,1.8949305624577555,187.44876950183232,29.965081388346693,126.91991041395461,74.75689068101285,625.6026547019381,28.751604873560108,290.85919591453967,131.50837734948135,Left,0
cellula_MI_data_1373.csv,False,extreme_ptp_amplitude_FZ_(266.4uV>200.0uV),266.3903413852421,336.577991794416,2.5517849563195454,266.3903413852421,102.0453427041933,108.9316143035806,189.62721726350043,782.3397258910476,58.346933310357294,270.3825624057866,235.24274557047272,Right,1
cellula_MI_data_1374.csv,True,CLEAN,131.33565555310463,261.2251167909889,1.8173980373377543,131.33565555310463,29.561065969381353,90.13616776987715,57.4940734897138,596.3662120386487,28.490262016816057,298.1109100255141,121.93308308297686,Right,1
cellula_MI_data_1375.csv,False,extreme_ptp_amplitude_FZ_(53162.8uV>200.0uV); extreme_ptp_amplitude_C3_(48994.0uV>200.0uV); extreme_ptp_amplitude_CZ_(61213.5uV>200.0uV); extreme_ptp_amplitude_C4_(65378.1uV>200.0uV); statistical_variance_outlier_(z=155540.84),65378.12630421719,15959577.151835235,155540.84430240886,53162.798690951364,48994.03471323181,61213.53454013304,65378.12630421719,13609851.882384839,11568744.243015286,18065408.2262685,20594304.255672313,Right,1
cellula_MI_data_1376.csv,True,CLEAN,170.53767929674518,243.33874097795749,1.643077941064252,170.53767929674518,32.57112392057343,113.21144259113964,72.13030957472134,557.9252851940003,28.378169756610227,271.54976166344665,115.50174729777277,Left,0
cellula_MI_data_1377.csv,False,extreme_ptp_amplitude_FZ_(563.6uV>200.0uV); extreme_ptp_amplitude_C3_(234.8uV>200.0uV); extreme_ptp_amplitude_CZ_(771.8uV>200.0uV); statistical_variance_outlier_(z=10.61),771.8153139864554,1163.5750059405868,10.611673702413512,563.6117379155311,234.8379798632245,771.8153139864554,59.136467829815395,1716.209195943632,237.64047287713663,2581.6646142879913,118.78574065358755,Right,1
cellula_MI_data_1378.csv,False,extreme_ptp_amplitude_FZ_(656.9uV>200.0uV); extreme_ptp_amplitude_C3_(363.0uV>200.0uV); extreme_ptp_amplitude_CZ_(1403.9uV>200.0uV); extreme_ptp_amplitude_C4_(516.8uV>200.0uV); statistical_variance_outlier_(z=59.84),1403.9139898860922,6214.97180579868,59.842439379682595,656.9117251596422,363.00432228671514,1403.9139898860922,516.8048590605595,3228.7794447228675,1182.2516130205163,16924.197528737746,3524.6586367135897,Left,0
cellula_MI_data_1379.csv,False,extreme_ptp_amplitude_FZ_(19656.9uV>200.0uV); extreme_ptp_amplitude_C3_(7953.4uV>200.0uV); extreme_ptp_amplitude_CZ_(27603.9uV>200.0uV); statistical_variance_outlier_(z=12179.91),27603.870882451825,1249813.0762485538,12179.913244000933,19656.858796610923,7953.387329560415,27603.870882451825,68.50927371425254,1594643.4918761617,260885.29962906404,3143561.938849371,161.57463961846562,Right,1
cellula_MI_data_1380.csv,True,CLEAN,132.57818322353265,298.5978703050865,2.1816318015549228,132.57818322353265,30.257743403355164,96.18104347686214,65.40243317027083,659.6958497136045,31.45824822191071,357.4004232081916,145.83696007663914,Right,1
cellula_MI_data_1381.csv,False,extreme_ptp_amplitude_FZ_(347.4uV>200.0uV); extreme_ptp_amplitude_CZ_(328.3uV>200.0uV),347.3513976801902,478.249842242059,3.932514673028587,347.3513976801902,74.26679652666189,328.30515727056365,86.19596555127858,975.5113052140154,51.77396329710376,727.3602066025902,158.35389385452675,Right,1
cellula_MI_data_1382.csv,True,CLEAN,154.85743767643322,305.63161629719997,2.250182484562224,154.85743767643322,46.05583666547692,138.59564957826828,65.5008721375197,635.2569211897425,39.562730651124475,405.75674037076186,141.950072977171,Right,1
cellula_MI_data_1383.csv,False,extreme_ptp_amplitude_FZ_(1150.8uV>200.0uV); extreme_ptp_amplitude_CZ_(669.5uV>200.0uV); extreme_ptp_amplitude_C4_(492.7uV>200.0uV); statistical_variance_outlier_(z=20.84),1150.7846337582232,2213.457663662356,20.843799421062446,1150.7846337582232,33.74515980007062,669.4503279956639,492.69866870844527,5665.878103081873,37.26077951631979,2096.819649081399,1053.8721229698333,Right,1
cellula_MI_data_1384.csv,False,extreme_ptp_amplitude_FZ_(86126.2uV>200.0uV); extreme_ptp_amplitude_C3_(26706.6uV>200.0uV); extreme_ptp_amplitude_CZ_(102770.5uV>200.0uV); extreme_ptp_amplitude_C4_(10063.5uV>200.0uV); statistical_variance_outlier_(z=185050.38),102770.48515300787,18987447.624737,185050.3814974944,86126.21427348562,26706.618380098786,102770.48515300787,10063.489014141487,29963621.186605535,2884903.17392463,42693659.83663083,407606.3017870054,Left,0
cellula_MI_data_1385.csv,True,CLEAN,132.82843814906937,309.13183448231365,2.2842955087648544,126.85877621611395,51.88494300105284,132.82843814906937,67.94302778157984,629.4682461968728,42.13756483785332,418.92122172912343,146.0003051654051,Right,1
cellula_MI_data_1386.csv,False,extreme_ptp_amplitude_FZ_(306.4uV>200.0uV),306.3650590684272,375.30765557534556,2.929243128366517,306.3650590684272,48.53120317019397,119.5834308750407,167.4119866496831,856.0093109269097,37.62299476659525,392.37800214612736,215.2203144617499,Right,1
cellula_MI_data_1387.csv,False,extreme_ptp_amplitude_FZ_(438.3uV>200.0uV); extreme_ptp_amplitude_CZ_(763.5uV>200.0uV); extreme_ptp_amplitude_C4_(229.8uV>200.0uV); statistical_variance_outlier_(z=11.56),763.4816090211141,1260.5935647186052,11.557213742681414,438.32216253788954,104.453271448755,763.4816090211141,229.8342059865255,1259.5324981216024,78.6588895273257,3368.1422180080326,336.04065321746003,Left,0
cellula_MI_data_1388.csv,False,extreme_ptp_amplitude_CZ_(297.5uV>200.0uV); statistical_variance_outlier_(z=4.93),297.5146954572225,581.0594857491035,4.934494455927658,136.92970917463606,55.351489827723064,297.5146954572225,146.48359883734724,536.4003692573476,57.57784917473409,1506.1795384311624,224.08018613316966,Right,1
cellula_MI_data_1389.csv,False,extreme_ptp_amplitude_FZ_(626.1uV>200.0uV); extreme_ptp_amplitude_C3_(219.9uV>200.0uV); extreme_ptp_amplitude_CZ_(1201.0uV>200.0uV); extreme_ptp_amplitude_C4_(365.9uV>200.0uV); statistical_variance_outlier_(z=23.80),1201.0491859502463,2516.9475236462795,23.80160273255749,626.0621230349643,219.91397559393442,1201.0491859502463,365.9323626100686,2014.2051648244667,247.55343376495554,7082.603895214856,723.4276007808395,Left,0
cellula_MI_data_1390.csv,False,extreme_ptp_amplitude_FZ_(227.3uV>200.0uV); extreme_ptp_amplitude_CZ_(379.3uV>200.0uV); statistical_variance_outlier_(z=7.90),379.3265140293927,884.9135818840166,7.895847602312147,227.29796206951116,76.71491713213283,379.3265140293927,181.2837473487575,721.0389411921128,92.25831989104307,2272.3584990590043,453.99856739390634,Right,1
cellula_MI_data_1391.csv,False,extreme_ptp_amplitude_CZ_(260.6uV>200.0uV); statistical_variance_outlier_(z=4.22),260.57327337372715,507.9028397881634,4.221511921049553,191.27308546480072,40.2758720202188,260.57327337372715,62.99987460291226,639.0094182577004,38.69159690924806,1262.308190946473,91.60215303923229,Left,0
cellula_MI_data_1392.csv,False,statistical_variance_outlier_(z=4.38),195.2882731390976,523.6923106437561,4.37539564285133,144.1266214614206,38.38976331810626,195.2882731390976,52.83144853582813,673.7296397609431,37.63201443521746,1300.8875077596213,82.52008061924235,Left,0
cellula_MI_data_1393.csv,False,extreme_ptp_amplitude_FZ_(872.2uV>200.0uV); extreme_ptp_amplitude_C3_(365.0uV>200.0uV); extreme_ptp_amplitude_CZ_(1821.0uV>200.0uV); extreme_ptp_amplitude_C4_(584.3uV>200.0uV); statistical_variance_outlier_(z=65.15),1820.9901227250914,6759.303832650436,65.14748341528964,872.1569761523035,364.98720621218524,1820.9901227250914,584.2807706714345,4766.323766908291,772.306500979656,19526.3425676809,1972.2424950328964,Right,1
cellula_MI_data_1394.csv,False,extreme_ptp_amplitude_FZ_(152457.5uV>200.0uV); extreme_ptp_amplitude_C3_(25506.5uV>200.0uV); extreme_ptp_amplitude_CZ_(229188.8uV>200.0uV); extreme_ptp_amplitude_C4_(51224.8uV>200.0uV); statistical_variance_outlier_(z=810540.05),229188.774306542,83166756.70132735,810540.0532982545,152457.4649936451,25506.48332606996,229188.774306542,51224.82598682694,97820033.52220881,2738104.5413072645,221065475.65420738,11043413.08758592,Right,1
cellula_MI_data_1395.csv,True,CLEAN,184.9828038617643,476.2662076555815,3.9131822282840076,127.31523348574854,38.23092454529396,184.9828038617643,60.70205949071618,586.5673729375884,36.512756357012115,1190.5850470801543,91.39965424757138,Right,1
cellula_MI_data_1396.csv,True,CLEAN,53.5225374160447,12.809943022729989,-0.6036489908439954,31.5499573643055,39.000919484346866,26.774498287264812,53.5225374160447,4.050852709065758,13.601781529067532,4.617333006390878,28.969804846395792,Left,0
cellula_MI_data_1397.csv,False,flatline_dead_channel_FZ_(var=1.1459e-01),32.07118314157958,6.58822072089217,-0.6642857146823249,2.7902890132655154,21.126191968007806,8.412412308705644,32.07118314157958,0.1145873592631402,7.6221792367430545,1.1965150840717051,17.419601203490778,Right,1
cellula_MI_data_1398.csv,False,flatline_dead_channel_FZ_(var=1.3689e-01),51.448693960480206,8.128036064239446,-0.64927871931884,3.5852846426395235,34.8197604869994,13.050586896733316,51.448693960480206,0.13689001924709385,9.632828836130185,1.4135812411192168,21.32884416046129,Right,1
cellula_MI_data_1399.csv,False,extreme_ptp_amplitude_C3_(3499.7uV>200.0uV); extreme_ptp_amplitude_CZ_(1145.1uV>200.0uV); extreme_ptp_amplitude_C4_(4833.4uV>200.0uV); statistical_variance_outlier_(z=362.32),4833.438708569372,37250.64762652031,362.3152294817302,188.66481298496188,3499.6751637523776,1145.101098343917,4833.438708569372,143.8656701031913,49374.40134765318,5287.827478472612,94196.49600985224,Right,1
cellula_MI_data_1400.csv,False,flatline_dead_channel_FZ_(var=1.4254e-01),32.74655024860249,5.275282784299575,-0.6770815694658975,3.0945392489784846,27.500238239904963,6.790141340042625,32.74655024860249,0.1425358804151058,8.816472757476213,0.5040208218273854,11.638101677479598,Left,0
cellula_MI_data_1401.csv,False,flatline_dead_channel_FZ_(var=4.6118e-01); flatline_dead_channel_CZ_(var=4.2374e-01),29.622971285723303,5.2104970920477935,-0.6777129689304133,7.397009282620646,29.418239528192085,6.72238158189516,29.622971285723303,0.46118156892645745,9.66973969263387,0.42373675934314214,10.287330347287705,Left,0
cellula_MI_data_1402.csv,False,flatline_dead_channel_FZ_(var=3.4681e-01); flatline_dead_channel_CZ_(var=2.0648e-01),18.4267797978725,3.9195247642478295,-0.6902947475322336,4.7339251384947,18.4267797978725,3.004546186796863,16.258632330012233,0.34681205872057935,7.869348930205204,0.20647928873302834,7.255458779332508,Right,1
cellula_MI_data_1403.csv,False,flatline_dead_channel_CZ_(var=4.2395e-01),21.861917934612656,3.8916782284400178,-0.6905661390569139,10.724348407546898,18.689580571540144,7.561909783749716,21.861917934612656,1.290383154271863,7.249008933728835,0.423952215317995,6.603368610441379,Left,0
cellula_MI_data_1404.csv,False,extreme_ptp_amplitude_FZ_(1467.0uV>200.0uV); extreme_ptp_amplitude_C3_(3706.8uV>200.0uV); extreme_ptp_amplitude_CZ_(393.8uV>200.0uV); extreme_ptp_amplitude_C4_(2633.6uV>200.0uV); statistical_variance_outlier_(z=227.69),3706.825656699036,23436.89313195255,227.6867816305354,1467.032318461036,3706.825656699036,393.77615858453294,2633.5694968225325,8781.245822895924,56042.628981890404,633.1949738536683,28290.502749170202,Right,1
cellula_MI_data_1405.csv,False,extreme_ptp_amplitude_FZ_(1194.7uV>200.0uV); extreme_ptp_amplitude_C3_(569.0uV>200.0uV); extreme_ptp_amplitude_CZ_(347.7uV>200.0uV); extreme_ptp_amplitude_C4_(291.0uV>200.0uV); statistical_variance_outlier_(z=18.90),1194.6987364472097,2014.1810502153414,18.90165536660105,1194.6987364472097,569.0369390266675,347.74853895869944,291.0152287790423,5903.943627855157,1301.7942449848924,502.8277346883583,348.15859333295793,Left,0
cellula_MI_data_1406.csv,False,flatline_dead_channel_C4_(var=1.1328e-01),35.06581223717032,6.273914447918176,-0.6673489344389105,24.142188165384724,13.819384559473175,35.06581223717032,2.3117219650828904,8.354791619964683,2.2029586212508407,14.424625229794957,0.11328232066222434,Left,0
cellula_MI_data_1407.csv,False,flatline_dead_channel_C4_(var=4.2574e-02),21.2017294332392,3.9032667702987105,-0.690453197466421,21.2017294332392,10.351635258909173,19.012668449535916,2.0570336277932775,6.199379354445847,1.533559205064929,7.837554119401649,0.04257440228241585,Right,1
cellula_MI_data_1408.csv,False,flatline_dead_channel_C4_(var=6.6320e-02),30.22835042705388,4.55260727209503,-0.6841247439009451,25.134289936018256,9.324221706237791,30.22835042705388,2.877738440928687,6.985471835722917,1.2719921802191987,9.886644675198285,0.06632039723971826,Left,0
cellula_MI_data_1409.csv,False,extreme_ptp_amplitude_FZ_(2269.3uV>200.0uV); extreme_ptp_amplitude_CZ_(1968.0uV>200.0uV); extreme_ptp_amplitude_C4_(270.7uV>200.0uV); statistical_variance_outlier_(z=88.82),2269.333148023947,9188.008922924691,88.81757229087383,2269.333148023947,34.27961101747292,1967.9775274884018,270.68914136162675,20819.07215570379,5.584751899799781,15630.793476457991,296.58530763718556,Left,0
cellula_MI_data_1410.csv,False,extreme_ptp_amplitude_FZ_(210.0uV>200.0uV); extreme_ptp_amplitude_C3_(870.7uV>200.0uV); extreme_ptp_amplitude_CZ_(1177.8uV>200.0uV); statistical_variance_outlier_(z=21.08),1177.8274865904798,2237.2636382592796,21.07581175419238,210.0282416619374,870.7283406997727,1177.8274865904798,97.78971660881956,188.189474890909,3075.434434230162,5647.108787954461,38.32185596158652,Right,1
cellula_MI_data_1411.csv,False,extreme_ptp_amplitude_FZ_(2123.2uV>200.0uV); extreme_ptp_amplitude_C3_(786.2uV>200.0uV); extreme_ptp_amplitude_CZ_(2758.7uV>200.0uV); statistical_variance_outlier_(z=122.00),2758.7275939778046,12592.879174372623,122.00133831678698,2123.2207597140277,786.2040012208537,2758.7275939778046,150.6971669570778,17803.35378723953,2437.628980297729,30040.78722500801,89.74670494521568,Right,1
cellula_MI_data_1412.csv,False,flatline_dead_channel_C4_(var=7.7107e-02),23.42650705773273,5.792557608362372,-0.6720402241384226,16.996753911444063,10.17238779664476,23.42650705773273,1.7175770410700073,7.977202073578967,1.7865364002698203,13.329385176068003,0.07710678353269841,Left,0
cellula_MI_data_1413.csv,False,flatline_dead_channel_C4_(var=7.4448e-02),31.91560609882206,6.064415269278851,-0.6693907073151697,25.491394669411438,9.843430253595251,31.91560609882206,2.3680414536368852,8.749159441264831,1.665763879002362,13.768290195386903,0.07444756146130864,Left,0
cellula_MI_data_1414.csv,False,extreme_ptp_amplitude_FZ_(5218.2uV>200.0uV); extreme_ptp_amplitude_C3_(9921.2uV>200.0uV); extreme_ptp_amplitude_CZ_(23721.4uV>200.0uV); extreme_ptp_amplitude_C4_(8581.9uV>200.0uV); statistical_variance_outlier_(z=6172.79),23721.388428684706,633443.6628605069,6172.794943178634,5218.223399925562,9921.22523736184,23721.388428684706,8581.939791397308,90523.08193219439,327364.4043406421,1871027.7919970711,244859.37317212028,Left,0
cellula_MI_data_1415.csv,False,extreme_ptp_amplitude_C3_(218.5uV>200.0uV); extreme_ptp_amplitude_CZ_(502.5uV>200.0uV); statistical_variance_outlier_(z=28.27),502.4839390773385,2975.539339548964,28.27102517643532,107.72032332945619,218.53642773973925,502.4839390773385,176.82903116213723,407.8077029104395,1632.758943524937,8766.985700954052,1094.6050108064283,Left,0
cellula_MI_data_1416.csv,False,extreme_ptp_amplitude_C3_(333.3uV>200.0uV); extreme_ptp_amplitude_CZ_(790.2uV>200.0uV); extreme_ptp_amplitude_C4_(280.6uV>200.0uV); statistical_variance_outlier_(z=33.12),790.2127041389066,3473.043717748075,33.1196883159503,176.23034599980505,333.3374616049798,790.2127041389066,280.64489653412187,483.4382961632695,1891.041842611153,10237.974246495805,1279.7204857220718,Right,1
cellula_MI_data_1417.csv,False,extreme_ptp_amplitude_C3_(224.8uV>200.0uV); extreme_ptp_amplitude_CZ_(524.8uV>200.0uV); statistical_variance_outlier_(z=25.19),524.8353987575133,2659.232544132994,25.18830838655871,114.34827133606971,224.76657671686218,524.8353987575133,185.72055070458146,358.02847727377446,1480.3644216674325,7828.997980331507,969.5392972592616,Right,1
cellula_MI_data_1418.csv,False,extreme_ptp_amplitude_FZ_(210.2uV>200.0uV); extreme_ptp_amplitude_C3_(275.0uV>200.0uV); extreme_ptp_amplitude_CZ_(763.1uV>200.0uV); extreme_ptp_amplitude_C4_(278.0uV>200.0uV); statistical_variance_outlier_(z=30.44),763.1104953699474,3197.712843633855,30.436321658313027,210.1807557355122,274.95128758311,763.1104953699474,277.97845205132535,489.71521898172944,1693.2322142859875,9426.550695469921,1181.3532457977824,Right,1
cellula_MI_data_1419.csv,False,extreme_ptp_amplitude_FZ_(5716.4uV>200.0uV); extreme_ptp_amplitude_C3_(1144.8uV>200.0uV); extreme_ptp_amplitude_CZ_(8235.0uV>200.0uV); extreme_ptp_amplitude_C4_(3527.8uV>200.0uV); statistical_variance_outlier_(z=1425.90),8234.954698139745,146381.5849711747,1425.9021574986195,5716.397518814465,1144.8051261682522,8234.954698139745,3527.8109704270137,166390.30096394225,7335.024842422998,348193.1997716402,63607.81430669336,Left,0
cellula_MI_data_1420.csv,False,extreme_ptp_amplitude_C3_(209.6uV>200.0uV); extreme_ptp_amplitude_CZ_(478.8uV>200.0uV); statistical_variance_outlier_(z=26.05),478.78790352937733,2747.976524340794,26.053204625753608,101.51243209997003,209.61799912400465,478.78790352937733,167.65747230540262,372.2421781061668,1532.2431175829024,8090.5034996080785,996.91730206603,Left,0
cellula_MI_data_1421.csv,False,extreme_ptp_amplitude_CZ_(424.1uV>200.0uV); statistical_variance_outlier_(z=25.71),424.149740620466,2713.140400206592,25.71369277738657,110.11576430780721,181.95295149831244,424.149740620466,152.06109249555385,379.12634629683765,1497.1509075019478,7989.472198937585,986.8121480899963,Right,1
cellula_MI_data_1422.csv,False,extreme_ptp_amplitude_C3_(224.6uV>200.0uV); extreme_ptp_amplitude_CZ_(514.4uV>200.0uV); statistical_variance_outlier_(z=30.54),514.4108331917777,3208.7238624272895,30.54363472587937,109.48513993246648,224.64567212466915,514.4108331917777,180.28002113464214,438.1347087071724,1783.039114341879,9449.324335896414,1164.397290763692,Right,1
cellula_MI_data_1423.csv,False,extreme_ptp_amplitude_FZ_(4448.9uV>200.0uV); extreme_ptp_amplitude_C3_(3215.9uV>200.0uV); extreme_ptp_amplitude_CZ_(238.5uV>200.0uV); extreme_ptp_amplitude_C4_(1471.6uV>200.0uV); statistical_variance_outlier_(z=299.20),4448.92459422025,30774.303930475966,299.19697297209024,4448.92459422025,3215.8789629855487,238.53231972910135,1471.5779509638012,75288.06376153215,39368.95657810668,217.03928362619732,8223.156098638841,Right,1
cellula_MI_data_1424.csv,False,flatline_dead_channel_CZ_(var=1.3112e-01),178.47841820257787,118.34414071819124,0.42488421760040945,178.47841820257787,141.2959188700679,2.5530011104159414,39.35128484504777,282.48162302605033,175.1193140165669,0.13112359203966442,15.644502238108029,Left,0
cellula_MI_data_1425.csv,False,flatline_dead_channel_CZ_(var=1.9759e-01),95.65104490214149,93.92037056227325,0.18685086699622508,95.65104490214149,83.18477846508027,4.534925741271135,22.023525326882634,221.51285018403473,142.20100290865906,0.19758821659935846,11.770040939799859,Right,1
cellula_MI_data_1426.csv,False,flatline_dead_channel_CZ_(var=1.2624e-01),85.66231894161191,81.27605476074729,0.0636197344920823,85.66231894161191,67.93310117273009,3.2408442056282354,21.026042626459212,193.48909156699787,120.59225790718791,0.1262433258756246,10.896626242927704,Left,0
cellula_MI_data_1427.csv,False,flatline_dead_channel_CZ_(var=2.6039e-01),187.40433379325097,152.59151583115383,0.7586581352018068,187.40433379325097,167.69276801767222,4.05523117599467,25.661040079823866,350.62961575781276,245.34778798284842,0.26038545314178835,14.128274130812294,Right,1
cellula_MI_data_1428.csv,True,CLEAN,124.29537184439832,83.61591268732471,0.0864239215052011,124.29537184439832,104.99395787652246,14.696216731724455,28.070014733073847,196.5758891801091,127.14660974437841,1.435164916866583,9.305986907944714,Left,0
cellula_MI_data_1429.csv,True,CLEAN,88.1933795387068,91.31874111392973,0.1614954623774312,88.1933795387068,71.52363955365782,7.7009249462351805,31.886280822423775,212.13829407108497,137.3743721896103,0.8512426454304252,14.911055549593243,Right,1
cellula_MI_data_1430.csv,True,CLEAN,199.85783764449752,136.89661010704177,0.6056960424095129,199.85783764449752,160.3181083806686,76.00681010482852,83.70504509371553,306.56080789749865,196.1461784944879,17.428807415710082,27.450646620470337,Left,0
cellula_MI_data_1431.csv,True,CLEAN,86.00773577616147,49.18275878180586,-0.24916059078248196,86.00773577616147,60.7997005493383,18.342004894187504,21.407617154078604,122.28546345266285,67.85736524115565,3.478806791180477,3.109399642224451,Left,0
cellula_MI_data_1432.csv,False,extreme_ptp_amplitude_FZ_(10059.4uV>200.0uV); extreme_ptp_amplitude_C3_(5546.8uV>200.0uV); extreme_ptp_amplitude_CZ_(2877.1uV>200.0uV); extreme_ptp_amplitude_C4_(1636.0uV>200.0uV); statistical_variance_outlier_(z=1284.59),10059.385408047225,131882.26587030385,1284.592217017409,10059.385408047225,5546.793387300404,2877.067676403528,1636.0074231587416,373599.48092088953,113375.53223436582,30670.121929833113,9883.928396126956,Left,0
cellula_MI_data_1433.csv,False,extreme_ptp_amplitude_FZ_(259.5uV>200.0uV),259.5266376369924,124.42641522233427,0.4841618872752022,259.5266376369924,171.77431795877123,42.1953776899469,45.55694198827432,329.0275184855835,149.99059497017552,9.281528401444096,9.406019032133964,Left,0
cellula_MI_data_1434.csv,False,extreme_ptp_amplitude_FZ_(2013.4uV>200.0uV); extreme_ptp_amplitude_C3_(803.2uV>200.0uV); extreme_ptp_amplitude_CZ_(776.4uV>200.0uV); extreme_ptp_amplitude_C4_(1996.2uV>200.0uV); statistical_variance_outlier_(z=91.56),2013.3914115928171,9469.405102917106,91.560051242453,2013.3914115928171,803.1791535534909,776.3840050518195,1996.1948369939214,16541.881173034442,2607.2801077819545,2462.293280811829,16266.1658500402,Left,0
cellula_MI_data_1435.csv,False,extreme_ptp_amplitude_FZ_(452.7uV>200.0uV); extreme_ptp_amplitude_C3_(365.6uV>200.0uV),452.7295256102349,417.15986010088875,3.3371334913116812,452.7295256102349,365.55113437420806,34.54744444914493,122.62985485555902,957.7656457722901,631.8315413151013,7.287011364002149,71.75524195216134,Right,1
cellula_MI_data_1436.csv,False,extreme_ptp_amplitude_FZ_(344.4uV>200.0uV); extreme_ptp_amplitude_C3_(286.6uV>200.0uV),344.4473138878739,261.7579246465189,1.8225907671362414,344.4473138878739,286.6358686800894,12.374590272607506,67.33854731156035,605.4996928255533,414.7850261413965,1.0479958850052378,25.69898373412066,Left,0
cellula_MI_data_1437.csv,True,CLEAN,106.53941233884842,85.51114206743354,0.10489477169052705,106.53941233884842,87.93798265716805,6.235713021209314,24.258134466871937,195.833181072736,134.58471062691984,0.5246125285396149,11.102064041538725,Right,1
cellula_MI_data_1438.csv,True,CLEAN,165.94714256679902,107.95207036286833,0.3236034034345199,165.94714256679902,131.0394582057384,12.882512699494924,48.5872990830612,249.93152213198783,163.95425427352615,1.053309710333745,16.869195335625566,Left,0
cellula_MI_data_1439.csv,True,CLEAN,155.0505088181111,70.88348377152994,-0.0376659588371206,155.0505088181111,115.54631906806593,47.04233700585617,22.663863730685637,165.43563148196003,99.94876094808752,11.920698503477661,6.228844152594519,Left,0
cellula_MI_data_1440.csv,False,flatline_dead_channel_C4_(var=4.1524e-01),132.89714621750508,52.204278471369896,-0.21971294813632106,132.89714621750508,118.2219613079502,24.946810900835317,8.555315614330258,121.14396659697825,78.54135879430862,8.716550828244188,0.41523766594853406,Left,0
cellula_MI_data_1441.csv,True,CLEAN,63.85725024152886,24.08529539946514,-0.49375973589509076,63.85725024152886,62.85271103268801,38.264395000323475,33.375115165045045,49.750467968236066,29.692085009220733,12.928979244914833,3.9696493754889284,Right,1
cellula_MI_data_1442.csv,True,CLEAN,186.699091426579,79.43830274869646,0.045709057057130895,186.699091426579,166.42077523483727,30.801942056897474,34.42899606012435,171.5255172366168,126.25260585388119,13.685322075105127,6.289765829182714,Right,1
cellula_MI_data_1443.csv,True,CLEAN,171.07769988687986,80.39772028683143,0.055059512362465854,171.07769988687986,133.28307693051434,32.796901770184135,8.54320382386934,194.05032772825513,120.24604262758496,6.7362359757693016,0.5582748157163298,Right,1
cellula_MI_data_1444.csv,False,extreme_ptp_amplitude_FZ_(10236.5uV>200.0uV); extreme_ptp_amplitude_C3_(11393.0uV>200.0uV); extreme_ptp_amplitude_CZ_(629.1uV>200.0uV); extreme_ptp_amplitude_C4_(1785.5uV>200.0uV); statistical_variance_outlier_(z=2401.65),11393.01829380326,246499.43999122744,2401.6478484214704,10236.515163470467,11393.01829380326,629.0844342653697,1785.5028588548932,433865.32211226656,537307.6440650824,1640.1973950372837,13184.59639252345,Left,0
cellula_MI_data_1445.csv,False,flatline_dead_channel_C4_(var=3.8062e-01),52.90848287639936,31.3540262028044,-0.4229188977806912,52.90848287639936,42.36217406487229,8.998665319185811,3.9668382510863553,74.57193443197,48.27949692698745,2.184051186830445,0.38062226542969657,Right,1
cellula_MI_data_1446.csv,True,CLEAN,103.99478165839612,39.462895935194965,-0.34389009020136296,103.99478165839612,51.260248641802164,20.724630509594093,35.41428195561579,97.95650029239347,51.63290670169181,3.042868241752072,5.219308504942506,Left,0
cellula_MI_data_1447.csv,True,CLEAN,62.39563284091913,34.687711243125406,-0.39042890074334274,62.39563284091913,51.08924965526063,15.254959306773294,12.510519857641164,80.69363542936728,54.14762604911846,2.582442115475798,1.3271413785400885,Right,1
cellula_MI_data_1448.csv,False,extreme_ptp_amplitude_FZ_(15219.8uV>200.0uV); extreme_ptp_amplitude_C3_(13635.9uV>200.0uV); extreme_ptp_amplitude_CZ_(2886.6uV>200.0uV); extreme_ptp_amplitude_C4_(4470.6uV>200.0uV); statistical_variance_outlier_(z=4384.54),15219.842012347955,449956.95204199874,4384.5388185652255,15219.842012347955,13635.88655388406,2886.639714619741,4470.595173083637,934996.0034673609,750507.2997885724,33642.328391694624,80682.17652036689,Right,1
cellula_MI_data_1449.csv,False,extreme_ptp_amplitude_FZ_(241.8uV>200.0uV); extreme_ptp_amplitude_C3_(219.1uV>200.0uV),241.76687361171346,222.73931198535368,1.4423165077417082,241.76687361171346,219.12307305445984,38.560725942906544,61.49208471633111,463.61805448412076,381.36658178676834,13.351776610059966,32.620835060465716,Left,0
cellula_MI_data_1450.csv,False,extreme_ptp_amplitude_FZ_(6570.0uV>200.0uV); extreme_ptp_amplitude_C3_(5019.5uV>200.0uV); extreme_ptp_amplitude_CZ_(858.1uV>200.0uV); extreme_ptp_amplitude_C4_(692.6uV>200.0uV); statistical_variance_outlier_(z=682.92),6570.029547745168,70146.50371164421,682.9172821110935,6570.029547745168,5019.490443970854,858.0950125759258,692.6368656089396,174044.95218497823,101621.34474267569,2979.2975398133635,1940.4203791094817,Right,1
cellula_MI_data_1451.csv,True,CLEAN,79.59981630839064,39.12802468298513,-0.34715373564494784,79.59981630839064,64.40451618217028,8.531371669407658,8.620206252053507,94.14640257193565,59.92267438845308,1.2507446531901099,1.1922771183616458,Left,0
cellula_MI_data_1452.csv,True,CLEAN,176.9694004040098,80.63032235725214,0.05732644534726946,176.9694004040098,161.21749301136413,41.392072274628305,53.82854181891389,177.10152680765086,131.00317224686844,5.092781976716927,9.323808397772336,Left,0
cellula_MI_data_1453.csv,False,extreme_ptp_amplitude_FZ_(1678.7uV>200.0uV); extreme_ptp_amplitude_C3_(1086.9uV>200.0uV); extreme_ptp_amplitude_C4_(695.8uV>200.0uV); statistical_variance_outlier_(z=36.34),1678.704823365511,3803.768981459145,36.34292707671646,1678.704823365511,1086.934748080114,100.61153743297393,695.7835933163728,9523.101871472894,3998.6922139440157,38.49714485004848,1654.7846955696214,Left,0
cellula_MI_data_1454.csv,True,CLEAN,125.10915801704706,62.31428648495841,-0.12118110531489173,125.10915801704706,109.0367081071902,10.382618490604356,11.572071270205512,142.38833130333865,104.06821048239233,0.9695692555527937,1.831034898549878,Right,1
cellula_MI_data_1455.csv,False,extreme_ptp_amplitude_FZ_(202.7uV>200.0uV),202.73325068470558,83.81040314508323,0.08831941982610977,202.73325068470558,153.61681930447998,12.995042040800897,36.12138933942468,203.48722046451775,125.26118380485443,0.854582490632778,5.6386258203279995,Right,1
cellula_MI_data_1456.csv,False,extreme_ptp_amplitude_FZ_(273.7uV>200.0uV); extreme_ptp_amplitude_C3_(235.7uV>200.0uV),273.72503354769026,162.86721663814708,0.858804815148435,273.72503354769026,235.67080592411165,49.435524184652934,88.22164977244427,348.76908638685273,259.82665780769577,10.962371919583537,31.910750438456233,Right,1
cellula_MI_data_1457.csv,True,CLEAN,167.736074530534,139.35078058297356,0.629614316189958,167.736074530534,139.96267324227136,32.75554161335261,60.827514743802375,293.7646560514519,226.6603394588233,9.293737506760484,27.684389314858535,Left,0
cellula_MI_data_1458.csv,True,CLEAN,91.76517601603751,103.06189575738145,0.2759439045548398,91.76517601603751,81.0462732996856,14.268242105849147,24.987144822201103,218.3259163688855,172.35763362835007,5.354973155114573,16.20905987717567,Left,0
cellula_MI_data_1459.csv,True,CLEAN,172.16152935401388,89.15064334973036,0.14036524489031776,172.16152935401388,147.75214415010325,12.203329738626405,19.546767190657047,205.02033716968788,147.34382930005955,1.213198806912661,3.025208122261336,Right,1
cellula_MI_data_1460.csv,True,CLEAN,91.3801385049712,63.33497525648104,-0.11123350235848534,91.3801385049712,75.39037862523202,13.767966242982716,22.83066550152408,144.15859089467833,100.96040665687515,1.7428238669929739,6.4780796073776665,Left,0
cellula_MI_data_1461.csv,True,CLEAN,82.28545281913051,36.976569940633425,-0.3681217507272201,82.28545281913051,63.36849301332168,25.144118562135873,19.343479797720192,86.44152153965983,56.2980610548309,2.675629502018912,2.4910676660240316,Right,1
cellula_MI_data_1462.csv,False,flatline_dead_channel_CZ_(var=4.5686e-01),183.88296481796704,88.22903406734207,0.1313832677412392,183.88296481796704,154.28392961873558,11.798061365077434,27.370893662329014,205.73717520059256,141.4763095902592,0.4568584555042677,5.245793023012186,Right,1
cellula_MI_data_1463.csv,False,flatline_dead_channel_CZ_(var=2.6274e-01),82.66165490452045,48.003843292548666,-0.26065026670866426,82.66165490452045,67.71096832619668,6.667120698043544,15.255330810781494,111.5119289143926,75.82966990051737,0.26273622463198665,4.411038130652724,Right,1
cellula_MI_data_1464.csv,False,extreme_ptp_amplitude_FZ_(16374.7uV>200.0uV); extreme_ptp_amplitude_C3_(13488.3uV>200.0uV); extreme_ptp_amplitude_CZ_(1714.2uV>200.0uV); extreme_ptp_amplitude_C4_(4600.6uV>200.0uV); statistical_variance_outlier_(z=4884.87),16374.67429191708,501293.703668581,4884.865300545701,16374.67429191708,13488.299049841415,1714.2071405877014,4600.58238266337,1133881.2862963933,769276.7146625579,12440.8350624281,89575.97865294454,Right,1
cellula_MI_data_1465.csv,False,extreme_ptp_amplitude_FZ_(6572.1uV>200.0uV); extreme_ptp_amplitude_C3_(6805.2uV>200.0uV); extreme_ptp_amplitude_CZ_(574.9uV>200.0uV); extreme_ptp_amplitude_C4_(809.0uV>200.0uV); statistical_variance_outlier_(z=868.47),6805.2494196359885,89185.38517229963,868.4696647655626,6572.077651894881,6805.2494196359885,574.8916509268388,809.0385859142791,170357.11657209502,182535.24570522798,1292.9798268776956,2556.198584997795,Right,1
cellula_MI_data_1466.csv,True,CLEAN,73.62122475808467,64.1906756566455,-0.10289387125058558,73.62122475808467,57.65302430351284,14.497541775555998,40.694753492511396,143.3031206552238,99.65978593638206,1.5432314723578204,12.256564562618264,Right,1
cellula_MI_data_1467.csv,False,extreme_ptp_amplitude_FZ_(3344.7uV>200.0uV); extreme_ptp_amplitude_C3_(2375.5uV>200.0uV); extreme_ptp_amplitude_CZ_(427.1uV>200.0uV); extreme_ptp_amplitude_C4_(1396.3uV>200.0uV); statistical_variance_outlier_(z=187.55),3344.7082118855224,19318.934077239843,187.5532729549063,3344.7082118855224,2375.5022467931512,427.1476847052419,1396.2731339643938,45589.19634895962,22991.14823934351,743.4318171334758,7951.959903522775,Right,1
cellula_MI_data_1468.csv,True,CLEAN,139.7555446256482,37.67078339789963,-0.3613559666483214,74.90496145578945,46.46403687878487,24.155132077983737,139.7555446256482,31.424946639313095,12.816071623789824,4.607839897011024,101.83427543148458,Right,1
cellula_MI_data_1469.csv,True,CLEAN,28.751272516312852,8.408937352130351,-0.6465410635712279,16.99297521102236,11.657574617428025,8.079643575829435,28.751272516312852,8.493160578832311,4.069581816512191,2.364563752818456,18.708443260358447,Left,0
cellula_MI_data_1470.csv,True,CLEAN,42.33526559744027,11.338646850402107,-0.6179882003679377,18.252758688092143,16.122752302835167,42.33526559744027,38.60269330817525,8.739639335305474,4.575680344756032,8.160411857025734,23.87885586452118,Left,0
cellula_MI_data_1471.csv,True,CLEAN,26.483339723254517,9.798545750725758,-0.6329979807042597,15.997945144107616,11.620678675302178,9.544360346621126,26.483339723254517,9.524189475963245,4.696808922052863,2.5126563175396326,22.46052828734729,Right,1
cellula_MI_data_1472.csv,True,CLEAN,23.81396878960979,9.061664286873285,-0.6401796059291608,15.713969570049223,10.89874233744003,9.299366386982994,23.81396878960979,8.818804393291261,4.418647642207621,2.6265756569538175,20.382629455040437,Left,0
cellula_MI_data_1473.csv,True,CLEAN,103.51730723390412,21.633150990425438,-0.51765826368678,52.06121743042722,34.922599223777055,20.304787882179298,103.51730723390412,17.18886481616485,7.985761743521381,3.442304689210338,57.91567271280519,Right,1
cellula_MI_data_1474.csv,True,CLEAN,29.443435333913513,8.425381943369619,-0.6463807950653008,20.299099541423868,13.051532745728965,11.072946996936153,29.443435333913513,12.59745761570702,3.90246751523236,3.8614482436981903,13.340154398840905,Left,0
cellula_MI_data_1475.csv,True,CLEAN,98.53246637762115,31.649537723459893,-0.4200388511312708,96.42179637033911,74.13533669929006,73.30869970669053,98.53246637762115,41.79198183565545,22.383355554410997,23.69812185825519,38.724691645517936,Right,1
cellula_MI_data_1476.csv,True,CLEAN,28.79241936412441,9.577764996734667,-0.6351497034844008,21.659166241545183,13.691388674481399,11.400927307089711,28.79241936412441,11.549404350310468,4.823905082013516,2.9621691821974805,18.9755813724172,Left,0
cellula_MI_data_1477.csv,False,extreme_ptp_amplitude_FZ_(6063.7uV>200.0uV); extreme_ptp_amplitude_C3_(5189.5uV>200.0uV); extreme_ptp_amplitude_CZ_(213.8uV>200.0uV); extreme_ptp_amplitude_C4_(660.4uV>200.0uV); statistical_variance_outlier_(z=621.78),6063.708584817299,63873.00137601196,621.7759115757223,6063.708584817299,5189.512198607089,213.83509321086854,660.361292999341,146357.72595489485,107216.72105800384,181.50294333820048,1736.0555478109666,Right,1
cellula_MI_data_1478.csv,True,CLEAN,184.87080295470216,97.31830730849204,0.21996705928267915,184.87080295470216,155.5587308490587,7.83799946356287,22.39623183821525,231.0771106615853,152.70388728573437,0.6682984692884041,4.823932817360098,Left,0
cellula_MI_data_1479.csv,False,extreme_ptp_amplitude_FZ_(312.8uV>200.0uV); extreme_ptp_amplitude_C3_(251.2uV>200.0uV),312.84369021255793,201.8414065566882,1.2386461317907909,312.84369021255793,251.235462059766,32.7669683539969,28.841259798795008,486.85336367651047,309.23426228681484,5.856153972204486,5.421846291223008,Left,0
cellula_MI_data_1480.csv,False,extreme_ptp_amplitude_FZ_(228.9uV>200.0uV),228.89934035341423,103.54622721388333,0.28066418478422983,228.89934035341423,166.82443857975795,29.90312155354298,32.23142190821322,261.9712766021946,142.89539358685164,4.3359729638021545,4.982265702684902,Right,1
cellula_MI_data_1481.csv,True,CLEAN,69.27040444019221,38.63140691754087,-0.35199375788244897,69.27040444019221,51.09222230098683,9.012030148334441,9.459150319793011,96.1137350121041,55.26524306929145,1.4089404845128046,1.737709104255122,Left,0
cellula_MI_data_1482.csv,True,CLEAN,97.32375631990038,49.08818569770058,-0.25008229729801335,97.32375631990038,79.71376954035743,9.118467888526546,9.373051725525706,119.9019709534468,73.07864221592783,1.380373793776329,1.9917558276513505,Right,1
cellula_MI_data_1483.csv,False,extreme_ptp_amplitude_FZ_(10676.3uV>200.0uV); extreme_ptp_amplitude_C3_(8153.6uV>200.0uV); extreme_ptp_amplitude_CZ_(709.6uV>200.0uV); extreme_ptp_amplitude_C4_(1813.0uV>200.0uV); statistical_variance_outlier_(z=1821.58),10676.270798672522,186980.22476789696,1821.5753152090638,10676.270798672522,8153.607266127343,709.6245167567135,1813.0390157884658,462663.65691167477,269874.0107693815,2045.369214087175,13337.862176444332,Right,1
cellula_MI_data_1484.csv,True,CLEAN,101.49028446966827,54.86609209971314,-0.19377099025702535,101.49028446966827,71.81304115131206,8.98608464212834,21.59804295271506,134.6555924159484,80.06892995624102,0.6505550772446052,4.0892909494185306,Right,1
cellula_MI_data_1485.csv,False,flatline_dead_channel_CZ_(var=3.9291e-01),82.16900506781113,51.107894771956964,-0.23039827164915452,82.16900506781113,73.81661040159099,4.398768907624497,13.117587343594312,120.69780167887986,80.29258897034731,0.3929127034916081,3.048275735109084,Right,1
cellula_MI_data_1486.csv,True,CLEAN,121.05105784143169,49.80706263741609,-0.24307614363950036,121.05105784143169,77.50647024539872,31.880788358940446,24.942050184069153,125.4754357608394,65.003237067812,5.8503341672543865,2.8992435537585943,Left,0
cellula_MI_data_1487.csv,True,CLEAN,66.14040172232745,34.29824375142193,-0.3942246395424619,66.14040172232745,51.48681744387338,11.428643154353834,4.495752746348755,85.00809118070477,48.92898301600892,2.656985640662048,0.5989151683119674,Right,1
cellula_MI_data_1488.csv,True,CLEAN,75.22548535616158,46.419284904696624,-0.27609332647710033,75.22548535616158,57.77228209401578,11.98551007255371,14.291186375546104,113.63089231833229,67.93392906004034,1.4562556596452672,2.6560625807685843,Right,1
cellula_MI_data_1489.csv,True,CLEAN,143.01112448916194,74.55664660767596,-0.0018674211166552687,143.01112448916194,139.2464451383171,9.740571967258361,18.225137695813903,166.12235375858617,127.0989282651031,0.5057613936206008,4.499543013393973,Left,0
cellula_MI_data_1490.csv,False,flatline_dead_channel_CZ_(var=3.4818e-01),74.65805732334493,55.54556634965946,-0.18714885406218415,74.65805732334493,56.29753139169255,4.848658104400567,18.666544857378696,133.8469888853767,82.2216994443268,0.34817701225178904,5.765400056682538,Right,1
cellula_MI_data_1491.csv,False,extreme_ptp_amplitude_FZ_(10070.0uV>200.0uV); extreme_ptp_amplitude_C3_(8577.5uV>200.0uV); extreme_ptp_amplitude_CZ_(257.0uV>200.0uV); extreme_ptp_amplitude_C4_(1749.4uV>200.0uV); statistical_variance_outlier_(z=1750.41),10070.02180520012,179677.80823870626,1750.4061769943619,10070.02180520012,8577.543753036603,256.96365753063765,1749.4417096941577,409203.3993857603,296895.60296096915,265.89755941703964,12346.33304867861,Left,0
cellula_MI_data_1492.csv,False,flatline_dead_channel_CZ_(var=4.7207e-01),91.14481602817673,66.56313360385694,-0.07977196538850351,91.14481602817673,78.54264585804911,4.405838344944813,17.214935722637765,151.80605855791433,106.60100911947065,0.47207425937310715,7.373392478669624,Right,1
cellula_MI_data_1493.csv,False,extreme_ptp_amplitude_FZ_(1420.5uV>200.0uV); extreme_ptp_amplitude_C3_(1249.7uV>200.0uV); statistical_variance_outlier_(z=27.17),1420.5086752306963,2862.1314382748187,27.1657550828772,1420.5086752306963,1249.7264127520011,21.594972743451706,192.36696719435602,6386.436809504266,4941.411007403917,1.7521825043435013,118.9257536867481,Left,0
cellula_MI_data_1494.csv,True,CLEAN,124.52192853223018,99.16502815018318,0.23796514666935592,124.52192853223018,103.33474680306853,20.271007340523447,33.56879475256888,223.5398375767487,156.72139789056783,2.257145126770087,14.1417320066461,Right,1
cellula_MI_data_1495.csv,True,CLEAN,164.65321401395323,111.65251634454593,0.35966784189448797,164.65321401395323,138.7477382606745,16.73091027757725,42.513077977598925,251.369968845574,176.48824189046434,2.3111137872577596,16.44074085488762,Right,1
cellula_MI_data_1496.csv,False,extreme_ptp_amplitude_FZ_(366.8uV>200.0uV); extreme_ptp_amplitude_C3_(307.9uV>200.0uV),366.764755820766,311.3610450884523,2.306021330224609,366.764755820766,307.88984208770455,31.894366141587568,90.76927987464903,701.0920888549689,495.51918651203493,5.5916556640536035,43.24124932275162,Left,0
cellula_MI_data_1497.csv,True,CLEAN,89.60782850220701,77.25033852649382,0.024385221650549422,89.60782850220701,76.07208134207511,9.036632519853946,22.074797783979747,172.71318535071393,123.79123820593618,1.6602551497833817,10.836675399541749,Left,0
cellula_MI_data_1498.csv,False,extreme_ptp_amplitude_FZ_(5202.0uV>200.0uV); extreme_ptp_amplitude_C3_(4991.1uV>200.0uV); extreme_ptp_amplitude_CZ_(333.7uV>200.0uV); statistical_variance_outlier_(z=524.01),5202.027419204959,53841.320078152865,524.0074386381344,5202.027419204959,4991.086492011553,333.7445934763093,126.86927328101024,111863.94420890581,102971.02438531001,458.5352077792741,71.77651061637265,Left,0
cellula_MI_data_1499.csv,False,extreme_ptp_amplitude_FZ_(24827.2uV>200.0uV); extreme_ptp_amplitude_C3_(19986.7uV>200.0uV); extreme_ptp_amplitude_CZ_(3363.5uV>200.0uV); extreme_ptp_amplitude_C4_(8204.0uV>200.0uV); statistical_variance_outlier_(z=10583.89),24827.158959919245,1086050.378322607,10583.886772966982,24827.158959919245,19986.679869754418,3363.4865650146617,8203.965655179487,2446582.4295445075,1585395.917384883,44931.806165579816,267291.36019545706,Left,0
cellula_MI_data_1500.csv,False,extreme_ptp_amplitude_FZ_(21880.9uV>200.0uV); extreme_ptp_amplitude_C3_(18315.5uV>200.0uV); extreme_ptp_amplitude_CZ_(2309.3uV>200.0uV); extreme_ptp_amplitude_C4_(5874.6uV>200.0uV); statistical_variance_outlier_(z=8651.60),21880.883731896756,887785.045961912,8651.598634436774,21880.883731896756,18315.4689509948,2309.3371155344594,5874.57775587086,1990710.5560940872,1394787.8073967276,22162.894595521706,143478.92576131166,Left,0
cellula_MI_data_1501.csv,False,extreme_ptp_amplitude_FZ_(13103.1uV>200.0uV); extreme_ptp_amplitude_C3_(10682.3uV>200.0uV); extreme_ptp_amplitude_CZ_(1285.7uV>200.0uV); extreme_ptp_amplitude_C4_(3706.6uV>200.0uV); statistical_variance_outlier_(z=2969.14),13103.090505209828,304727.8443715144,2969.1401768577766,13103.090505209828,10682.341524681637,1285.6969185576716,3706.5650698609616,694826.8189270473,461773.91673068056,6692.995966155136,55617.6458621747,Left,0
cellula_MI_data_1502.csv,False,extreme_ptp_amplitude_FZ_(260.7uV>200.0uV); extreme_ptp_amplitude_C3_(212.3uV>200.0uV),260.69205042080955,171.22523918404556,0.9402618587713036,260.69205042080955,212.2799286874867,24.16657517171545,72.73507528344022,391.14321349106604,261.99574064412707,3.140618288531068,28.62138431245808,Right,1
cellula_MI_data_1503.csv,False,extreme_ptp_amplitude_FZ_(11151.9uV>200.0uV); extreme_ptp_amplitude_C3_(8967.3uV>200.0uV); extreme_ptp_amplitude_CZ_(1189.6uV>200.0uV); extreme_ptp_amplitude_C4_(3374.2uV>200.0uV); statistical_variance_outlier_(z=2154.81),11151.93430121808,221172.04797402167,2154.8078255489017,11151.93430121808,8967.279856607474,1189.5665200050155,3374.22096461562,505675.9043344128,326946.7996424588,5757.335000238412,46308.15291897675,Right,1
cellula_MI_data_1504.csv,True,CLEAN,50.50338337628148,29.47231962214766,-0.4412579551575121,31.68354570489331,24.839260373310502,6.6639745121070035,50.50338337628148,30.445346455656736,15.015304660069669,1.1933897947092236,71.23523757815501,Left,0
cellula_MI_data_1505.csv,True,CLEAN,55.685242494219835,30.99429899011215,-0.42642478868917943,37.32222577392814,25.551647953013532,8.518487156011018,55.685242494219835,32.21566479166766,16.155461035329353,1.287846584766684,74.3182235486849,Left,0
cellula_MI_data_1506.csv,False,extreme_ptp_amplitude_C4_(202.2uV>200.0uV),202.19222054951217,96.41115914003532,0.2111260197276177,114.54742873699708,121.03577484020158,33.17268307959378,202.19222054951217,79.92898753229116,72.95002644787145,5.314887061546484,227.45073551843223,Left,0
cellula_MI_data_1507.csv,True,CLEAN,46.021247229889454,28.423653431272594,-0.4514782252258019,30.252113014642763,21.7967969820345,5.422758928303974,46.021247229889454,29.83375601851683,14.537151619466727,0.8855818762884464,68.43812421081837,Right,1
cellula_MI_data_1508.csv,False,extreme_ptp_amplitude_FZ_(146909.8uV>200.0uV); extreme_ptp_amplitude_C3_(77370.3uV>200.0uV); extreme_ptp_amplitude_CZ_(14978.5uV>200.0uV); extreme_ptp_amplitude_C4_(209301.6uV>200.0uV); statistical_variance_outlier_(z=725410.14),209301.63332117643,74431874.16881263,725410.1432526245,146909.80810472075,77370.33641120927,14978.511194753604,209301.63332117643,89743401.05235122,24892341.51961727,932963.6292814752,182158790.47400054,Left,0
cellula_MI_data_1509.csv,False,extreme_ptp_amplitude_FZ_(9302.3uV>200.0uV); extreme_ptp_amplitude_C3_(6172.8uV>200.0uV); extreme_ptp_amplitude_CZ_(1408.5uV>200.0uV); extreme_ptp_amplitude_C4_(14066.6uV>200.0uV); statistical_variance_outlier_(z=3296.83),14066.598280014074,338350.588664648,3296.8264607324663,9302.318357625501,6172.787209999918,1408.507287611346,14066.598280014074,360868.4759997158,158971.2844406844,8277.901775552567,825284.6924426391,Right,1
cellula_MI_data_1510.csv,True,CLEAN,43.40531736122691,29.02821914594943,-0.44558614542787317,29.024533181665596,20.17916563468859,4.911041886961781,43.40531736122691,30.394886216742215,14.780095155973438,0.8808539068440346,70.05704130423803,Right,1
cellula_MI_data_1511.csv,True,CLEAN,44.74451325327337,28.064427887519386,-0.4549792268834624,29.998554184443694,21.658185066095385,5.882163612452445,44.74451325327337,29.05336699293414,14.884075286858561,0.9788453375550799,67.34142393272975,Right,1
cellula_MI_data_1512.csv,False,extreme_ptp_amplitude_C4_(275.6uV>200.0uV),275.6487740724035,152.73786763033667,0.7600844755622037,184.78306712823212,117.66765866611712,26.9266773219234,275.6487740724035,165.43159275098355,70.47666633220446,3.880583672965729,371.16262776519295,Right,1
cellula_MI_data_1513.csv,True,CLEAN,49.83097065956888,41.66055918178995,-0.32247172838632926,37.121920391411464,26.71501551830148,13.656082445358948,49.83097065956888,50.243103563184654,21.242805892842522,4.929966583926194,90.22636068720644,Left,0
cellula_MI_data_1514.csv,True,CLEAN,53.41907087377388,43.47543399415338,-0.3047840114713659,40.008466858125495,25.183190699583307,12.020038766531112,53.41907087377388,52.76483626959218,21.644250059550213,4.8644216371606674,94.62822801031044,Left,0
cellula_MI_data_1515.csv,True,CLEAN,97.30638374545381,50.18729116125793,-0.23937044755132186,72.65356561872241,45.42948404320232,20.800693734244796,97.30638374545381,60.880874776978615,24.974027803219325,5.579911510901971,109.31435055393183,Right,1
cellula_MI_data_1516.csv,True,CLEAN,113.06902352515213,73.29105056067142,-0.014201883226998425,84.50338377808596,53.45049552814908,24.835013214532054,113.06902352515213,89.42720039851487,35.79052015571936,7.887059499147585,160.05942218930386,Right,1
cellula_MI_data_1517.csv,True,CLEAN,64.30205110908906,47.822845783180426,-0.2624142631486445,48.08749518862563,31.466832335024225,15.211266016904556,64.30205110908906,57.84791931269062,24.065305800785353,5.478639850289873,103.89951816895586,Right,1
cellula_MI_data_1518.csv,False,extreme_ptp_amplitude_FZ_(279.6uV>200.0uV); extreme_ptp_amplitude_C4_(373.4uV>200.0uV),373.36738319587323,278.0227859533599,1.9811076303913442,279.57793191381654,144.90631828267473,51.08805090000513,373.36738319587323,358.3237624579894,100.4749877907275,13.9873353946284,639.3050581700944,Left,0
cellula_MI_data_1519.csv,True,CLEAN,72.95298209980292,45.65208107860991,-0.2835704725587228,54.41287917240702,36.644994795943305,18.37647631413803,72.95298209980292,54.954536122506134,23.934778765249888,6.005383393943238,97.71362603274036,Left,0
cellula_MI_data_1520.csv,True,CLEAN,59.266405427824665,44.49445437377061,-0.2948526686137415,44.425350004543525,51.84541428594398,39.873834537035805,59.266405427824665,49.74491411690025,28.70278187132139,10.788665907219581,88.7414555996412,Right,1
cellula_MI_data_1521.csv,False,extreme_ptp_amplitude_FZ_(1112.1uV>200.0uV); extreme_ptp_amplitude_C3_(606.2uV>200.0uV); extreme_ptp_amplitude_CZ_(247.0uV>200.0uV); extreme_ptp_amplitude_C4_(1471.3uV>200.0uV); statistical_variance_outlier_(z=29.43),1471.3491791634221,3093.954766718735,29.42509847111937,1112.1130404772284,606.1654679928388,247.03978042935304,1471.3491791634221,3997.044611689648,1186.3577222262877,197.2280328161996,6995.188700142804,Right,1
cellula_MI_data_1522.csv,True,CLEAN,44.5832491625439,33.152899439045925,-0.4053871317592602,34.72700576032682,23.404833621555028,13.053600135203428,44.5832491625439,40.2634965756604,18.693183574430037,6.223208392250997,67.43170921384227,Right,1
cellula_MI_data_1523.csv,False,extreme_ptp_amplitude_FZ_(18448.8uV>200.0uV); extreme_ptp_amplitude_C3_(12738.6uV>200.0uV); extreme_ptp_amplitude_CZ_(6904.9uV>200.0uV); extreme_ptp_amplitude_C4_(24282.5uV>200.0uV); statistical_variance_outlier_(z=11903.39),24282.475778783803,1221439.9267172832,11903.389357352522,18448.8404098615,12738.581703109288,6904.946334186982,24282.475778783803,1458653.161504368,695647.8659341965,204429.94866225557,2527028.7307683122,Left,0
cellula_MI_data_1524.csv,False,extreme_ptp_amplitude_FZ_(229.7uV>200.0uV); extreme_ptp_amplitude_C4_(304.4uV>200.0uV),304.41294046266853,213.76923377795956,1.3548943875179706,229.74459241300994,165.55356421922403,90.88521616956548,304.41294046266853,249.60543731161212,128.74279320873455,38.83490868761996,437.8937959038716,Left,0
cellula_MI_data_1525.csv,True,CLEAN,168.68516790167115,79.93796667238396,0.050578767063902796,127.87992303661184,88.24704414251264,47.491294445494425,168.68516790167115,94.94195838574987,45.76383030949952,13.406811969384382,165.6392660249021,Right,1
cellula_MI_data_1526.csv,True,CLEAN,56.77265475216123,38.19954982147962,-0.35620262452758256,43.09351045866266,28.738003161479497,15.53288506926711,56.77265475216123,45.701574453462385,21.260931373487047,6.115295717526937,79.7203977414421,Left,0
cellula_MI_data_1527.csv,True,CLEAN,44.744337562033664,32.596327335152395,-0.4108114672282253,34.03891145618428,22.824008786603624,12.468044700288058,44.744337562033664,38.785246739787475,18.49072038015629,5.430782900908515,67.67855931975728,Right,1
cellula_MI_data_1528.csv,False,extreme_ptp_amplitude_FZ_(18846.0uV>200.0uV); extreme_ptp_amplitude_C3_(14697.8uV>200.0uV); extreme_ptp_amplitude_CZ_(8184.4uV>200.0uV); extreme_ptp_amplitude_C4_(25359.3uV>200.0uV); statistical_variance_outlier_(z=18508.20),25359.29489120174,1899136.725274614,18508.202562869985,18846.01555482089,14697.76214495913,8184.387211699177,25359.29489120174,2106032.4570412985,1280405.3805501943,396944.96909210744,3813164.0944148568,Left,0
cellula_MI_data_1529.csv,True,CLEAN,64.7945389015332,28.54076762930415,-0.4503368336722945,43.17007478769656,30.32034403609768,12.373110205971553,64.7945389015332,31.31845376276184,16.209583767407203,3.4228685976253255,63.21216438942222,Right,1
cellula_MI_data_1530.csv,False,extreme_ptp_amplitude_FZ_(3621.1uV>200.0uV); extreme_ptp_amplitude_C3_(2187.6uV>200.0uV); extreme_ptp_amplitude_C4_(5659.3uV>200.0uV); statistical_variance_outlier_(z=492.98),5659.3401925097605,50657.820620940336,492.9811459073503,3621.0548332329226,2187.640600274684,149.61559144016644,5659.3401925097605,53184.99157687308,19426.341852582565,91.4239579285214,129928.52509637718,Left,0
cellula_MI_data_1531.csv,True,CLEAN,35.86611357272053,17.21188572355394,-0.5607477858475641,22.770841578225188,16.865192802757655,4.1361844745403396,35.86611357272053,16.388115194371746,9.867763982200875,0.5615354140737396,42.030128303569406,Left,0
cellula_MI_data_1532.csv,True,CLEAN,41.69654822228314,19.271535179275265,-0.5406745024074708,29.67064380948147,16.724931880192635,7.084303947295705,41.69654822228314,18.992124768393328,10.1166982357529,0.6171992187071219,47.360118494247715,Left,0
cellula_MI_data_1533.csv,True,CLEAN,41.77040483735598,18.893930790632872,-0.5443546237506376,26.541257312227717,19.495608178894706,4.678608757651929,41.77040483735598,17.864200125899377,10.562333535782784,0.5187176149350642,46.63047188591427,Left,0
cellula_MI_data_1534.csv,True,CLEAN,46.833131588388724,19.23012985137048,-0.5410780375239219,34.627354184597095,18.496295346661867,8.990216052329092,46.833131588388724,18.81922208442666,10.412124248388047,0.8372197401242666,46.851953332542955,Right,1
cellula_MI_data_1535.csv,False,extreme_ptp_amplitude_FZ_(6697.6uV>200.0uV); extreme_ptp_amplitude_C3_(5131.3uV>200.0uV); extreme_ptp_amplitude_CZ_(778.8uV>200.0uV); extreme_ptp_amplitude_C4_(11050.1uV>200.0uV); statistical_variance_outlier_(z=1914.52),11050.074560039013,196516.78070885735,1914.5183108792473,6697.578092700569,5131.321181657911,778.8247143194653,11050.074560039013,181879.75901223157,106714.77200833343,2457.5913082529737,495015.0005066114,Left,0
cellula_MI_data_1536.csv,True,CLEAN,43.57747778442843,18.42720995690226,-0.5489032713648455,26.686883611527982,21.551125874886335,5.3548912100093915,43.57747778442843,17.35335543272324,10.44633581346895,0.5429421570688432,45.366206424348,Right,1
cellula_MI_data_1537.csv,True,CLEAN,125.16504829945931,39.60572662159639,-0.34249806650329406,78.79604441868594,54.56456989158153,9.470928301204513,125.16504829945931,38.42403600068535,20.80988336342749,0.8323550788876455,98.35663204338506,Left,0
cellula_MI_data_1538.csv,True,CLEAN,42.14927756872103,18.29038935641715,-0.5502367209411082,26.872263379833072,20.14654796620455,4.733384093267672,42.14927756872103,17.341869854213716,10.367695596347064,0.5291494025877203,44.92284257252011,Right,1
cellula_MI_data_1539.csv,True,CLEAN,35.86847453926259,18.835492530500428,-0.5449241613271053,21.57937139381215,17.970925482782057,5.09000511634064,35.86847453926259,17.932172683525202,10.580039475692905,0.5397600413071661,46.289997921476434,Left,0
cellula_MI_data_1540.csv,False,flatline_dead_channel_CZ_(var=3.9860e-01),47.044348403720164,17.63901134348098,-0.5565850320306441,30.541631036815232,20.112162564585063,3.7575212293659828,47.044348403720164,18.047316688401647,8.767152035552181,0.39860368142377767,43.342972968546306,Right,1
cellula_MI_data_1541.csv,False,extreme_ptp_amplitude_FZ_(1932.3uV>200.0uV); extreme_ptp_amplitude_C3_(1706.3uV>200.0uV); extreme_ptp_amplitude_CZ_(332.3uV>200.0uV); extreme_ptp_amplitude_C4_(3306.3uV>200.0uV); statistical_variance_outlier_(z=157.47),3306.3198073364065,16231.792464943897,157.46608096639378,1932.2762321425048,1706.3486837101718,332.34564769688757,3306.3198073364065,13714.428671483707,10679.018549320908,405.03129224868246,40128.69134672229,Left,0
cellula_MI_data_1542.csv,False,flatline_dead_channel_CZ_(var=4.3147e-01),61.300864719388365,19.35541348721157,-0.5398570268681242,42.92813897615541,19.580869429060606,3.8879147505688927,61.300864719388365,20.560275112828567,8.881435203666152,0.4314708353711174,47.54847279698044,Right,1
cellula_MI_data_1543.csv,False,flatline_dead_channel_CZ_(var=4.1578e-01),47.15889950831587,17.1730884924256,-0.5611259025290055,29.611993320218552,21.653263319068596,4.2349587289164585,47.15889950831587,17.12272294114273,8.971859661737053,0.41578277229765026,42.18198859452497,Right,1
cellula_MI_data_1544.csv,False,flatline_dead_channel_CZ_(var=3.6328e-01),34.32088124862122,15.9785978653102,-0.5727673732938571,21.4605785582732,16.87164817253807,3.62779389646032,34.32088124862122,16.277194239610594,7.946675989813516,0.36328062538559963,39.32724060643109,Left,0
cellula_MI_data_1545.csv,False,extreme_ptp_amplitude_FZ_(6112.8uV>200.0uV); extreme_ptp_amplitude_C3_(7169.1uV>200.0uV); extreme_ptp_amplitude_CZ_(1816.0uV>200.0uV); extreme_ptp_amplitude_C4_(11465.8uV>200.0uV); statistical_variance_outlier_(z=2360.41),11465.77482175167,242268.1725839412,2360.410039851012,6112.751626248379,7169.086685410589,1815.9694994726206,11465.77482175167,162002.5292541048,222812.58674705267,14296.180929839498,569961.3934047678,Right,1
cellula_MI_data_1546.csv,True,CLEAN,155.6495367638347,58.538834065881716,-0.15797655432306804,79.96200485307614,110.83122258607507,35.36286524434546,155.6495367638347,39.08966429076861,58.174682198693745,5.526540093678357,131.36444968038614,Left,0
cellula_MI_data_1547.csv,True,CLEAN,58.68653903994935,19.46095089040505,-0.5388284624189897,34.31334863627463,34.23189830529971,9.164576514952051,58.68653903994935,18.250734239239634,11.800369914934906,0.7239947988679549,47.06870460857771,Left,0
cellula_MI_data_1548.csv,True,CLEAN,54.268867511195864,21.826844469844765,-0.515770532693488,33.85693625026556,25.685193450320117,5.581744962170863,54.268867511195864,21.68760419911915,11.450842232604627,0.5610247188565154,53.60790672879877,Right,1
cellula_MI_data_1549.csv,False,extreme_ptp_amplitude_FZ_(8984.0uV>200.0uV); extreme_ptp_amplitude_C3_(8114.3uV>200.0uV); extreme_ptp_amplitude_CZ_(5208.6uV>200.0uV); extreme_ptp_amplitude_C4_(11889.7uV>200.0uV); statistical_variance_outlier_(z=3215.87),11889.709059772544,330044.36224006064,3215.874220595107,8984.001642522828,8114.273358120834,5208.555950531694,11889.709059772544,338259.9949520976,275829.2898255311,113621.71625054219,592466.4479320716,Left,0
cellula_MI_data_1550.csv,True,CLEAN,65.62516260878012,32.062346503787914,-0.41601562881493664,49.54219832417172,37.71053290104099,21.88734899651284,65.62516260878012,38.27893776532563,18.547559832914867,6.134718658708935,65.28816975820223,Right,1
cellula_MI_data_1551.csv,True,CLEAN,46.75234785243136,28.675609719276373,-0.4490226666017047,35.724456435183896,23.833634093968303,13.036311163778915,46.75234785243136,34.600671478053755,15.823162522634503,4.9107589078900755,59.36784596852716,Right,1
cellula_MI_data_1552.csv,True,CLEAN,152.49932685581447,78.3367735201486,0.034973585367631836,116.66691005507495,102.06470286792657,66.34136040467806,152.49932685581447,85.53948719641119,57.98731277259053,23.37486871928555,146.44542539230713,Left,0
cellula_MI_data_1553.csv,True,CLEAN,56.38119336144196,32.343296581216485,-0.41327749756591553,42.90535296428976,28.024124072227252,15.75632755872796,56.38119336144196,39.256053617149206,17.511170021513056,5.400287088544314,67.20567559765936,Left,0
cellula_MI_data_1554.csv,True,CLEAN,97.45583873311807,42.44230430555534,-0.3148528632422323,74.10364966587414,46.384353228180544,23.456486407994806,97.45583873311807,51.76077992266217,22.448882242250164,6.583748952913686,88.97580610439535,Left,0
cellula_MI_data_1555.csv,False,extreme_ptp_amplitude_FZ_(3168.0uV>200.0uV); extreme_ptp_amplitude_CZ_(492.6uV>200.0uV); extreme_ptp_amplitude_C4_(3820.7uV>200.0uV); statistical_variance_outlier_(z=251.85),3820.7392303525244,25916.63308405671,251.8542547789588,3167.9963762264806,162.53741147677428,492.60929635659926,3820.7392303525244,41770.243723516985,124.23986467047136,1011.2818134710124,60760.76693456838,Right,1
cellula_MI_data_1556.csv,True,CLEAN,122.4084279239357,52.1272535387567,-0.22046363087993257,92.1705564048521,65.30560055191478,35.0677290328312,122.4084279239357,62.68769772196543,29.020410318735415,8.774542031271375,108.02636408305457,Right,1
cellula_MI_data_1557.csv,True,CLEAN,131.9217621818744,54.95584538988339,-0.19289625731241491,101.14450165645978,56.490767640392114,25.883606810791697,131.9217621818744,68.4659906597681,26.76464670442856,7.2754019225261235,117.31734227281078,Left,0
cellula_MI_data_1558.csv,True,CLEAN,43.97388190373913,29.440845394518355,-0.441564702060732,33.893059687493384,43.273224277669186,34.900268199115224,43.97388190373913,33.54600946889581,19.40057967287649,8.783452185631672,56.03334025066944,Left,0
cellula_MI_data_1559.csv,True,CLEAN,39.78382659468386,28.45992145568539,-0.45112475811914066,30.681169562720623,20.154958201847418,11.879737195270941,39.78382659468386,34.80662048752097,15.551583255806978,5.242277123269585,58.239204956144015,Left,0
cellula_MI_data_1560.csv,True,CLEAN,43.76342077497228,30.728933466603326,-0.4290110333308706,33.78788461324511,25.97508877323542,16.656520550335575,43.76342077497228,37.06002736125043,17.401975192042553,5.9443698142813854,62.50936149883894,Left,0
cellula_MI_data_1561.csv,False,extreme_ptp_amplitude_FZ_(24683.5uV>200.0uV); extreme_ptp_amplitude_C3_(18997.4uV>200.0uV); extreme_ptp_amplitude_CZ_(11093.0uV>200.0uV); extreme_ptp_amplitude_C4_(32587.9uV>200.0uV); statistical_variance_outlier_(z=21257.68),32587.93362163376,2181251.0169388223,21257.68020982885,24683.486030476808,18997.41139319899,11092.963802042028,32587.93362163376,2466540.9111140417,1461062.8275787102,498163.6149156446,4299236.714146893,Right,1
cellula_MI_data_1562.csv,True,CLEAN,43.13502153376195,29.589497882401357,-0.44011593925545867,32.944639205248095,22.747833059164265,12.885542185536007,43.13502153376195,35.48759165244001,16.685009426509502,5.440367438333261,60.745023012322655,Right,1
cellula_MI_data_1563.csv,True,CLEAN,52.695446951367586,34.3074814926377,-0.394134608786376,40.05756188331837,26.254377260257364,14.037689675046714,52.695446951367586,41.26803433558973,19.064890177306424,6.150401304725889,70.74660015292875,Right,1
cellula_MI_data_1564.csv,True,CLEAN,118.74004733613702,56.40981073829704,-0.17872595349216625,94.88710153298,89.2975363020309,68.9955974239856,118.74004733613702,59.14713344693539,47.08851119324969,25.546419367149408,93.85717894585366,Left,0
cellula_MI_data_1565.csv,False,extreme_ptp_amplitude_FZ_(4822.9uV>200.0uV); extreme_ptp_amplitude_C3_(3291.9uV>200.0uV); extreme_ptp_amplitude_CZ_(1952.6uV>200.0uV); extreme_ptp_amplitude_C4_(6162.2uV>200.0uV); statistical_variance_outlier_(z=611.74),6162.188320582576,62843.704933809175,611.7444185122679,4822.947034445027,3291.8508556919824,1952.6095695544338,6162.188320582576,77060.49425039755,35889.926570973716,12625.975072191502,125798.42384167395,Right,1
cellula_MI_data_1566.csv,True,CLEAN,51.54968527149899,28.232118181218592,-0.4533449221787339,39.725552464325176,29.408177313070063,17.967325215627135,51.54968527149899,33.44817755742361,16.982818599285032,6.269707311103281,56.22776925706244,Left,0
cellula_MI_data_1567.csv,True,CLEAN,151.6711930595343,63.032551651856636,-0.11418091397638817,43.784097416803505,70.29481582177702,122.83724352293211,151.6711930595343,16.966290058649363,27.681902010104857,77.82566776671206,129.65634677196027,Right,1
cellula_MI_data_1568.csv,True,CLEAN,28.78538870707667,9.852967429085929,-0.632467588616434,15.14822157791395,15.185660334179452,14.090394509201072,28.78538870707667,7.234749628568522,5.825303793389725,3.920760972929289,22.431055321456178,Left,0
cellula_MI_data_1569.csv,True,CLEAN,24.137627902979798,7.943991104475491,-0.6510724161213711,15.72918094912658,11.019107948907605,9.003026625973057,24.137627902979798,8.035508719305465,4.075252441232308,2.2260355995850385,17.43916765777915,Left,0
cellula_MI_data_1570.csv,True,CLEAN,35.270166412300846,11.230592981642772,-0.6190412902169795,18.780004079421523,13.578995983936748,29.813186445047503,35.270166412300846,9.903218925499669,5.007754359853074,6.921517729281212,23.089880911937136,Left,0
cellula_MI_data_1571.csv,True,CLEAN,27.80839821823023,9.777089117299738,-0.6332070964269544,23.070034443999887,14.454528141788138,10.848800772049168,27.80839821823023,11.171443948881084,4.845364705151582,3.003866793383896,20.087681021782394,Left,0
cellula_MI_data_1572.csv,True,CLEAN,23.159233492891758,8.28372672687348,-0.6477613626680041,19.14678476402223,12.003898336826804,12.1604568213505,23.159233492891758,10.022402884607773,4.2375380621509935,3.7531875114235786,15.121778449311575,Left,0
cellula_MI_data_1573.csv,True,CLEAN,22.009827149514173,8.114755105729863,-0.6494081551525825,20.184844499271826,10.750216885212112,9.6033241005356,22.009827149514173,11.261996139414238,3.8508232296633724,3.5065854851436757,13.839615568698168,Right,1
cellula_MI_data_1574.csv,True,CLEAN,158.39238440469563,79.68945802079438,0.048156809003604535,154.03890976729642,96.36580675694651,92.01233211954724,158.39238440469563,113.8138447077947,43.63138504186045,39.93674135493405,121.37586097858832,Right,1
cellula_MI_data_1575.csv,True,CLEAN,31.50896298461479,9.633202098718712,-0.6346094151075939,23.052793401366625,26.975601627204895,31.50896298461479,27.479897360070854,11.986853604891532,5.810779629257723,6.418313576579224,14.31686158414637,Left,0
cellula_MI_data_1576.csv,True,CLEAN,44.675799682225,31.446253787888978,-0.4220200504301114,35.05127281462423,23.0388456460011,13.939551207910647,44.675799682225,39.57369591457501,16.4305872415572,5.927407811185946,63.85332418423775,Right,1
cellula_MI_data_1577.csv,True,CLEAN,60.28023528093291,30.370538110476893,-0.4325039440041674,47.69993377224087,35.83909855830302,23.337385471348988,60.28023528093291,37.4509323909169,17.078394493621214,6.467485387325186,60.48534017004429,Left,0
cellula_MI_data_1578.csv,True,CLEAN,40.377877183894284,27.59319952418445,-0.4595718047495443,31.801976111629966,22.74354721830834,13.52422909045621,40.377877183894284,34.067033675563394,15.108606910343989,5.473678814198013,55.7234786966324,Left,0
cellula_MI_data_1579.csv,False,extreme_ptp_amplitude_FZ_(286.3uV>200.0uV); extreme_ptp_amplitude_C4_(353.5uV>200.0uV),353.4742144207246,321.75347569128036,2.4073056553521623,286.2528649605642,126.4151888282736,59.193839368113316,353.4742144207246,465.10240022396493,91.59309614553017,20.9387282369591,709.3796781586672,Right,1
cellula_MI_data_1580.csv,True,CLEAN,145.47513424569638,59.92278602100215,-0.1444885989890015,113.4863241366334,79.39353786004492,47.51292629897208,145.47513424569638,73.32766764747899,34.04971499889966,12.1509384244136,120.16282301321635,Right,1
cellula_MI_data_1581.csv,False,extreme_ptp_amplitude_C3_(1864.3uV>200.0uV); extreme_ptp_amplitude_CZ_(2078.6uV>200.0uV); extreme_ptp_amplitude_C4_(360.3uV>200.0uV); statistical_variance_outlier_(z=69.49),2078.6434599394047,7204.9080182565285,69.49032879362146,145.28490321046536,1864.2551693870012,2078.6434599394047,360.2969135161302,105.84171795855637,12580.210524466858,15626.127315502757,507.4525150979442,Left,0
cellula_MI_data_1582.csv,True,CLEAN,41.15826457305695,25.778057757480376,-0.47726212339371465,32.031260692772456,20.964741753897197,12.37210498474667,41.15826457305695,31.091910984065816,14.741829437880392,5.278598064703,51.9998925432723,Right,1
cellula_MI_data_1583.csv,True,CLEAN,46.024257127809314,25.107748427183317,-0.4837949385493304,35.05180696720187,25.07792765627675,21.952331547399197,46.024257127809314,29.95154525776231,14.378202173596417,5.768300393177767,50.33294588419677,Left,0
cellula_MI_data_1584.csv,True,CLEAN,42.201363599637034,25.53117548722457,-0.4796682307890349,32.819517442825074,21.373184217060782,12.549735738428211,42.201363599637034,31.133797372788685,14.073715544598276,4.852368219561856,52.06482081194946,Right,1
cellula_MI_data_1585.csv,True,CLEAN,48.46964119035386,24.57018662897848,-0.48903400013428,48.46964119035386,41.82448945659834,7.84898937703721,13.323608109677263,62.48321709943712,30.3388657190887,1.7128772945742359,3.7457864028138617,Left,0
cellula_MI_data_1586.csv,False,extreme_ptp_amplitude_FZ_(97971.4uV>200.0uV); extreme_ptp_amplitude_C3_(52511.4uV>200.0uV); extreme_ptp_amplitude_CZ_(24445.6uV>200.0uV); extreme_ptp_amplitude_C4_(21014.3uV>200.0uV); statistical_variance_outlier_(z=170253.93),97971.35824508894,17469235.846486706,170253.93384847787,97971.35824508894,52511.43182257112,24445.61092076958,21014.31550174824,50071372.12717319,14384341.866726892,3117605.21959424,2303624.1724524964,Left,0
cellula_MI_data_1587.csv,False,extreme_ptp_amplitude_FZ_(1504.8uV>200.0uV); extreme_ptp_amplitude_C3_(944.7uV>200.0uV); extreme_ptp_amplitude_CZ_(322.8uV>200.0uV); extreme_ptp_amplitude_C4_(237.3uV>200.0uV); statistical_variance_outlier_(z=25.78),1504.823268202646,2719.5751427900464,25.776405590667935,1504.823268202646,944.7171540320967,322.823118411424,237.28299575912553,7424.501242270481,2926.743622286301,341.9796959723558,185.07601063104818,Left,0
cellula_MI_data_1588.csv,True,CLEAN,35.841457984439074,17.279870890307798,-0.5600852043979969,35.841457984439074,23.9133658776243,6.895265049479578,7.758689193514876,45.36820895949491,20.768679963618172,1.2570833372306351,1.7255113008874752,Right,1
cellula_MI_data_1589.csv,True,CLEAN,36.868240278542004,19.25226215637882,-0.54086233672572,36.868240278542004,25.16383565977274,7.091214549781402,7.3360951662430445,50.37026493636054,23.537973014219187,1.153182517427811,1.9476281575077303,Left,0
cellula_MI_data_1590.csv,False,extreme_ptp_amplitude_FZ_(239.9uV>200.0uV),239.93274592718217,107.26683252975438,0.31692509552646164,239.93274592718217,172.78396248163,17.20073181839534,49.964596434814666,274.7599871463411,140.25232166669335,2.3446951469617607,11.710326159021271,Right,1
cellula_MI_data_1591.csv,True,CLEAN,39.09543960499098,19.345763606319814,-0.539951074325455,39.09543960499098,27.400599834450563,8.247273393707943,8.378964455562187,50.51221180830212,23.634431447576727,1.2520274005280452,1.9843837688723616,Left,0
cellula_MI_data_1592.csv,True,CLEAN,52.67246617471912,19.148546510172533,-0.5418731463844647,52.67246617471912,35.26417272861934,8.280481210287899,9.705933152980688,50.024467032709616,23.45504856241281,1.2237935664523913,1.8908768791153285,Right,1
cellula_MI_data_1593.csv,True,CLEAN,45.83320727617052,20.76692149632179,-0.526100511036692,45.83320727617052,31.50941408222224,7.293023420598445,7.8826281234117594,53.493804041762694,26.628403117550736,1.2302167804775765,1.715262045496142,Right,1
cellula_MI_data_1594.csv,False,extreme_ptp_amplitude_FZ_(17521.7uV>200.0uV); extreme_ptp_amplitude_C3_(12771.9uV>200.0uV); extreme_ptp_amplitude_CZ_(824.6uV>200.0uV); extreme_ptp_amplitude_C4_(3925.2uV>200.0uV); statistical_variance_outlier_(z=5739.28),17521.74028179065,588961.9029062974,5739.277009826073,17521.74028179065,12771.908617404788,824.5878613679579,3925.2438030179046,1487542.615946375,790363.6210836966,3296.98985910682,74644.38473601098,Right,1
cellula_MI_data_1595.csv,True,CLEAN,63.543306225491875,29.154800471414937,-0.444352487526897,63.543306225491875,35.86460797942597,34.08147466273109,10.818332379204003,73.82189261084606,34.224267142912595,5.533392273920746,3.0396498579803564,Left,0
cellula_MI_data_1596.csv,True,CLEAN,150.78053983564024,49.544499799900606,-0.24563507338535737,150.78053983564024,110.73127226073495,15.462871118455752,24.813881534199453,125.26945686749006,67.5866457166545,1.6886533965505277,3.63324321890733,Left,0
cellula_MI_data_1597.csv,True,CLEAN,49.27843387193227,26.314275759597333,-0.47203615840618984,49.27843387193227,36.80085389715079,5.558947222500894,9.518771562455356,66.34817662100104,35.74640965548749,1.0952819467229473,2.067234815177843,Left,0
cellula_MI_data_1598.csv,False,extreme_ptp_amplitude_FZ_(451.7uV>200.0uV); extreme_ptp_amplitude_C3_(328.6uV>200.0uV),451.7129491834347,429.18695695216195,3.4543492259535302,451.7129491834347,328.644122584345,49.82841845035827,73.48584545776836,1094.2454861543933,579.8924794622097,13.18659635925167,29.42326583279275,Left,0
cellula_MI_data_1599.csv,True,CLEAN,40.16489168584616,24.56033197664832,-0.48913004328806875,40.16489168584616,29.4263111293385,6.102365380808033,9.247312442920297,61.9118736532336,33.31838626200288,1.0355014689325615,1.9755665224242454,Left,0
cellula_MI_data_1600.csv,True,CLEAN,46.83543258407103,26.851356050239993,-0.4668017895798781,46.83543258407103,33.79922448912505,5.626397487665232,8.281409713597604,67.80618930331916,36.40742646643347,1.1110975220659944,2.0807109091413483,Right,1
cellula_MI_data_1601.csv,True,CLEAN,51.347375477162984,27.250293194370002,-0.46291375982478633,51.347375477162984,38.04232796435346,8.115745265035585,9.218973110872799,68.74835097648045,36.98128279821095,1.2182535014047446,2.053285501383872,Left,0
cellula_MI_data_1602.csv,True,CLEAN,83.10940164060086,29.233316040206986,-0.4435872770866228,83.10940164060086,60.43452149657551,12.278265321772569,10.790373072924666,74.28419618926476,39.28857125244394,1.4521384350712656,1.9083582840479931,Left,0
cellula_MI_data_1603.csv,False,extreme_ptp_amplitude_FZ_(987.0uV>200.0uV); extreme_ptp_amplitude_C3_(5546.1uV>200.0uV); extreme_ptp_amplitude_CZ_(11164.5uV>200.0uV); extreme_ptp_amplitude_C4_(6598.6uV>200.0uV); statistical_variance_outlier_(z=2881.15),11164.513792830472,295699.9033924803,2881.1541277516108,986.9634116180869,5546.148798673928,11164.513792830472,6598.647325674793,5666.276255128254,181777.93245108527,737732.1238201789,257623.28104352875,Left,0
cellula_MI_data_1604.csv,True,CLEAN,39.020005410702964,18.99703504997534,-0.5433497726504113,39.020005410702964,25.91484203084387,5.859969280373971,10.053673042246743,50.46550874851911,21.50190762067041,1.117441587922677,2.9032822427891682,Right,1
cellula_MI_data_1605.csv,False,extreme_ptp_amplitude_FZ_(343.3uV>200.0uV); extreme_ptp_amplitude_C3_(208.9uV>200.0uV),343.341018831626,215.28853082681928,1.3697014121826496,343.341018831626,208.87504299132496,76.41593430657032,58.050041533730734,593.1033963091152,221.05377381718395,28.680647611859463,18.316305569118576,Right,1
cellula_MI_data_1606.csv,False,extreme_ptp_amplitude_FZ_(248.5uV>200.0uV),248.50855205091068,109.5177747291903,0.3388627124597857,248.50855205091068,173.44206254391824,20.472671297797596,55.8804463101922,284.772602399144,136.37603201163748,2.3155592040506674,14.60690530192905,Right,1
cellula_MI_data_1607.csv,False,extreme_ptp_amplitude_FZ_(2194.4uV>200.0uV); extreme_ptp_amplitude_C3_(1323.1uV>200.0uV); extreme_ptp_amplitude_CZ_(613.0uV>200.0uV); extreme_ptp_amplitude_C4_(258.4uV>200.0uV); statistical_variance_outlier_(z=65.05),2194.4266926866258,6748.878082957155,65.04587436327968,2194.4266926866258,1323.0966535413943,613.0067670486503,258.39393148683246,18545.60380115814,6741.420712416063,1452.1724544767733,256.31536377764223,Left,0
cellula_MI_data_1608.csv,True,CLEAN,45.306614333988335,24.511091628962934,-0.48960993827846727,45.306614333988335,29.958388390896236,6.748383807821945,10.192853413916424,64.81561962355106,28.458970757313374,1.1233674754630814,3.6464086595242233,Right,1
cellula_MI_data_1609.csv,True,CLEAN,106.18343299247391,33.03583634157974,-0.4065280252881501,106.18343299247391,71.47938567300665,19.017966894767,16.18718066112173,87.15521391030795,39.48864710950641,2.2498695535287223,3.249614792975878,Left,0
cellula_MI_data_1610.csv,True,CLEAN,54.214315585524545,22.4362042461355,-0.5098317301110884,54.214315585524545,37.831094214379334,5.69817275770728,11.194152640192279,58.361604929324635,27.833032085031814,1.0168561481586484,2.5333238220268948,Right,1
cellula_MI_data_1611.csv,True,CLEAN,38.75546797460298,20.277085488282353,-0.5308744384645979,38.75546797460298,26.544788476202704,5.570948624492068,8.38161680821446,52.74100024741503,25.1524092973077,0.8790017313231941,2.335930677083486,Left,0
cellula_MI_data_1612.csv,True,CLEAN,43.72868252141867,20.011600498943352,-0.5334618474167807,43.72868252141867,24.556394241470343,8.446368428249823,18.961970319848334,53.75148275020118,19.813433660234207,1.2688805397898353,5.212605045548192,Left,0
cellula_MI_data_1613.csv,False,extreme_ptp_amplitude_FZ_(228.8uV>200.0uV),228.7998188272009,119.60792207124933,0.43720099375655164,228.7998188272009,154.72776643614856,4.786921330498863,75.3934613289904,306.12112199263385,138.7891838353392,0.5245762480379815,32.99680620898631,Right,1
cellula_MI_data_1614.csv,True,CLEAN,161.79159899506362,50.15496882983814,-0.23968546004931357,161.79159899506362,99.90872494945347,24.915031312646263,37.26166344259132,136.3887396915372,53.22618325915982,2.7722714740547185,8.232680894600817,Right,1
cellula_MI_data_1615.csv,False,flatline_dead_channel_CZ_(var=4.9299e-01),44.52604954116545,17.623693187961077,-0.5567343223269497,44.52604954116545,28.5930055639562,4.347345170476178,11.944295740280644,46.567914801589595,19.72954839424339,0.49299432742355603,3.704315228587758,Left,0
cellula_MI_data_1616.csv,False,extreme_ptp_amplitude_FZ_(6787.6uV>200.0uV); extreme_ptp_amplitude_C3_(4698.6uV>200.0uV); extreme_ptp_amplitude_CZ_(217.7uV>200.0uV); extreme_ptp_amplitude_C4_(1871.6uV>200.0uV); statistical_variance_outlier_(z=709.29),6787.6250462213575,72852.02655603852,709.285228733425,6787.6250462213575,4698.597467613646,217.68169873593592,1871.63153840708,187252.50778480025,89728.67188513122,193.14959477714632,14233.776959445464,Left,0
cellula_MI_data_1617.csv,True,CLEAN,42.895141085386406,20.177498117005193,-0.5318450140764561,42.895141085386406,29.66804031767411,5.017329506942827,9.55145269462804,51.98568191887266,25.35628525414705,0.8087940580528149,2.5592312369482477,Right,1
cellula_MI_data_1618.csv,True,CLEAN,95.92377252340455,28.942381705753835,-0.4464227146129993,95.92377252340455,66.47745265365337,17.16011286944311,13.216792815420344,74.51450516680812,36.95895371139734,1.6270356741861223,2.669032270623764,Left,0
cellula_MI_data_1619.csv,True,CLEAN,46.27441960118452,20.487476723343566,-0.5288239716325048,46.27441960118452,31.63980042850998,6.693189628546804,10.565803257173602,52.94121471313804,25.593120470020118,0.8549856773840776,2.5605860328320245,Right,1
cellula_MI_data_1620.csv,True,CLEAN,44.47183313699259,18.954347654421206,-0.5437658027607281,44.47183313699259,30.535571587726118,6.111592952922042,9.396623747226418,49.02482897460789,23.471388576608973,0.8439303893955832,2.4772426770723803,Right,1
cellula_MI_data_1621.csv,False,extreme_ptp_amplitude_FZ_(220.7uV>200.0uV),220.74463881605553,115.58326458577464,0.3979767994496942,220.74463881605553,145.42678705698415,8.513266169297967,74.65350809011927,299.8467621495291,128.51057732332697,1.3813556042596054,32.59436326598287,Left,0
cellula_MI_data_1622.csv,True,CLEAN,35.26138262052885,17.55557746420282,-0.5573981761812689,35.26138262052885,21.735294586210756,6.030651738955127,8.901052162365964,47.5555349791876,18.395161539391154,1.2094061147928592,3.0622072234396707,Left,0
cellula_MI_data_1623.csv,True,CLEAN,53.60899791533866,24.903706827962996,-0.4857835220159694,53.60899791533866,37.742730741258484,28.24336070334978,35.07325907008548,60.9862256686958,25.54554780029629,4.526144112002463,8.556909730857408,Right,1
cellula_MI_data_1624.csv,True,CLEAN,39.850635692454205,19.783575800551382,-0.5356841694674817,39.850635692454205,25.21132991697984,6.898013644534695,9.741252315593357,53.26560987022341,21.40260480425828,1.248947263395714,3.2171412643281267,Left,0
cellula_MI_data_1625.csv,False,extreme_ptp_amplitude_FZ_(9222.9uV>200.0uV); extreme_ptp_amplitude_C3_(5594.7uV>200.0uV); extreme_ptp_amplitude_CZ_(3028.1uV>200.0uV); extreme_ptp_amplitude_C4_(600.1uV>200.0uV); statistical_variance_outlier_(z=1798.35),9222.857798969693,184597.07136100307,1798.3491717092945,9222.857798969693,5594.689706679388,3028.1021987408467,600.0658935494589,498913.8832137068,183590.9342881279,53766.76996412313,2116.6979780544248,Right,1
cellula_MI_data_1626.csv,False,extreme_ptp_amplitude_FZ_(17438.7uV>200.0uV); extreme_ptp_amplitude_C3_(9710.6uV>200.0uV); extreme_ptp_amplitude_CZ_(6727.6uV>200.0uV); extreme_ptp_amplitude_C4_(1002.4uV>200.0uV); statistical_variance_outlier_(z=4573.65),17438.709536281443,469361.3772764633,4573.653780162946,17438.709536281443,9710.602126447422,6727.595873589792,1002.3973412040996,1284065.1442031749,398243.5917354759,190883.49451712062,4253.278650081941,Right,1
cellula_MI_data_1627.csv,True,CLEAN,41.87814061810418,19.38858608742674,-0.5395337276752862,41.87814061810418,26.970923690649037,6.753462610537255,10.715339336384442,52.13503705493023,21.097775236264848,1.0941218569715505,3.227410201540341,Left,0
cellula_MI_data_1628.csv,False,extreme_ptp_amplitude_FZ_(229.1uV>200.0uV),229.09528763358807,106.70620088336138,0.31146119587486215,229.09528763358807,156.42715448313874,5.93825009475807,68.14785385065798,275.13471440919096,127.22394531702311,1.0992478769787875,23.36689593025265,Left,0
cellula_MI_data_1629.csv,True,CLEAN,39.87882937148974,19.673324259262014,-0.5367586777688147,39.87882937148974,26.172152307853732,5.224355711061456,10.057014328926254,52.20769683481599,22.56543697134414,1.0355738254276916,2.8845894054602343,Right,1
cellula_MI_data_1630.csv,True,CLEAN,58.1682815039852,14.328971686913572,-0.5888445818485314,58.1682815039852,27.92484084446722,10.666455960872447,20.073545711735505,40.38360578154914,11.314013741850898,1.2107570477858136,4.407510176468438,Left,0
cellula_MI_data_1631.csv,True,CLEAN,35.12830613001897,13.409957634490627,-0.5978012659621655,35.12830613001897,18.165288721518525,13.321106176932805,12.367505896464088,36.75966242633798,11.036613100459642,1.4437733002236757,4.399781710941215,Left,0
cellula_MI_data_1632.csv,True,CLEAN,30.201219747638625,12.103292751875316,-0.6105359837448902,30.201219747638625,17.139836790819903,4.689826572276029,9.55037293617455,33.356969765490426,10.81792640293649,0.6816893355363242,3.556585503538027,Left,0
cellula_MI_data_1633.csv,False,extreme_ptp_amplitude_FZ_(305.7uV>200.0uV),305.69683650124506,153.24920786607643,0.7650679825652116,305.69683650124506,176.20590874353013,24.960251783940535,105.04918090038007,420.5830977474544,140.0445697811451,3.0445864144846664,49.324577521221464,Left,0
cellula_MI_data_1634.csv,False,extreme_ptp_amplitude_FZ_(14890.0uV>200.0uV); extreme_ptp_amplitude_C3_(8253.8uV>200.0uV); extreme_ptp_amplitude_CZ_(2674.2uV>200.0uV); extreme_ptp_amplitude_C4_(3962.0uV>200.0uV); statistical_variance_outlier_(z=4071.94),14889.976380502241,417882.6468607727,4071.943577050538,14889.976380502241,8253.787823198552,2674.156050111979,3962.0325071917136,1185223.721142533,364156.376379295,38244.89860827915,83905.59131298363,Left,0
cellula_MI_data_1635.csv,False,extreme_ptp_amplitude_FZ_(5114.7uV>200.0uV); extreme_ptp_amplitude_C3_(3260.0uV>200.0uV); extreme_ptp_amplitude_C4_(1904.0uV>200.0uV); statistical_variance_outlier_(z=400.24),5114.713801579184,41142.30689691996,400.2432270688925,5114.713801579184,3260.0144669836927,49.97407203172406,1904.0202530936585,106522.96690644452,43275.44577608696,10.583299584402033,14760.231605563966,Left,0
cellula_MI_data_1636.csv,True,CLEAN,30.071318022013514,12.2601587494648,-0.6090071723139061,30.071318022013514,17.779232388098777,4.644393875584612,8.845915789936484,33.431856905654996,12.014610129764622,0.6423089991709677,2.95185896326862,Right,1
cellula_MI_data_1637.csv,True,CLEAN,49.31162519399442,13.38478718332113,-0.5980465764441201,49.31162519399442,27.38074931931424,9.439857752468203,12.859032443796341,36.68703699360369,12.852955728195342,0.805011897922704,3.194144113562783,Left,0
cellula_MI_data_1638.csv,True,CLEAN,34.09801323521921,14.039857839109846,-0.5916622769651928,34.09801323521921,20.322557609442793,4.69837953548735,10.10649730925278,38.36786122808724,13.68565323830299,0.7698741845803208,3.3360427054688255,Left,0
cellula_MI_data_1639.csv,True,CLEAN,103.53972392401744,28.729454268948306,-0.4484978991932186,103.53972392401744,29.2028032072778,28.64252829119482,69.29093076431393,70.0021125735399,14.835850594450713,5.027278580580601,25.052575327222005,Left,0
cellula_MI_data_1640.csv,True,CLEAN,107.12381936998099,20.401664476398334,-0.5296602952849486,107.12381936998099,22.77588015580447,20.74151142884417,66.47475011093826,54.48003527222558,4.8016812108292335,1.9395413813471793,20.38540004119135,Right,1
cellula_MI_data_1641.csv,True,CLEAN,23.903543289617385,5.837245432951266,-0.6716046979051589,23.903543289617385,11.437046661585711,4.7917307866717564,13.94456073228211,14.377318121960476,3.300847175441668,0.5278998235787355,5.142916610824184,Right,1
cellula_MI_data_1642.csv,False,extreme_ptp_amplitude_FZ_(64246.4uV>200.0uV); extreme_ptp_amplitude_C3_(32084.8uV>200.0uV); extreme_ptp_amplitude_CZ_(6928.1uV>200.0uV); extreme_ptp_amplitude_C4_(25233.5uV>200.0uV); statistical_variance_outlier_(z=57704.74),64246.35106411434,5920956.2066906495,57704.737765060185,64246.35106411434,32084.75293649875,6928.095190836406,25233.502936779172,16734186.480702618,4173691.193585727,194590.479625017,2581356.6728492384,Left,0
cellula_MI_data_1643.csv,True,CLEAN,195.50792176921948,81.7114262387424,0.06786285220090021,195.50792176921948,107.77673007751888,32.20766327887251,56.589018380394535,230.32808848362154,70.06291787753456,5.846813088438272,20.60788550537523,Left,0
cellula_MI_data_1644.csv,False,flatline_dead_channel_CZ_(var=3.0931e-01),33.64905919490043,12.369358595061376,-0.6079429138080786,33.64905919490043,19.43318423372342,3.3697866128632183,11.492013050749392,33.587108460544094,11.39006514491062,0.30931475482848947,4.190946019962299,Left,0
cellula_MI_data_1645.csv,False,flatline_dead_channel_CZ_(var=3.1142e-01),32.48245673874278,11.882738679347751,-0.6126854972941083,32.48245673874278,18.754240200483856,2.96473873374752,11.404679596151023,32.228040176510504,11.097114517376179,0.3114187593698374,3.8943812641344864,Right,1
cellula_MI_data_1646.csv,False,flatline_dead_channel_CZ_(var=4.2364e-01),42.10952724438087,15.372839729811446,-0.5786710743902896,42.10952724438087,26.2885316718967,4.084343492989046,13.318364959886,41.285992830881945,15.577414728992627,0.4236381691868098,4.204313190184398,Left,0
cellula_MI_data_1647.csv,False,flatline_dead_channel_CZ_(var=3.8102e-01),49.96675423408854,16.544317776109096,-0.5672538835659686,49.96675423408854,31.909554306294332,3.826264488906155,15.268000929169759,44.00061350061397,17.77744715714946,0.3810232178351926,4.01818722883776,Right,1
cellula_MI_data_1648.csv,False,extreme_ptp_amplitude_FZ_(11661.3uV>200.0uV); extreme_ptp_amplitude_C3_(6055.2uV>200.0uV); extreme_ptp_amplitude_CZ_(928.4uV>200.0uV); extreme_ptp_amplitude_C4_(4677.8uV>200.0uV); statistical_variance_outlier_(z=2037.90),11661.313157518858,209176.05331127832,2037.8952119280755,11661.313157518858,6055.151206925268,928.3832978305554,4677.778652763031,582331.8296251395,156944.9737750975,3695.7444671897583,93731.66537768654,Left,0
cellula_MI_data_1649.csv,True,CLEAN,33.93876362138102,11.354667777328663,-0.6178320608820284,33.93876362138102,20.58367345972539,4.638131413951035,11.689982477396121,31.421051556759153,9.115770309083947,0.5755741894692956,4.306275054002258,Left,0
cellula_MI_data_1650.csv,False,extreme_ptp_amplitude_FZ_(6922.3uV>200.0uV); extreme_ptp_amplitude_C3_(4697.2uV>200.0uV); extreme_ptp_amplitude_CZ_(715.5uV>200.0uV); extreme_ptp_amplitude_C4_(2939.6uV>200.0uV); statistical_variance_outlier_(z=895.26),6922.2511436789555,91933.84300267618,895.2560545072919,6922.2511436789555,4697.19298693404,715.5206601506852,2939.587616055528,222633.91351257626,102554.11959199661,2383.5079564759108,40163.83094965596,Left,0
cellula_MI_data_1651.csv,False,extreme_ptp_amplitude_FZ_(21492.5uV>200.0uV); extreme_ptp_amplitude_C3_(13307.9uV>200.0uV); extreme_ptp_amplitude_CZ_(2616.9uV>200.0uV); extreme_ptp_amplitude_C4_(5567.8uV>200.0uV); statistical_variance_outlier_(z=6613.34),21492.533377758835,678646.7991402459,6613.343389130851,21492.533377758835,13307.877332103712,2616.8920238230685,5567.790989012126,1852557.9064167782,710241.3969897302,27471.24259595935,124316.65055851563,Left,0
cellula_MI_data_1652.csv,False,extreme_ptp_amplitude_FZ_(2665.7uV>200.0uV); extreme_ptp_amplitude_C3_(1669.7uV>200.0uV); extreme_ptp_amplitude_CZ_(270.5uV>200.0uV); extreme_ptp_amplitude_C4_(725.7uV>200.0uV); statistical_variance_outlier_(z=83.65),2665.729218760448,8657.894126505744,83.65108896782789,2665.729218760448,1669.7446213618925,270.46075995538814,725.686962144485,23453.74429908103,9199.526046398078,242.94814103623693,1735.358019507629,Right,1
cellula_MI_data_1653.csv,False,extreme_ptp_amplitude_FZ_(2401.8uV>200.0uV); extreme_ptp_amplitude_C3_(1258.4uV>200.0uV); extreme_ptp_amplitude_CZ_(908.3uV>200.0uV); extreme_ptp_amplitude_C4_(235.1uV>200.0uV); statistical_variance_outlier_(z=80.42),2401.822443964267,8326.020644990776,80.41665970988049,2401.822443964267,1258.3870352933614,908.2915842984603,235.14382437244615,23331.53549141412,6406.185374873255,3342.8347533217775,223.52696035395726,Right,1
cellula_MI_data_1654.csv,True,CLEAN,57.09271814582088,19.22143886749263,-0.5411627395989613,57.09271814582088,35.20161853457134,7.918171299369721,15.015126964833918,52.22761429518279,19.83414962686495,1.2705512781419501,3.5534402697808334,Left,0
cellula_MI_data_1655.csv,True,CLEAN,37.20852701355959,14.169902957682096,-0.590394861037764,37.20852701355959,23.855377604716242,5.3620110314271106,9.664100607661531,38.13818910513978,14.734120892539629,0.723708167415728,3.0835936656332428,Left,0
cellula_MI_data_1656.csv,True,CLEAN,33.81358440713279,14.685205691346566,-0.5853727356457131,33.81358440713279,21.27169513999514,4.1555065654438454,9.975671395792581,39.56717459802422,15.395628215912971,0.7291090901997486,3.048910861249321,Left,0
cellula_MI_data_1657.csv,False,extreme_ptp_amplitude_FZ_(2553.9uV>200.0uV); extreme_ptp_amplitude_C3_(1658.7uV>200.0uV); extreme_ptp_amplitude_CZ_(2564.4uV>200.0uV); extreme_ptp_amplitude_C4_(1665.9uV>200.0uV); statistical_variance_outlier_(z=166.15),2564.420393718004,17122.442433027485,166.14632954247514,2553.85513580119,1658.7008075996664,2564.420393718004,1665.8658665210633,24026.94175667174,10165.675680212975,24096.837243296013,10200.315051929212,Left,0
cellula_MI_data_1658.csv,False,extreme_ptp_amplitude_CZ_(221.1uV>200.0uV),221.0606954593354,106.0687049663005,0.3052481792862779,160.31553310766918,62.48545663577704,221.0606954593354,118.19586097446316,117.40778509096096,25.02513090715824,218.91764307415298,62.92426079292982,Left,0
cellula_MI_data_1659.csv,True,CLEAN,45.50981673014837,19.62621083034991,-0.5372178438709689,45.50981673014837,42.53418360660591,34.07871254702127,24.029899713101216,23.930804618824713,17.332161709371952,28.118874930605244,9.123002062597717,Left,0
cellula_MI_data_1660.csv,True,CLEAN,122.3875423985854,39.16813700250107,-0.34676280215049016,83.89100554231183,31.424827988859704,122.3875423985854,62.37387200818178,43.358287892504705,16.46838013821534,75.98977180382113,20.856108175463095,Right,1
cellula_MI_data_1661.csv,True,CLEAN,38.34774343317743,17.568732614001867,-0.5572699664755446,35.41192164273401,30.21512146216671,38.34774343317743,21.07694324219724,20.5878208605342,13.535031741148664,27.872009026285767,8.280068828038843,Right,1
cellula_MI_data_1662.csv,True,CLEAN,150.46898773061542,46.003027218051926,-0.28015016173366597,77.95407149142162,22.358064968264312,150.46898773061542,67.82574195364309,37.81423718345964,12.484670344591137,109.79654851005922,23.916652834097693,Left,0
cellula_MI_data_1663.csv,True,CLEAN,30.537509412155735,14.664101705977847,-0.5855784144707409,25.994541736829387,21.745188593661496,30.537509412155735,15.501443915535003,17.038838798005404,12.676010594819425,22.68636270657365,6.255194724512914,Left,0
cellula_MI_data_1664.csv,False,extreme_ptp_amplitude_FZ_(5375.3uV>200.0uV); extreme_ptp_amplitude_C3_(6780.7uV>200.0uV); extreme_ptp_amplitude_C4_(1584.2uV>200.0uV); statistical_variance_outlier_(z=794.32),6780.718837636138,81576.77301417264,794.3163528941819,5375.339632394151,6780.718837636138,190.75398858420658,1584.2277633363055,121895.40475198552,193638.68187754205,167.83798098576176,10605.16744617721,Right,1
cellula_MI_data_1665.csv,True,CLEAN,38.72053311309012,16.463838808773843,-0.5680382292311007,27.474960733038074,20.27610646085787,38.72053311309012,19.86959773296057,18.900227629021618,12.956515904264847,26.76258783145292,7.236023870355988,Left,0
cellula_MI_data_1666.csv,False,extreme_ptp_amplitude_FZ_(817.0uV>200.0uV); extreme_ptp_amplitude_C3_(3063.9uV>200.0uV); extreme_ptp_amplitude_CZ_(2318.9uV>200.0uV); extreme_ptp_amplitude_C4_(1561.0uV>200.0uV); statistical_variance_outlier_(z=184.52),3063.8536429614123,19007.264575712765,184.51575109583123,817.02530245199,3063.8536429614123,2318.940849902056,1561.0069499081592,2859.318340986421,39909.59955508981,22874.327684837106,10385.812721937722,Left,0
cellula_MI_data_1667.csv,False,extreme_ptp_amplitude_FZ_(7172.7uV>200.0uV); extreme_ptp_amplitude_C3_(3971.6uV>200.0uV); extreme_ptp_amplitude_CZ_(4337.6uV>200.0uV); extreme_ptp_amplitude_C4_(6806.8uV>200.0uV); statistical_variance_outlier_(z=1336.35),7172.7103842742545,137192.714765772,1336.3476968524615,7172.7103842742545,3971.627486822788,4337.564232924027,6806.773638173016,213257.9157256126,65425.24537145629,78028.42508877398,192059.27287724504,Left,0
cellula_MI_data_1668.csv,True,CLEAN,39.752413800647474,10.796693050737296,-0.6232700662708407,39.752413800647474,15.330466782863674,18.880202734548398,36.1096890446194,18.024222853632864,4.415895665291247,5.138002856081742,15.608650827943336,Left,0
cellula_MI_data_1669.csv,True,CLEAN,30.268860493966606,11.87265064113395,-0.6127838150199025,30.268860493966606,12.915387725326266,18.645133853866483,21.437622345114363,21.022298077621503,4.982583605640427,8.099182016724978,13.38653886454889,Right,1
cellula_MI_data_1670.csv,True,CLEAN,29.18329531061757,12.822695700135156,-0.603524703622467,29.18329531061757,13.682496962252412,19.61617565750163,21.30776533068424,23.56942749452105,5.363830866247982,9.723758047972405,12.63376639179919,Right,1
cellula_MI_data_1671.csv,True,CLEAN,25.95932343017722,10.525402433790644,-0.6259140567001251,25.95932343017722,11.078619787159889,16.343208262109453,22.82991558226677,17.189530383817512,4.310510413185145,5.592222584572371,15.009346353587544,Right,1
cellula_MI_data_1672.csv,False,extreme_ptp_amplitude_FZ_(8342.3uV>200.0uV); extreme_ptp_amplitude_C3_(5021.2uV>200.0uV); extreme_ptp_amplitude_CZ_(3433.6uV>200.0uV); extreme_ptp_amplitude_C4_(9929.9uV>200.0uV); statistical_variance_outlier_(z=2043.04),9929.915817490577,209703.67093954916,2043.0373579232835,8342.291489915091,5021.2485946843735,3433.6242671088876,9929.915817490577,284501.4746609562,103028.17077047177,48156.17452923389,403128.8637975347,Left,0
cellula_MI_data_1673.csv,True,CLEAN,25.070108941574794,10.28510309626876,-0.6282560070252856,21.14578880617428,12.574593548185765,9.494688422939483,25.070108941574794,13.85144560421094,4.60494604596592,2.908031564843009,19.775989170055173,Left,0
cellula_MI_data_1674.csv,True,CLEAN,28.740952023597153,8.233393954594053,-0.6482519043965902,26.602644182326642,13.677017697336142,11.843185894087261,28.740952023597153,12.243965263834005,3.667577971246279,2.889742655065858,14.132289928230067,Right,1
cellula_MI_data_1675.csv,True,CLEAN,85.88190899065572,26.44071477595971,-0.47080388744557655,71.27572617324708,40.8373879317918,85.88190899065572,48.43613057756089,31.449355650265073,15.943882855750404,44.51273143998759,13.856889157835766,Left,0
cellula_MI_data_1676.csv,True,CLEAN,38.3451111138083,15.573911264354518,-0.5767114370872497,25.241362466323686,20.911092559697593,38.3451111138083,18.13836825625931,16.18256246162697,11.08440101446745,27.532240544003667,7.496441037319986,Left,0
cellula_MI_data_1677.csv,False,extreme_ptp_amplitude_FZ_(2185.4uV>200.0uV); extreme_ptp_amplitude_C3_(4421.1uV>200.0uV); extreme_ptp_amplitude_CZ_(2206.9uV>200.0uV); statistical_variance_outlier_(z=292.20),4421.051704494446,30056.25591383116,292.19889797361435,2185.3552262083217,4421.051704494446,2206.8747319773047,36.97301714150827,19793.269511716877,80549.83967350576,19869.749882024953,12.164588077042563,Left,0
cellula_MI_data_1678.csv,True,CLEAN,52.519360419787496,19.675608109210337,-0.5367364194339219,52.519360419787496,51.57301447147774,31.79230855354317,24.623390434732343,25.197519731346592,21.21502867530153,24.22025191356609,8.06963211662713,Right,1
cellula_MI_data_1679.csv,False,extreme_ptp_amplitude_FZ_(211.3uV>200.0uV),211.30135814334807,93.87472909404066,0.18640604657986257,211.30135814334807,198.88819976728527,107.52866147868717,94.79401922136806,151.9847698306743,128.00166206341808,61.105073789424424,34.40741069264586,Left,0
cellula_MI_data_1680.csv,True,CLEAN,170.80244352060822,84.0063104279637,0.09022872648327633,170.80244352060822,117.10766768883789,157.61853228036736,99.39468718801322,123.56851135848149,58.07074676904438,112.05148250387279,42.33450108045616,Right,1
cellula_MI_data_1681.csv,False,extreme_ptp_amplitude_FZ_(3083.8uV>200.0uV); extreme_ptp_amplitude_C3_(829.4uV>200.0uV); extreme_ptp_amplitude_CZ_(4552.6uV>200.0uV); extreme_ptp_amplitude_C4_(2297.2uV>200.0uV); statistical_variance_outlier_(z=355.73),4552.613003393146,36575.24783407903,355.73280283073206,3083.8188308320887,829.4258278905772,4552.613003393146,2297.203062433902,38398.75679024802,2765.6616989611575,83806.6060639431,21329.966783163865,Right,1
cellula_MI_data_1682.csv,False,extreme_ptp_amplitude_FZ_(1465.4uV>200.0uV); extreme_ptp_amplitude_C3_(586.2uV>200.0uV); extreme_ptp_amplitude_CZ_(3546.6uV>200.0uV); extreme_ptp_amplitude_C4_(1501.9uV>200.0uV); statistical_variance_outlier_(z=169.69),3546.592920016312,17485.728372619036,169.68690369938568,1465.3839330143667,586.1684202681176,3546.592920016312,1501.9137873192499,8646.993063379707,1383.5485839213068,50806.53020661552,9105.841636559617,Right,1
cellula_MI_data_1683.csv,False,extreme_ptp_amplitude_C3_(2952.4uV>200.0uV); extreme_ptp_amplitude_CZ_(4083.1uV>200.0uV); extreme_ptp_amplitude_C4_(1202.6uV>200.0uV); statistical_variance_outlier_(z=264.95),4083.1486256276926,27260.547418061044,264.9520046269908,79.50420165230096,2952.433003379885,4083.1486256276926,1202.6197640667253,39.516662264686275,35512.65411062467,67640.27477535856,5849.744123996254,Right,1
cellula_MI_data_1684.csv,True,CLEAN,39.346985174143796,18.166842727106427,-0.551440802781993,29.27913374155581,22.023089621044985,39.346985174143796,20.145356767968906,19.123231959453136,11.651908600995826,32.54827439697103,9.343955951005723,Right,1
cellula_MI_data_1685.csv,True,CLEAN,33.65272089212523,18.089199707079544,-0.552197509387486,30.306771655057332,29.90944065024431,33.65272089212523,16.966631309792167,19.407993237100357,12.736360034621017,31.567377085376013,8.645068471220789,Right,1
cellula_MI_data_1686.csv,True,CLEAN,33.53338812461213,18.067045469389008,-0.5524134239409678,27.95495077452329,29.294635910637993,33.53338812461213,17.000343991609675,19.449061826298184,12.179053171888366,31.976533860403595,8.663533018965886,Left,0
cellula_MI_data_1687.csv,True,CLEAN,33.858954362577144,16.642324421865514,-0.5662987136588679,29.830760342461197,23.036956407444492,33.858954362577144,19.352603167411765,18.815868818182953,11.945363779853409,27.870246270507675,7.937818818918013,Right,1
cellula_MI_data_1688.csv,True,CLEAN,102.72566135960258,39.07222828396847,-0.34769752572014084,102.72566135960258,89.5045867173171,71.84171453152481,52.4453643177413,55.77542599896408,38.20707356519109,44.703511659591555,17.602901912127166,Left,0
cellula_MI_data_1689.csv,True,CLEAN,35.11187585050699,16.969495859646177,-0.5631101103818243,35.11187585050699,30.009071553285672,34.15256876208585,20.179708231630258,19.588837578769667,12.17154265553921,28.25221821827218,7.865384986003651,Right,1
cellula_MI_data_1690.csv,False,extreme_ptp_amplitude_FZ_(650.8uV>200.0uV); extreme_ptp_amplitude_C3_(1828.3uV>200.0uV); extreme_ptp_amplitude_CZ_(3755.3uV>200.0uV); extreme_ptp_amplitude_C4_(1282.7uV>200.0uV); statistical_variance_outlier_(z=188.91),3755.304992357378,19457.680042795266,188.90548708291092,650.7883470776519,1828.2759722646247,3755.304992357378,1282.657504622915,1693.0494874250733,13286.2549973229,56279.11858843243,6572.297098000662,Right,1
cellula_MI_data_1691.csv,False,extreme_ptp_amplitude_FZ_(4553.1uV>200.0uV); extreme_ptp_amplitude_C3_(3420.7uV>200.0uV); extreme_ptp_amplitude_CZ_(3610.5uV>200.0uV); extreme_ptp_amplitude_C4_(2477.8uV>200.0uV); statistical_variance_outlier_(z=514.20),4553.06462481726,52835.49709751379,514.2047172454999,4553.06462481726,3420.680899248886,3610.5479602101805,2477.7943597839235,84885.533282527,47895.37343776653,53413.59246104067,25147.489208720945,Right,1
cellula_MI_data_1692.csv,True,CLEAN,53.607150421961094,19.544570593203087,-0.5380135072377676,32.802469293797124,19.633345794271367,53.607150421961094,25.327330407062966,21.180142718277143,10.570235201387884,36.849193081334384,9.578711371812927,Right,1
cellula_MI_data_1693.csv,False,extreme_ptp_amplitude_FZ_(2168.7uV>200.0uV); extreme_ptp_amplitude_C3_(1537.3uV>200.0uV); extreme_ptp_amplitude_CZ_(1949.6uV>200.0uV); extreme_ptp_amplitude_C4_(1316.8uV>200.0uV); statistical_variance_outlier_(z=112.87),2168.6881950074376,11655.728337697985,112.86789363354967,2168.6881950074376,1537.3121015300817,1949.566016389602,1316.7727220351408,17407.773816260706,8761.313460049872,14040.157073452117,6413.669001029243,Right,1
cellula_MI_data_1694.csv,True,CLEAN,67.89396894078024,21.69099481549447,-0.517094519457079,36.7350305099225,67.89396894078024,56.12459823180155,17.404243681679482,17.922470970625344,24.981972489589463,36.23027345476296,7.629262347000118,Right,1
cellula_MI_data_1695.csv,True,CLEAN,34.13331464577335,16.575797370623558,-0.5669470843572427,29.136566585245824,29.862230974202976,34.13331464577335,18.175611699375793,17.316517636588816,12.034230599286369,29.13469371333627,7.817747533282783,Left,0
cellula_MI_data_1696.csv,False,extreme_ptp_amplitude_FZ_(2458.3uV>200.0uV); extreme_ptp_amplitude_C3_(289.8uV>200.0uV); extreme_ptp_amplitude_CZ_(4191.0uV>200.0uV); extreme_ptp_amplitude_C4_(2017.7uV>200.0uV); statistical_variance_outlier_(z=255.77),4191.038071690081,26318.027796113645,255.76623591928913,2458.302814361415,289.80219762489764,4191.038071690081,2017.6705983094262,22936.30288234843,322.68174583338356,66576.13961372996,15436.986942542811,Right,1
cellula_MI_data_1697.csv,True,CLEAN,49.144184202593834,22.383239344205823,-0.5103479244983702,49.144184202593834,46.08219877046069,38.35565293046225,27.65745494148129,24.574322062845436,15.512769867744183,38.23447170351767,11.211393742716002,Left,0
cellula_MI_data_1698.csv,True,CLEAN,70.92745426695552,23.20765782159754,-0.5023131660961748,33.5051312385072,31.15700809730727,70.92745426695552,29.297259813577973,21.118568591066747,11.70030594678288,48.459574882613154,11.55218186592738,Right,1
cellula_MI_data_1699.csv,True,CLEAN,185.4475314877402,62.321133435879545,-0.12111437513119051,97.47773130924888,23.590914420660106,185.4475314877402,83.67194786292717,48.86786017573697,9.8735477170052,157.34243209414794,33.2006937566281,Right,1
cellula_MI_data_1700.csv,True,CLEAN,79.07048579824762,34.76925679694631,-0.38963416015747293,79.07048579824762,58.04858450225642,73.32473012969382,48.306873112884574,42.94160416761734,21.97214471125798,55.85172080771825,18.31155750119165,Right,1
cellula_MI_data_1701.csv,True,CLEAN,41.61200644179126,18.276837405887544,-0.5503687978551632,33.66399262428043,20.791061861732455,41.61200644179126,23.145420287953456,18.932332548155337,9.8963186404818,35.17174448908261,9.106953945830421,Left,0
cellula_MI_data_1702.csv,True,CLEAN,166.64701424787816,86.37907495150921,0.11335362022935618,152.92102831589278,103.57104203018277,166.64701424787816,109.66578678938399,103.19237628399661,47.8710535497555,139.6294031426281,54.823466829656645,Left,0
cellula_MI_data_1703.csv,False,extreme_ptp_amplitude_C3_(3616.8uV>200.0uV); extreme_ptp_amplitude_CZ_(4771.4uV>200.0uV); extreme_ptp_amplitude_C4_(1080.2uV>200.0uV); statistical_variance_outlier_(z=368.91),4771.374255714878,37927.460105336446,368.911424132878,78.3732491756142,3616.809595059911,4771.374255714878,1080.2321206364866,40.01346522317544,53775.77262594652,93143.43807535332,4750.616254822761,Left,0
cellula_MI_data_1704.csv,False,extreme_ptp_amplitude_FZ_(5435.5uV>200.0uV); extreme_ptp_amplitude_C3_(2584.4uV>200.0uV); extreme_ptp_amplitude_CZ_(6956.7uV>200.0uV); extreme_ptp_amplitude_C4_(4104.0uV>200.0uV); statistical_variance_outlier_(z=972.45),6956.705716720644,99854.79477578921,972.4534191439468,5435.480986644387,2584.3776717612864,6956.705716720644,4104.042258084879,116393.38486798634,26395.43873463256,190313.74298945811,66316.6125110798,Left,0
cellula_MI_data_1705.csv,True,CLEAN,155.1664883019267,54.354850694761176,-0.19875353405806176,34.35423615556846,94.87902515235024,155.1664883019267,46.75551982423018,21.188064981096442,47.39729887401575,131.4024876315522,17.431551292380313,Right,1
cellula_MI_data_1706.csv,True,CLEAN,119.34804123757489,45.50763402618824,-0.28497824931281646,95.06900195242483,48.62109075261156,119.34804123757489,67.72645249239363,50.37381514435941,17.2814428865311,88.28573897741758,26.089539096444856,Right,1
cellula_MI_data_1707.csv,True,CLEAN,67.71894043473672,21.629946128638057,-0.5176894981761567,32.48429623920927,27.480825432288533,67.71894043473672,28.87510008701534,19.020912707513624,10.989197062054302,45.70564327553132,10.804031469452974,Left,0
cellula_MI_data_1708.csv,False,extreme_ptp_amplitude_FZ_(4265.2uV>200.0uV); extreme_ptp_amplitude_C3_(3532.9uV>200.0uV); extreme_ptp_amplitude_CZ_(3305.2uV>200.0uV); extreme_ptp_amplitude_C4_(2571.8uV>200.0uV); statistical_variance_outlier_(z=473.66),4265.208717484635,48674.89051147368,473.6555669751435,4265.208717484635,3532.910920227061,3305.1726446098933,2571.7578329003504,73464.74424589417,50332.13786815528,44185.02842015213,26717.6515116931,Left,0
cellula_MI_data_1709.csv,False,extreme_ptp_amplitude_FZ_(1919.3uV>200.0uV); extreme_ptp_amplitude_CZ_(3413.1uV>200.0uV); extreme_ptp_amplitude_C4_(1593.7uV>200.0uV); statistical_variance_outlier_(z=171.08),3413.125939483462,17628.64620439319,171.07977671371202,1919.3155056187506,105.54431224648107,3413.125939483462,1593.6906247704092,14528.995591965548,48.90657944455847,45916.80322286808,10019.879423294575,Right,1
cellula_MI_data_1710.csv,True,CLEAN,42.53664621937226,22.702074175637925,-0.5072405695433156,34.03908617264527,42.53664621937226,40.973990071191636,19.482079942094856,22.189620811981584,16.227455373274147,41.91731392143583,10.47390659586014,Right,1
cellula_MI_data_1711.csv,True,CLEAN,58.53613338121565,20.604790777760496,-0.5276806322845027,25.962706813289067,25.32571215405155,58.53613338121565,23.763098730327414,17.094425123190607,9.92033418072187,45.67924891974224,9.725154887387264,Left,0
cellula_MI_data_1712.csv,True,CLEAN,57.53096824507104,19.939956905693247,-0.5341600837841302,29.272450485699153,19.137587632715363,57.53096824507104,24.264067151157796,17.272401443125574,9.10376907635451,43.661744747018986,9.72191235627392,Right,1
cellula_MI_data_1713.csv,True,CLEAN,57.059538066466786,17.844973202993522,-0.5545777337632815,38.590810771988885,18.955109369344868,57.059538066466786,28.18666205074045,16.586035888296628,9.081677362031067,37.21664026761175,8.495539294034641,Right,1
cellula_MI_data_1714.csv,True,CLEAN,149.22763416783482,56.20993773809571,-0.18067390991451673,33.59432500483946,141.1944218452301,149.22763416783482,27.25904039650035,17.1695914834023,86.92944847514589,111.22111948595284,9.519591507881824,Right,1
cellula_MI_data_1715.csv,True,CLEAN,43.64895734683647,19.706121709319767,-0.5364390347784541,26.739886311424947,43.64895734683647,36.369576644672605,16.43217256355954,17.13020645701924,13.443361064682279,39.59036862622667,8.660550689350886,Left,0
cellula_MI_data_1716.csv,False,extreme_ptp_amplitude_FZ_(3100.6uV>200.0uV); extreme_ptp_amplitude_C3_(1805.0uV>200.0uV); extreme_ptp_amplitude_CZ_(3337.3uV>200.0uV); extreme_ptp_amplitude_C4_(2040.3uV>200.0uV); statistical_variance_outlier_(z=268.05),3337.2942278884357,27578.21140467914,268.0479485626843,3100.5771232971206,1804.9679850512089,3337.2942278884357,2040.2528201399068,37667.09871071663,12788.015135981967,43559.47019142246,16298.26158059552,Right,1
cellula_MI_data_1717.csv,True,CLEAN,48.033619027737174,19.221524372921724,-0.5411619062655467,30.259342294287986,15.355186660189723,48.033619027737174,23.62990148318689,17.24140700599408,7.47655264770183,42.49056007680041,9.677577761190577,Right,1
cellula_MI_data_1718.csv,True,CLEAN,46.37789967731152,18.354257784343382,-0.549614261107919,29.461504441001527,19.867915232148093,46.37789967731152,22.203440022448383,15.861979927954765,8.189154133261312,40.60652128871376,8.759375787443705,Right,1
cellula_MI_data_1719.csv,True,CLEAN,65.01487587124663,22.140512028721407,-0.5127135378258406,37.40462303693529,20.69404198044363,65.01487587124663,29.998801834166034,19.523476828531354,8.13113050930773,49.91817932655959,10.989261450486948,Right,1
cellula_MI_data_1720.csv,True,CLEAN,45.84064508019446,20.68026707885812,-0.5269450424584117,24.807291870506674,23.59092193615583,45.84064508019446,20.398454503177568,17.193939022356634,9.073513363090083,46.19620474722183,10.257411182763933,Left,0
cellula_MI_data_1721.csv,False,extreme_ptp_amplitude_FZ_(5835.1uV>200.0uV); extreme_ptp_amplitude_CZ_(10821.2uV>200.0uV); extreme_ptp_amplitude_C4_(4911.1uV>200.0uV); statistical_variance_outlier_(z=1770.68),10821.187218750081,181757.6049383599,1770.6758148853867,5835.143997926852,79.908985008012,10821.187218750081,4911.056313108102,141166.30000781582,33.67975351254713,485815.30052983033,100015.13946228086,Left,0
cellula_MI_data_1722.csv,True,CLEAN,44.51639553553318,18.65925001953719,-0.5466418156915078,28.500103051766075,27.036821329749962,44.51639553553318,18.750127108985893,17.22599095546501,9.07796200880578,39.24801540750402,9.085031706373947,Right,1
cellula_MI_data_1723.csv,False,extreme_ptp_amplitude_FZ_(784.1uV>200.0uV); extreme_ptp_amplitude_C3_(3073.6uV>200.0uV); extreme_ptp_amplitude_CZ_(2618.9uV>200.0uV); extreme_ptp_amplitude_C4_(321.0uV>200.0uV); statistical_variance_outlier_(z=166.93),3073.594282318215,17202.76216970936,166.92912335030994,784.1114209621526,3073.594282318215,2618.8633094678,321.0400385047683,2536.3631226114326,38414.041672246785,27459.439472130256,401.2044118489767,Right,1
cellula_MI_data_1724.csv,False,extreme_ptp_amplitude_FZ_(8603.7uV>200.0uV); extreme_ptp_amplitude_C3_(1671.1uV>200.0uV); extreme_ptp_amplitude_CZ_(17659.1uV>200.0uV); extreme_ptp_amplitude_C4_(7397.3uV>200.0uV); statistical_variance_outlier_(z=4091.55),17659.09044044632,419894.6214030837,4091.552222176957,8603.699710413055,1671.1397603762687,17659.09044044632,7397.335130268157,280464.3613568039,10418.97543253236,1181385.8020818643,207309.34674113433,Left,0
cellula_MI_data_1725.csv,True,CLEAN,47.985567431690754,20.98453783357578,-0.523979628569649,37.58914311783742,41.15648820864001,47.985567431690754,21.559992541434475,20.232635676172823,14.206079537295544,40.12957293678265,9.36986318405209,Right,1
cellula_MI_data_1726.csv,True,CLEAN,78.63468318187742,26.26801233613532,-0.4724870403800532,65.28860246840806,39.93787591385931,78.63468318187742,43.27720681622246,28.649584049193813,11.684946523746326,51.27807273207336,13.45944603952779,Left,0
cellula_MI_data_1727.csv,False,extreme_ptp_amplitude_FZ_(2914.7uV>200.0uV); extreme_ptp_amplitude_C3_(1428.0uV>200.0uV); extreme_ptp_amplitude_CZ_(7092.2uV>200.0uV); extreme_ptp_amplitude_C4_(2753.7uV>200.0uV); statistical_variance_outlier_(z=674.13),7092.199525296734,69245.02492474545,674.1314961831124,2914.740836225377,1427.9573335758448,7092.199525296734,2753.7012063342927,34340.79182090978,8266.875237749497,203689.04667287346,30683.385967449063,Left,0
cellula_MI_data_1728.csv,True,CLEAN,45.277531660202285,18.857940177744972,-0.5447053872126796,24.128562357025256,23.064451730444187,45.277531660202285,17.57538793236538,17.288792505245162,9.617903880918599,39.95019206566831,8.574872259147806,Left,0
cellula_MI_data_1729.csv,False,extreme_ptp_amplitude_FZ_(3896.3uV>200.0uV); extreme_ptp_amplitude_C3_(1904.6uV>200.0uV); extreme_ptp_amplitude_CZ_(4643.3uV>200.0uV); extreme_ptp_amplitude_C4_(2650.9uV>200.0uV); statistical_variance_outlier_(z=465.24),4643.29106689177,47811.695886394446,465.2428973701052,3896.3034935804358,1904.646121116658,4643.29106689177,2650.9124722428696,61275.00413604999,14655.809390835699,86963.05206367126,28352.917955020846,Right,1
cellula_MI_data_1730.csv,True,CLEAN,157.635468394099,50.76457604040555,-0.23374424597968024,93.80573356654412,17.971308328560262,157.635468394099,70.85562207393926,45.190021603352825,8.199334292745183,123.80267671362716,25.866271551897036,Left,0
cellula_MI_data_1731.csv,True,CLEAN,40.424798577425314,15.006934667367094,-0.5822371744420279,23.734413269394743,16.22679842158768,40.424798577425314,17.735729303281076,14.70547053652861,7.58186507090805,30.857965463328316,6.882437598703405,Left,0
cellula_MI_data_1732.csv,False,extreme_ptp_amplitude_FZ_(16509.6uV>200.0uV); extreme_ptp_amplitude_C3_(2367.3uV>200.0uV); extreme_ptp_amplitude_CZ_(26235.2uV>200.0uV); extreme_ptp_amplitude_C4_(12091.6uV>200.0uV); statistical_variance_outlier_(z=11281.85),26235.24193614485,1157666.312706562,11281.853577814747,16509.562439138343,2367.2785676970316,26235.24193614485,12091.578689006381,1133860.977754871,23157.034771068444,2865221.3688018206,608425.8694984884,Left,0
cellula_MI_data_1733.csv,True,CLEAN,44.11473149011026,16.98454295847346,-0.5629634617961282,30.036694703913923,18.378949096303543,44.11473149011026,20.318574492349434,17.55761646498227,8.109328985771066,34.47194651981264,7.799279863327861,Right,1
cellula_MI_data_1734.csv,True,CLEAN,80.46918879961733,24.299721412275264,-0.49166994623689897,52.501291658070414,22.46667578459859,80.46918879961733,37.91184128606406,25.346558778108843,9.31499951476767,50.87402396955654,11.663303386668007,Left,0
cellula_MI_data_1735.csv,False,extreme_ptp_amplitude_FZ_(4963.9uV>200.0uV); extreme_ptp_amplitude_C3_(392.8uV>200.0uV); extreme_ptp_amplitude_CZ_(9452.2uV>200.0uV); extreme_ptp_amplitude_C4_(4098.1uV>200.0uV); statistical_variance_outlier_(z=1109.87),9452.205538820195,113954.95429748579,1109.8731620246208,4963.9379589506425,392.7837175716761,9452.205538820195,4098.089377206849,85716.35477185872,548.4380854260595,311105.3448736165,58449.679459041916,Right,1
cellula_MI_data_1736.csv,False,extreme_ptp_amplitude_FZ_(375.7uV>200.0uV); extreme_ptp_amplitude_C3_(8256.1uV>200.0uV); extreme_ptp_amplitude_CZ_(9706.5uV>200.0uV); extreme_ptp_amplitude_C4_(1815.1uV>200.0uV); statistical_variance_outlier_(z=1585.35),9706.526670905918,162741.63674894115,1585.3467443031714,375.687855828239,8256.092546632306,9706.526670905918,1815.121365761983,540.9373544316613,267717.121509473,369790.58398635115,12917.904145508768,Left,0
cellula_MI_data_1737.csv,True,CLEAN,62.413975527645405,18.51249442997256,-0.5480720913811722,26.54579305327966,57.82248302591354,62.413975527645405,17.16415925186275,14.615975710948646,16.15646800192944,36.38433347131294,6.893200535699213,Right,1
cellula_MI_data_1738.csv,True,CLEAN,123.04630039732629,26.06941462011617,-0.4744225679200109,31.296454581136004,49.228855351827065,48.45025155582246,123.04630039732629,9.881689448103186,11.516218521327257,11.323809682584995,71.55594082844925,Left,0
cellula_MI_data_1739.csv,True,CLEAN,26.638850162255423,6.88533874458761,-0.6613900111011978,20.014306629730434,10.503582496048796,11.567088076293139,26.638850162255423,7.988946247718064,2.6840246247674955,2.591941844645384,14.276442261219497,Left,0
cellula_MI_data_1740.csv,True,CLEAN,107.6135405376437,21.69317010949319,-0.5170733191053003,37.068576005013746,33.64232683967214,44.143804894274965,107.6135405376437,11.469852271248199,6.309871702932008,9.978376817702763,59.0145796460898,Left,0
cellula_MI_data_1741.csv,True,CLEAN,40.958421992172234,7.200398564940333,-0.6583194472938677,18.896861104811762,11.144798120390803,16.380052907627345,40.958421992172234,7.468924326823035,2.8395080381818545,2.6692781847219,15.82388371003454,Left,0
cellula_MI_data_1742.csv,True,CLEAN,30.705509494734248,7.590298272164468,-0.6545194961349078,27.342961308344897,30.705509494734248,9.070187008212123,21.897011222259437,9.132700999482504,5.219417170025656,2.3413943642705957,13.667680554879114,Left,0
cellula_MI_data_1743.csv,True,CLEAN,102.79543986330482,26.540904394934362,-0.46982744234524815,97.70793255902406,39.20501563162677,41.689856619602665,102.79543986330482,41.26420758794181,8.038785175221435,8.076820423381982,48.78380439319222,Right,1
cellula_MI_data_1744.csv,True,CLEAN,65.96022007345935,11.381747061070802,-0.6175681469735713,26.949337881657712,23.94075697753499,25.680016498292233,65.96022007345935,8.538699249842617,4.70331950830938,4.350514998490864,27.93445448764035,Left,0
cellula_MI_data_1745.csv,False,extreme_ptp_amplitude_FZ_(1673.3uV>200.0uV); extreme_ptp_amplitude_C3_(1191.1uV>200.0uV); extreme_ptp_amplitude_CZ_(395.1uV>200.0uV); extreme_ptp_amplitude_C4_(879.1uV>200.0uV); statistical_variance_outlier_(z=47.06),1673.3282177426756,4903.029872847892,47.056291618513214,1673.3282177426756,1191.0694018600534,395.1383697470375,879.1480912628556,10678.685607917369,5428.550380772885,589.2655096911236,2915.617993010195,Left,0
cellula_MI_data_1746.csv,True,CLEAN,51.90606091128835,8.37619700922204,-0.646860149996978,31.671554868496358,10.419147077611894,20.332850686299963,51.90606091128835,9.044917110028418,2.6675524431164077,3.0288003922756586,18.763518091467674,Left,0
cellula_MI_data_1747.csv,True,CLEAN,29.448320287287984,7.996125148585987,-0.6505643192501286,20.90541852838301,11.659178234597029,12.733062517475204,29.448320287287984,10.445907189536378,3.7503638066764644,2.725687184268551,15.062542413862555,Left,0
cellula_MI_data_1748.csv,True,CLEAN,141.94140030372816,34.86574364475038,-0.3886938021568277,41.05763558387298,53.66503476663283,54.78626959326806,141.94140030372816,13.794991407518626,14.362054972819108,14.766520764857976,96.5394074338058,Right,1
cellula_MI_data_1749.csv,True,CLEAN,72.51971794979261,17.246326963513404,-0.5604121225288309,72.51971794979261,40.09667962005586,26.39716105859958,61.75553439467737,28.05180477923187,8.47858230251027,4.890687526696623,27.56423324561485,Left,0
cellula_MI_data_1750.csv,True,CLEAN,59.95449184109552,10.933876303592593,-0.6219330822951701,39.18953005661969,11.782227913201044,24.730834439458732,59.95449184109552,12.957430523349549,3.1723371283337385,4.042219548369578,23.563518014317502,Right,1
cellula_MI_data_1751.csv,False,extreme_ptp_amplitude_FZ_(491.0uV>200.0uV); extreme_ptp_amplitude_C3_(756.0uV>200.0uV); extreme_ptp_amplitude_CZ_(882.9uV>200.0uV); extreme_ptp_amplitude_C4_(2127.3uV>200.0uV); statistical_variance_outlier_(z=57.65),2127.3484431722313,5989.8381193695295,57.6482930471346,491.0366665017659,755.9897656983303,882.8897251098083,2127.3484431722313,931.3267069759995,2258.653139418061,3050.996764176053,17718.375866908005,Left,0
cellula_MI_data_1752.csv,True,CLEAN,27.152707905846498,7.245892794067917,-0.6578760618655222,21.971686400546538,12.094788544675193,11.45284307344474,27.152707905846498,8.982553506813227,3.1639945276472323,2.550595894755053,14.286427247056155,Left,0
cellula_MI_data_1753.csv,True,CLEAN,26.34193124415431,7.83705412597587,-0.6521146207905624,24.19080077799466,12.668819756493846,11.251385837507485,26.34193124415431,9.755568855496302,3.258563205757035,2.7197139201317726,15.614370522518369,Right,1
cellula_MI_data_1754.csv,True,CLEAN,33.68928941262769,7.350702616032013,-0.6568545884017991,22.34198773616241,11.288393127805973,13.30833884014271,33.68928941262769,8.788476311069342,3.1958806545833935,2.5316885980464385,14.886764900428878,Left,0
cellula_MI_data_1755.csv,True,CLEAN,31.040624596103576,8.806185378146576,-0.6426694959119397,28.441071818024497,31.040624596103576,11.184435354292411,28.13119572903426,10.944020959079337,6.193932361879702,2.5292712696069555,15.557516922020312,Left,0
cellula_MI_data_1756.csv,True,CLEAN,28.779767740977732,8.086941957394345,-0.649679221283933,24.61271245986992,12.561169848704164,10.32680903873333,28.779767740977732,12.467391459814623,3.6324345557322957,2.155940875053535,14.092000938976925,Right,1
cellula_MI_data_1757.csv,True,CLEAN,44.944643544344075,10.82854341028364,-0.6229596535969428,44.944643544344075,19.772338585170573,17.093016937772404,43.7401796367608,17.115746599113116,4.672884698496189,2.8663036854147372,18.65923865811051,Left,0
cellula_MI_data_1758.csv,True,CLEAN,30.226351395455687,8.759709718373685,-0.6431224463346901,30.226351395455687,16.71842444018002,10.687574457833882,26.860235842672743,14.000212518184952,4.266663989500968,2.2530628384488196,14.518899527359999,Right,1
cellula_MI_data_1759.csv,True,CLEAN,22.341426594076196,7.339917789267063,-0.6569596970084621,19.418964448617693,13.776242296490299,8.387129526944875,22.341426594076196,11.303404194217952,3.5689914570585772,1.8719233586939379,12.615352147097784,Left,0
cellula_MI_data_1760.csv,True,CLEAN,137.7400899880918,39.095774653505615,-0.3474680434903413,103.84177548016709,20.6902051608111,50.29108314095873,137.7400899880918,54.28282024246444,4.860510198152356,11.595487872257825,85.64428030114784,Right,1
cellula_MI_data_1761.csv,True,CLEAN,36.36875463719544,9.618116989000347,-0.6347564341463242,36.36875463719544,27.548529738335592,10.989558194788614,29.49977176340181,15.807068577451261,5.549652025455847,2.1064797397265544,15.009267613367722,Left,0
cellula_MI_data_1762.csv,False,extreme_ptp_amplitude_FZ_(4325.7uV>200.0uV); extreme_ptp_amplitude_C3_(364.3uV>200.0uV); extreme_ptp_amplitude_CZ_(2255.7uV>200.0uV); extreme_ptp_amplitude_C4_(6217.3uV>200.0uV); statistical_variance_outlier_(z=623.46),6217.295655003054,64046.00720319981,623.4620213145823,4325.6743297473195,364.28923610338825,2255.652151613358,6217.295655003054,76578.0947256874,544.7883882206206,20831.098656572114,158230.04704231911,Right,1
cellula_MI_data_1763.csv,True,CLEAN,39.60007880070995,9.35295646948201,-0.6373406808251115,33.20849021926131,11.888101373595934,14.38642339676089,39.60007880070995,14.457080689089087,3.580813879470271,2.3979802217929604,16.975951087575723,Left,0
cellula_MI_data_1764.csv,True,CLEAN,53.029792368947696,12.069908374058521,-0.6108613469160482,49.00312900675179,18.49196077156886,19.031148733543986,53.029792368947696,19.21028383306246,3.959645477872392,3.0217057519462727,22.087998433352965,Left,0
cellula_MI_data_1765.csv,False,extreme_ptp_amplitude_FZ_(1192.4uV>200.0uV); extreme_ptp_amplitude_C3_(964.5uV>200.0uV); extreme_ptp_amplitude_CZ_(817.0uV>200.0uV); extreme_ptp_amplitude_C4_(1340.1uV>200.0uV); statistical_variance_outlier_(z=40.17),1340.111787013982,4196.683579044722,40.172261269084274,1192.439361836758,964.5109725565856,817.0466999931696,1340.111787013982,4954.619550780797,3244.87630907274,2335.234304363354,6252.004151961997,Right,1
cellula_MI_data_1766.csv,True,CLEAN,24.37802240060525,8.175393849409868,-0.6488171717277291,16.754697059675447,11.3270275028684,9.99496708221502,24.37802240060525,8.442333938039312,4.098345114174123,2.4774472721487624,17.683449073277274,Left,0
cellula_MI_data_1767.csv,True,CLEAN,29.357424499916032,10.892439954375014,-0.6223369197444295,29.357424499916032,14.512278485332264,18.00372498969488,28.921049275921344,13.035767383763435,4.891023821356594,3.778022216000504,21.864946396379526,Right,1
cellula_MI_data_1768.csv,False,extreme_ptp_amplitude_FZ_(33036.4uV>200.0uV); extreme_ptp_amplitude_C3_(2042.3uV>200.0uV); extreme_ptp_amplitude_CZ_(14047.9uV>200.0uV); extreme_ptp_amplitude_C4_(21030.8uV>200.0uV); statistical_variance_outlier_(z=20096.58),33036.38152032642,2062114.9956154868,20096.584025570264,33036.38152032642,2042.2762134116692,14047.872256171519,21030.785477566562,5187957.229693158,19850.19114143346,938120.5006429014,2102532.060984455,Left,0
cellula_MI_data_1769.csv,False,extreme_ptp_amplitude_FZ_(268.2uV>200.0uV); extreme_ptp_amplitude_C4_(217.2uV>200.0uV),268.15425223618627,220.11024883115257,1.4166937350268718,268.15425223618627,112.8059089002268,163.06057206386663,217.22184488715084,396.66131740850426,72.69999472041158,148.84407736412686,262.23560583156757,Right,1
cellula_MI_data_1770.csv,False,extreme_ptp_amplitude_FZ_(6340.8uV>200.0uV); extreme_ptp_amplitude_C3_(5919.1uV>200.0uV); extreme_ptp_amplitude_CZ_(5647.8uV>200.0uV); extreme_ptp_amplitude_C4_(6612.1uV>200.0uV); statistical_variance_outlier_(z=1564.90),6612.1231283140305,160643.71483634063,1564.900458616142,6340.844256723451,5919.091744941259,5647.802994224066,6612.1231283140305,171335.7274129638,149154.69899102498,135855.99837518553,186228.43456618825,Left,0
cellula_MI_data_1771.csv,True,CLEAN,31.142392091289615,13.611421385379156,-0.595837806130078,31.142392091289615,16.049041318061732,20.05851968821515,28.78875502738337,21.96675772575523,6.389650663251212,8.832096807360148,17.257180345150037,Left,0
cellula_MI_data_1772.csv,True,CLEAN,31.94164981510066,12.465465649978302,-0.607006257257819,31.94164981510066,17.78987306258236,19.407718096223352,30.235232996368264,18.902458461030307,6.405510169082592,7.116809567387283,17.43708440241303,Right,1
cellula_MI_data_1773.csv,True,CLEAN,87.52170457855792,22.67846087201111,-0.5074707041107982,87.52170457855792,22.49355948299788,59.4619533602971,49.95781079620007,43.91278302515737,6.306858057600985,18.639243330569478,21.854959074716618,Left,0
cellula_MI_data_1774.csv,True,CLEAN,25.005224659754855,8.626564272958014,-0.644420077956985,25.005224659754855,22.43736971479301,7.507158665380999,20.638804009813875,14.581583233724714,6.631054030257887,1.4729623333431068,11.820657494506348,Right,1
cellula_MI_data_1775.csv,True,CLEAN,47.666630769636534,10.36230346486186,-0.6275036144877378,47.666630769636534,20.228983039523655,16.323605716157914,45.59488664607704,18.02713350003358,4.191327732717583,2.0353671741588024,17.195385452537472,Left,0
cellula_MI_data_1776.csv,True,CLEAN,50.7079792191263,10.59541060948759,-0.6252317590644837,50.7079792191263,23.796507264393597,14.666340481339972,41.577812436072705,19.29628852354547,4.919654095153068,1.9322967735597443,16.233403045692075,Right,1
cellula_MI_data_1777.csv,True,CLEAN,47.97303460304981,9.895616492696194,-0.6320519320881228,27.22544106538186,28.65497030883745,13.305013719681625,47.97303460304981,13.997379861316373,6.766163238907407,1.7519404332716848,17.066982437289308,Left,0
cellula_MI_data_1778.csv,True,CLEAN,65.75433476390457,15.09192155923401,-0.5814088946760715,58.49097422059556,16.737444433440757,21.253165672179648,65.75433476390457,25.5543615659952,4.113966132324004,2.944422920849412,27.754935617767426,Left,0
cellula_MI_data_1779.csv,True,CLEAN,39.11789974154232,9.122242286355101,-0.6395892145154886,39.11789974154232,20.8540075009031,10.83007557373923,32.339667383020796,16.877159252546193,4.680213531662145,1.5270535945392099,13.404542766672856,Left,0
cellula_MI_data_1780.csv,True,CLEAN,49.22938282726848,9.372299569504577,-0.6371521635372379,28.979965895049126,16.872458914193984,14.172949059448285,49.22938282726848,14.264796711486909,4.2108122674056885,1.657968050811498,17.35562124831421,Left,0
cellula_MI_data_1781.csv,True,CLEAN,38.29307415969718,10.412489345010863,-0.6270145043655648,38.29307415969718,21.622195973185,10.556506301766305,30.671071895978343,19.568105088669057,5.3184001662285905,1.7233307144379286,15.040121410707874,Left,0
cellula_MI_data_1782.csv,True,CLEAN,42.125504671332365,8.873490823352906,-0.6420135390087224,37.60822355134053,14.539043687046501,12.898131424014935,42.125504671332365,15.170931663493,3.7166841344016035,1.5492431112547584,15.057104384262265,Right,1
cellula_MI_data_1783.csv,True,CLEAN,56.43207255616733,12.049843887081224,-0.6110568948201135,43.056690948341256,13.410822576602504,16.581148328114693,56.43207255616733,20.043619338908226,4.713388105426788,2.014590024583504,21.427778079406377,Right,1
cellula_MI_data_1784.csv,True,CLEAN,71.95132861774081,16.09429984905291,-0.5716397451395627,71.95132861774081,41.214725642784195,19.084647296807297,50.326028826348285,32.11901960171786,9.669781861454645,2.4992676737971165,20.089130259242015,Left,0
cellula_MI_data_1785.csv,True,CLEAN,40.312540931687764,9.26981098485863,-0.6381510142898539,28.45430462146293,12.700261127052826,10.757959929803562,40.312540931687764,15.542941717000492,4.133277183207208,1.5430580755431356,15.85996696368368,Right,1
cellula_MI_data_1786.csv,False,extreme_ptp_amplitude_FZ_(2743.5uV>200.0uV); extreme_ptp_amplitude_C3_(1572.8uV>200.0uV); extreme_ptp_amplitude_CZ_(639.5uV>200.0uV); extreme_ptp_amplitude_C4_(1810.5uV>200.0uV); statistical_variance_outlier_(z=127.86),2743.5378105057575,13193.609995361083,127.85604335283305,2743.5378105057575,1572.8332389149434,639.5179732635993,1810.4782998996773,29024.53197088145,9545.630438401971,1575.797370731664,12628.480201429245,Left,0
cellula_MI_data_1787.csv,True,CLEAN,31.06635438296103,8.577280261272294,-0.6449003984954553,31.06635438296103,20.095010968521073,7.203599740542799,20.610152618608637,15.973814463181078,4.546775136455555,1.3309266446290158,12.457604800823528,Right,1
cellula_MI_data_1788.csv,False,extreme_ptp_amplitude_FZ_(983.0uV>200.0uV); extreme_ptp_amplitude_C3_(979.0uV>200.0uV); statistical_variance_outlier_(z=16.98),983.0350541240043,1817.2450205713897,16.982322573523803,983.0350541240043,978.9618429780553,144.53698602128168,151.33796510008946,3580.296854771769,3511.101183404518,78.88446691123566,98.69757719803569,Left,0
cellula_MI_data_1789.csv,True,CLEAN,23.21559077034116,7.523233816707203,-0.6551731043590692,23.21559077034116,13.82855117292344,7.127950914989476,22.483971259279407,13.59360420453967,3.792941828569595,1.1951048002557043,11.511284433463837,Left,0
cellula_MI_data_1790.csv,True,CLEAN,45.65649918525088,10.762764832478506,-0.6236007296950627,45.65649918525088,21.09542495624573,13.608383185485572,39.27633391393613,20.374457072538583,5.277791812818551,1.7248885979838218,15.673921846573073,Right,1
cellula_MI_data_1791.csv,False,extreme_ptp_amplitude_C3_(511.3uV>200.0uV); extreme_ptp_amplitude_CZ_(207.2uV>200.0uV); extreme_ptp_amplitude_C4_(735.9uV>200.0uV); statistical_variance_outlier_(z=6.65),735.9480769331232,756.8188814326318,6.647440392924189,32.910797970853025,511.26873996016104,207.20337273221946,735.9480769331232,15.676560322556535,927.2842180039103,153.5046363696333,1930.8101110344269,Right,1
cellula_MI_data_1792.csv,False,flatline_dead_channel_CZ_(var=2.0033e-01),103.51667297031636,23.85297341844323,-0.49602393913679405,46.8144897763796,103.51667297031636,2.9388893485336265,59.225179515136944,12.555807704205543,61.939775725482775,0.2003302005784702,20.715980043506132,Right,1
cellula_MI_data_1793.csv,False,extreme_ptp_amplitude_FZ_(338.7uV>200.0uV); extreme_ptp_amplitude_C3_(449.4uV>200.0uV); extreme_ptp_amplitude_C4_(262.7uV>200.0uV),449.4212678988614,367.4808534232676,2.8529633431866794,338.7464061797451,449.4212678988614,152.3540675694253,262.70110260830995,408.07164341251143,730.1714697673196,82.61910228157313,249.0611982316662,Left,0
cellula_MI_data_1794.csv,False,flatline_dead_channel_CZ_(var=1.6628e-01),47.67830886210724,17.787051050247918,-0.5551422413722307,21.243818175096038,47.67830886210724,2.7628111927371823,27.44953363133781,9.524927860210818,45.878750624747525,0.16628083112232875,15.578244884911001,Left,0
cellula_MI_data_1795.csv,False,flatline_dead_channel_CZ_(var=2.3991e-01),84.57812481353243,25.92162215217989,-0.4758629489960016,39.11384887657182,84.57812481353243,5.805920510218458,50.98487793867852,13.510030738188295,66.62805889344236,0.23990635101504018,23.308492626073875,Right,1
cellula_MI_data_1796.csv,False,flatline_dead_channel_CZ_(var=1.4837e-01),54.31665481750631,18.37292729576196,-0.5494323085949067,24.21298905175728,54.31665481750631,2.5398624737624815,32.08372064844683,9.16899091677071,47.66734103904491,0.14836787554940437,16.507009351682825,Right,1
cellula_MI_data_1797.csv,False,flatline_dead_channel_CZ_(var=1.5924e-01),53.964363840638526,18.24051376255646,-0.5507228070221777,24.62450493374057,53.964363840638526,2.9775986197467543,31.062005555659773,9.345761448619543,47.26075189204051,0.15923725039611691,16.19630445916968,Left,0
cellula_MI_data_1798.csv,False,flatline_dead_channel_CZ_(var=1.3306e-01),50.506518658789744,17.27962551779564,-0.5600875957913339,21.463156648537947,50.506518658789744,2.3899316135860946,29.801891947114505,8.617410964281289,44.852324907487365,0.1330552809520259,15.515710918461874,Left,0
cellula_MI_data_1799.csv,False,flatline_dead_channel_CZ_(var=1.3558e-01),100.96754597103536,30.639052958748408,-0.4298870061353202,40.251281054155676,100.96754597103536,2.3387063683872817,62.32346604420896,14.007477588916823,79.5522588862075,0.13557570742813818,28.860899652441173,Right,1
cellula_MI_data_1800.csv,False,flatline_dead_channel_CZ_(var=1.1723e-01),46.6351921622869,17.606757782900328,-0.5568993742900462,19.428816115904347,46.6351921622869,2.1910214843060025,27.105634780373144,8.385141731315267,45.94328793325581,0.11723103874335411,15.981370428286883,Left,0
cellula_MI_data_1801.csv,True,CLEAN,21.96329514316323,6.662300119571082,-0.6635637390264079,21.78005682630088,9.075819514252684,5.190501657372742,21.96329514316323,11.858277147947517,1.991318235682815,0.6869928318275648,12.112612262826431,Left,0
cellula_MI_data_1802.csv,True,CLEAN,68.48330927736114,13.031753295540206,-0.6014872344035118,68.48330927736114,35.145744262900365,13.321320702365362,50.30725025087406,26.629041075264023,5.8479302694759605,1.1764640712147265,18.473577766206116,Right,1
cellula_MI_data_1803.csv,True,CLEAN,31.43392048415332,7.604137510389212,-0.6543846193233666,31.43392048415332,11.852123354377454,7.547423924651369,28.99124788822256,13.925248309867003,2.173645315447671,0.7737583596625441,13.543898056579632,Left,0
cellula_MI_data_1804.csv,True,CLEAN,36.59714687333828,8.425768158167276,-0.6463770310271628,36.59714687333828,13.764795629388388,7.835568410204246,32.82828471858166,15.362170720886311,2.117727134758545,0.816934628456208,15.406240148568036,Left,0
cellula_MI_data_1805.csv,True,CLEAN,35.029141911644956,7.993282138629191,-0.6505920271421329,35.029141911644956,12.44759076746309,8.179358659733687,33.69310379001337,14.448926942398408,2.05974009064185,0.8000596300203154,14.664401891456192,Right,1
cellula_MI_data_1806.csv,True,CLEAN,22.372873066304216,6.8596988277293365,-0.6616398969820436,22.372873066304216,7.853153502309734,5.2105266209684515,21.144830551419943,12.121092954212527,1.6030333616992896,0.6806327051835582,13.034036289821971,Right,1
cellula_MI_data_1807.csv,True,CLEAN,56.9269063948108,9.755311327100408,-0.6334193421341818,31.94500624517829,19.86725858122673,10.221757254503373,56.9269063948108,13.456085502232213,3.188017797922234,0.9086448519669437,21.46849715628024,Left,0
cellula_MI_data_1808.csv,True,CLEAN,96.16363837270245,23.376906560694454,-0.5006636728281172,91.29533959227373,17.297367168633343,21.243382739639003,96.16363837270245,42.58200067292695,2.8650928786221206,2.2809128520707294,45.779619839158016,Right,1
cellula_MI_data_1809.csv,True,CLEAN,25.824295163653538,6.78959079306465,-0.662323167840268,25.125432206396273,9.554960869813517,6.127332623217207,25.824295163653538,12.294852040679736,1.9924964131528025,0.6901068217415506,12.180907896684511,Right,1
cellula_MI_data_1810.csv,False,extreme_ptp_amplitude_FZ_(1621.6uV>200.0uV); extreme_ptp_amplitude_C3_(1104.1uV>200.0uV); extreme_ptp_amplitude_CZ_(324.6uV>200.0uV); extreme_ptp_amplitude_C4_(843.1uV>200.0uV); statistical_variance_outlier_(z=43.61),1621.5749812152217,4549.394918353298,43.60977568048511,1621.5749812152217,1104.067997787024,324.59168861757274,843.134486058351,10258.552274684467,4753.4537574452415,411.1413224441582,2774.4323188393214,Left,0
cellula_MI_data_1811.csv,True,CLEAN,46.48439725966506,9.601126132206462,-0.6349220265403922,35.076613270566014,10.267512952470149,8.29257466070419,46.48439725966506,16.860531780131137,2.5759838860049937,0.8196305283605662,18.14835833432915,Right,1
cellula_MI_data_1812.csv,False,extreme_ptp_amplitude_FZ_(4369.2uV>200.0uV); extreme_ptp_amplitude_C3_(2442.6uV>200.0uV); extreme_ptp_amplitude_CZ_(834.4uV>200.0uV); extreme_ptp_amplitude_C4_(2761.0uV>200.0uV); statistical_variance_outlier_(z=327.95),4369.234416181802,33724.20169496146,327.9465904282689,4369.234416181802,2442.615302003821,834.4259689287092,2761.0450831066923,77158.25938825398,24140.88913503547,2813.481380606716,30784.176875949706,Left,0
cellula_MI_data_1813.csv,False,extreme_ptp_amplitude_FZ_(17425.5uV>200.0uV); extreme_ptp_amplitude_C3_(3802.7uV>200.0uV); extreme_ptp_amplitude_CZ_(3832.0uV>200.0uV); extreme_ptp_amplitude_C4_(17454.7uV>200.0uV); statistical_variance_outlier_(z=6069.87),17454.737575044186,622882.843384528,6069.869505011419,17425.478597738344,3802.7062513405726,3831.965228646395,17454.737575044186,1186763.6822701488,56495.08201158299,57394.33541568505,1190878.273840695,Right,1
cellula_MI_data_1814.csv,True,CLEAN,70.37261275363414,12.998627832372796,-0.6018100742000592,36.762724146794184,28.971173945617977,11.250910741846354,70.37261275363414,16.342412309398693,4.682566347148838,1.0410614824892328,29.928471190454417,Left,0
cellula_MI_data_1815.csv,True,CLEAN,50.99761630655527,9.625955432798515,-0.6346800409020016,50.99761630655527,27.424553875977047,10.597910498513464,36.59672931214541,19.212204403273144,4.311125728457459,0.86883051736788,14.111661082095576,Right,1
cellula_MI_data_1816.csv,True,CLEAN,59.07325431000977,11.256445920124989,-0.6187893282336084,39.61971964670525,18.336324415551097,8.810304170460213,59.07325431000977,17.97261618631511,2.829378877060923,0.8514337658846118,23.37235485123931,Right,1
cellula_MI_data_1817.csv,True,CLEAN,63.24080479863492,12.504986272826311,-0.6066210904218055,63.24080479863492,27.742730465971498,13.23020848866394,50.96105156555059,25.288139743231355,4.675947959026326,1.126381837886345,18.929475551161218,Right,1
cellula_MI_data_1818.csv,False,extreme_ptp_amplitude_FZ_(3066.3uV>200.0uV); extreme_ptp_amplitude_C3_(3632.9uV>200.0uV); extreme_ptp_amplitude_CZ_(502.8uV>200.0uV); statistical_variance_outlier_(z=223.83),3632.913740558291,23040.87932585107,223.82724264248895,3066.2524267772305,3632.913740558291,502.8253075546063,70.50540713121131,37944.45804049344,53170.7873198347,1021.6149608794203,26.656982196712104,Left,0
cellula_MI_data_1819.csv,False,extreme_ptp_amplitude_C3_(206.5uV>200.0uV),206.4854422403231,69.51204049025006,-0.05103200500127297,111.5462358093632,206.4854422403231,42.97990415421806,112.51786756098032,72.27087939271222,147.92243593790863,12.193334888268085,45.661511742111315,Left,0
cellula_MI_data_1820.csv,False,extreme_ptp_amplitude_FZ_(218.8uV>200.0uV),218.79349782980427,84.29219620114951,0.09301496087899257,218.79349782980427,130.66962203917515,73.28929898560403,18.51557643143293,228.25030187601004,80.22215508329592,25.241013347884284,3.4553144974077594,Right,1
cellula_MI_data_1821.csv,True,CLEAN,34.174455112755815,11.834650499776423,-0.6131541632877179,34.174455112755815,20.496660774561995,12.510764057262943,8.150519812570892,30.55817104602995,10.700559030060369,3.917885619718678,2.161986303296704,Right,1
cellula_MI_data_1822.csv,True,CLEAN,38.42510409744881,12.822354404553277,-0.6035280298792399,38.42510409744881,23.484914584466456,18.119786652549774,14.405334835245133,31.87078878071641,11.407378426108743,4.892733192321794,3.118517219066164,Left,0
cellula_MI_data_1823.csv,True,CLEAN,32.439884603857564,9.905310438513295,-0.6319574551753164,32.439884603857564,17.21474605300861,11.338262735408454,13.112185279678043,25.122382547705556,8.564930162300604,3.195229311482351,2.738699732564671,Left,0
cellula_MI_data_1824.csv,True,CLEAN,35.06424849058382,11.941569388684686,-0.6121121349191557,35.06424849058382,21.005095587077566,10.103681758142674,9.312540674252604,30.371856483859556,11.849385803004628,3.5693695390914706,1.9756657287830934,Right,1
cellula_MI_data_1825.csv,True,CLEAN,31.572446537367654,11.75872679769064,-0.6138941134707724,31.572446537367654,20.29640633606666,12.751404032638169,7.473755159734447,29.56050411522435,11.914774880758987,3.7924979605083813,1.7671302342708444,Right,1
cellula_MI_data_1826.csv,True,CLEAN,84.63475360472165,26.22201647709102,-0.4729353146789161,84.63475360472165,57.46891574721069,48.73756502562994,25.076613390018732,60.58642670454371,25.107096424850194,14.753915598098198,4.4406271808719735,Right,1
cellula_MI_data_1827.csv,True,CLEAN,35.09677029027924,12.47936864523306,-0.6068707590721254,35.09677029027924,21.240710626650042,17.697569849764747,14.012933104952253,31.742358188317915,10.203543804102464,4.723396743365611,3.248175845146249,Left,0
cellula_MI_data_1828.csv,False,extreme_ptp_amplitude_FZ_(268.5uV>200.0uV),268.49920142687296,193.17267611287318,1.1541609380695501,268.49920142687296,199.28205449009772,77.12998009366733,83.36904912839717,413.12838894241537,267.171244276571,44.27865444226131,48.112416790245014,Right,1
cellula_MI_data_1829.csv,True,CLEAN,40.17257110706662,13.505308013321047,-0.5968719839549451,40.17257110706662,29.67569891155984,14.862790514067257,8.660820433522975,30.55549505668952,16.311136616437487,4.56250510127702,2.5920952788801666,Left,0
cellula_MI_data_1830.csv,True,CLEAN,64.11736914117438,19.672795298449902,-0.5367638330054405,64.11736914117438,54.6417769598409,32.78889548124643,28.106568953159346,40.18666102820922,25.07161005356945,8.255267035297699,5.177643076723242,Left,0
cellula_MI_data_1831.csv,False,extreme_ptp_amplitude_FZ_(4281.4uV>200.0uV); extreme_ptp_amplitude_C3_(4292.2uV>200.0uV); extreme_ptp_amplitude_CZ_(3240.0uV>200.0uV); extreme_ptp_amplitude_C4_(3250.8uV>200.0uV); statistical_variance_outlier_(z=587.17),4292.217722855229,60321.911524375275,587.1670935969476,4281.374324789412,4292.217722855229,3239.9990337216823,3250.8424317875015,76528.82151849176,76756.23789702516,43911.312609206776,44091.27407277743,Left,0
cellula_MI_data_1832.csv,True,CLEAN,28.84905425111292,11.292977340026797,-0.6184332940822042,28.84905425111292,22.742646222238,11.055979825042439,12.10459878643513,24.755560276926552,12.970381522191184,4.096202162033686,3.349765398955767,Left,0
cellula_MI_data_1833.csv,False,extreme_ptp_amplitude_FZ_(7409.0uV>200.0uV); extreme_ptp_amplitude_C3_(4144.7uV>200.0uV); extreme_ptp_amplitude_CZ_(972.5uV>200.0uV); extreme_ptp_amplitude_C4_(2294.0uV>200.0uV); statistical_variance_outlier_(z=782.64),7408.994910044358,80378.98168885247,782.6427136210291,7408.994910044358,4144.745847895505,972.4505284806623,2294.0268428254403,225467.58862688657,70615.25919455469,3888.0091899803406,21545.069743988253,Left,0
cellula_MI_data_1834.csv,True,CLEAN,31.209731656003054,11.304597021862767,-0.6183200490024022,31.209731656003054,21.549275284243897,10.764505802552309,9.350225890422127,25.698995050461363,12.7262230424232,3.7423632838368124,3.0508067107296926,Right,1
cellula_MI_data_1835.csv,True,CLEAN,184.2001728454872,55.18582246335005,-0.1906549074712583,184.2001728454872,115.82851378493143,41.517327480687186,30.89050058573401,145.18700948254127,59.52239553518747,9.676366425255468,6.357518410415984,Left,0
cellula_MI_data_1836.csv,False,extreme_ptp_amplitude_FZ_(1946.0uV>200.0uV); extreme_ptp_amplitude_C3_(2613.6uV>200.0uV); extreme_ptp_amplitude_CZ_(2158.4uV>200.0uV); extreme_ptp_amplitude_C4_(2826.1uV>200.0uV); statistical_variance_outlier_(z=228.18),2826.0960950168387,23487.26175900658,228.1776727987074,1945.953958555097,2613.6374320287696,2158.412621543165,2826.0960950168387,15240.485302329695,27562.343692147577,18816.8943361137,32329.32370543535,Right,1
cellula_MI_data_1837.csv,True,CLEAN,48.238047277998895,20.639159559272656,-0.5273456751436805,42.11387634645078,48.238047277998895,21.727263750680216,30.054328227522422,31.726641424419753,31.434841437959765,5.963976465990585,13.43117890872052,Right,1
cellula_MI_data_1838.csv,True,CLEAN,38.88271577521243,7.891742565273207,-0.6515816288584342,32.75462991138085,38.88271577521243,11.925393659139619,23.073694996186966,14.980048315663792,6.521887077601224,2.6630940932634983,7.401940774564313,Right,1
cellula_MI_data_1839.csv,True,CLEAN,121.11989763764257,26.614708760240944,-0.469108147156545,87.66829668907886,12.065560721236494,28.898361293122527,121.11989763764257,36.909389361916375,1.2451479703967956,4.9758714998880516,63.32842620876256,Left,0
cellula_MI_data_1840.csv,True,CLEAN,20.130836313344147,5.073146129565256,-0.6790515873992128,20.130836313344147,14.971780582735516,7.506290322810893,17.166158607555037,10.722297554404983,0.7413674102716252,1.7327406688967013,7.096178884687712,Right,1
cellula_MI_data_1841.csv,False,extreme_ptp_amplitude_FZ_(9691.3uV>200.0uV); extreme_ptp_amplitude_C3_(350.4uV>200.0uV); extreme_ptp_amplitude_CZ_(524.5uV>200.0uV); extreme_ptp_amplitude_C4_(8817.2uV>200.0uV); statistical_variance_outlier_(z=1971.05),9691.339752597387,202317.27655048773,1971.0497739389896,9691.339752597387,350.4345321450868,524.5005062409189,8817.162629759256,441780.1909799516,578.4223184942357,1294.7228184717292,365615.7700850334,Left,0
cellula_MI_data_1842.csv,False,flatline_dead_channel_C3_(var=2.9954e-01),18.803433941820902,4.8907367081711115,-0.6808293442925603,18.803433941820902,3.1688860970768795,7.224317446443369,17.84300674904476,9.930038241262091,0.29953760973108445,1.5364176944370393,7.796953287254233,Right,1
cellula_MI_data_1843.csv,False,flatline_dead_channel_C3_(var=4.7568e-01),72.70652142838235,13.920216374608668,-0.5928282991839002,72.70652142838235,6.4387914055354045,14.216502327076295,55.64037775089838,32.45204972317591,0.47568330604333886,2.289211702534041,20.46392076668138,Left,0
cellula_MI_data_1844.csv,False,flatline_dead_channel_C3_(var=3.0337e-01),43.96968490311432,7.629468998477659,-0.6541377393803032,41.287625367901136,3.008073017620152,7.1274271660772275,43.96968490311432,14.765820960423076,0.30337214112520944,1.5734014597023251,13.875281432660023,Right,1
cellula_MI_data_1845.csv,False,flatline_dead_channel_C3_(var=3.0626e-01),20.793191085568836,5.000439485758724,-0.6797601842262372,20.793191085568836,3.083314636827412,6.3320171832628,18.575857478148777,10.000741272057882,0.30626320001785245,1.464070517708574,8.23068295325059,Left,0
cellula_MI_data_1846.csv,False,extreme_ptp_amplitude_FZ_(5570.7uV>200.0uV); extreme_ptp_amplitude_CZ_(5734.1uV>200.0uV); extreme_ptp_amplitude_C4_(11183.3uV>200.0uV); statistical_variance_outlier_(z=2181.99),11183.25342651019,223961.4445120064,2181.9932027392997,5570.6917144592835,129.95062071649818,5734.145969822671,11183.25342651019,146758.06644340715,96.87168858726756,156478.43705183678,592512.4028641944,Left,0
cellula_MI_data_1847.csv,True,CLEAN,35.42290554098871,7.548081055361279,-0.65493094389685,35.42290554098871,16.086443139943732,20.131998290974337,25.84217790641268,13.610553069542338,1.8004172906509033,3.0709407384781744,11.710413122773701,Left,0
cellula_MI_data_1848.csv,True,CLEAN,124.63019461020437,29.95058922654055,-0.4365967535617301,124.63019461020437,16.235022357471998,12.82474384115775,99.99675321115387,69.11228162167507,1.421561709725702,1.7106293037108127,47.55788427105062,Left,0
cellula_MI_data_1849.csv,True,CLEAN,21.808096462391816,5.9601108672652305,-0.6704072549708171,21.808096462391816,5.622246548303753,8.88297485010612,21.153299490981272,11.266935639819863,0.5523031105788072,1.4770896525478228,10.544115066114431,Left,0
cellula_MI_data_1850.csv,False,flatline_dead_channel_C3_(var=4.9913e-01),21.84571768328474,5.3734318520692845,-0.6761250115180149,19.33325331129642,3.852588696796431,5.982344600776436,21.84571768328474,9.80749349165526,0.4991254267127642,1.277341139542199,9.909767350366915,Left,0
cellula_MI_data_1851.csv,True,CLEAN,27.76143830221644,5.798390133318737,-0.6719833805205462,16.799891975310352,9.505810035733433,16.031620368964,27.76143830221644,9.728210944167758,0.7460077836132653,1.8460616237422451,10.873280181751676,Left,0
cellula_MI_data_1852.csv,False,extreme_ptp_amplitude_FZ_(3041.2uV>200.0uV); extreme_ptp_amplitude_C3_(3921.7uV>200.0uV); extreme_ptp_amplitude_CZ_(6348.6uV>200.0uV); extreme_ptp_amplitude_C4_(7230.0uV>200.0uV); statistical_variance_outlier_(z=1157.15),7229.955308350216,118806.13930468999,1157.1526694181916,3041.213429327798,3921.6826403803598,6348.6070827987705,7229.955308350216,37406.53842021077,62341.623283943736,163393.26486489217,212083.13064971328,Left,0
cellula_MI_data_1853.csv,True,CLEAN,55.29318060572772,8.498603890147495,-0.645667176110568,15.878897993535325,17.886706897356085,30.582704610525344,55.29318060572772,9.189919031230733,1.6692258447335786,4.6699815263711155,18.46528915825455,Left,0
cellula_MI_data_1854.csv,True,CLEAN,18.370821829754732,6.024996497436556,-0.6697748815142562,17.108600340953423,4.1226226543055695,6.100724451266611,18.370821829754732,11.45635904527408,0.6262067683058524,1.373699567113109,10.643720609053181,Right,1
cellula_MI_data_1855.csv,True,CLEAN,20.30196410732551,6.315460988621172,-0.6669440230666525,17.965099486606263,20.30196410732551,10.213377720784855,19.814434734203132,8.39534529319316,3.935133525421233,1.6089646346044992,11.322400501265799,Right,1
cellula_MI_data_1856.csv,True,CLEAN,17.75007555983075,5.177519783851632,-0.6780343648129378,14.894340056732,5.762556505330207,7.29357313456631,17.75007555983075,8.351002697584706,0.6485844221627799,1.193732055955102,10.51675995970394,Right,1
cellula_MI_data_1857.csv,False,extreme_ptp_amplitude_FZ_(3616.5uV>200.0uV); extreme_ptp_amplitude_C3_(202.8uV>200.0uV); extreme_ptp_amplitude_CZ_(203.2uV>200.0uV); extreme_ptp_amplitude_C4_(3616.4uV>200.0uV); statistical_variance_outlier_(z=261.04),3616.4917112887347,26858.66681838604,261.03528804012586,3616.4917112887347,202.7981118518906,203.202445882698,3616.440232719361,53537.685044339865,168.65773865976882,168.33373942186807,53559.990751122656,Right,1
cellula_MI_data_1858.csv,False,flatline_dead_channel_C3_(var=4.0308e-01),17.574624193819986,5.291846811748235,-0.6769201369381619,16.920792033403696,4.287932835638805,7.1748200751356705,17.574624193819986,8.800650785874959,0.40307829228697595,1.2462960270713506,10.717362141759656,Left,0
cellula_MI_data_1859.csv,True,CLEAN,43.0670623110867,7.170039639951788,-0.6586153244901249,43.0670623110867,7.029270476341685,16.172085322751826,25.54370410574185,14.205320828920556,0.5708834618402816,1.9085355662740822,11.99541870277223,Left,0
cellula_MI_data_1860.csv,True,CLEAN,28.60724270242472,6.02918567507172,-0.6697340539113756,28.60724270242472,6.237353051670329,11.19000742662999,18.38319650855952,10.566234681917209,0.6556725455805165,1.7311357115096726,11.163699761279483,Right,1
cellula_MI_data_1861.csv,True,CLEAN,20.730304729000633,6.015652938834281,-0.6698659435635004,16.38118317751709,4.9638274566307246,6.900757352395223,20.730304729000633,9.174443539434925,0.6861086482048405,1.316440677469945,12.885618890227411,Right,1
cellula_MI_data_1862.csv,False,extreme_ptp_amplitude_FZ_(1494.6uV>200.0uV); extreme_ptp_amplitude_C3_(632.1uV>200.0uV); extreme_ptp_amplitude_CZ_(1165.0uV>200.0uV); extreme_ptp_amplitude_C4_(303.5uV>200.0uV); statistical_variance_outlier_(z=39.41),1494.6448566672193,4118.416511882277,39.40947271843435,1494.6448566672193,632.1347022636447,1164.9605256181908,303.46020966955894,9007.693470574473,1612.0096761822363,5472.591923092676,381.3709776797215,Left,0
cellula_MI_data_1863.csv,False,extreme_ptp_amplitude_FZ_(2344.1uV>200.0uV); extreme_ptp_amplitude_C3_(979.7uV>200.0uV); extreme_ptp_amplitude_CZ_(1832.1uV>200.0uV); extreme_ptp_amplitude_C4_(474.9uV>200.0uV); statistical_variance_outlier_(z=101.37),2344.1410084330146,10476.374437876715,101.37394497081435,2344.1410084330146,979.691640958263,1832.1438031007638,474.93429758541606,22925.785097100565,4013.589575999463,14030.987212742275,935.1358656645572,Left,0
cellula_MI_data_1864.csv,True,CLEAN,35.98021250181633,11.72727425558053,-0.6142006490275556,35.98021250181633,19.02006503116987,27.488188194953565,27.82206537038151,17.072721534460825,6.085783609487838,5.96479703405534,17.78579484431812,Left,0
cellula_MI_data_1865.csv,True,CLEAN,65.17251802564638,19.328083799847096,-0.540123381202971,34.54410568924022,55.99566672643883,65.17251802564638,26.936653718953295,17.8897204496085,18.053301900947705,22.21698859259631,19.152324256235868,Left,0
cellula_MI_data_1866.csv,True,CLEAN,22.314628808726603,9.480418618111512,-0.636098438447305,20.86399367841546,12.12964718861463,10.953252741418726,22.314628808726603,13.219760353419527,4.943531929629474,4.074354365625283,15.684027823771764,Right,1
cellula_MI_data_1867.csv,False,extreme_ptp_amplitude_FZ_(4250.7uV>200.0uV); extreme_ptp_amplitude_C3_(2298.3uV>200.0uV); extreme_ptp_amplitude_CZ_(1855.4uV>200.0uV); extreme_ptp_amplitude_C4_(4693.7uV>200.0uV); statistical_variance_outlier_(z=481.30),4693.692467568097,49459.7017209598,481.30431410112476,4250.731564086015,2298.345000786975,1855.3840973048934,4693.692467568097,73214.03473882854,21404.376305018188,13947.612725633931,89272.78311435854,Left,0
cellula_MI_data_1868.csv,True,CLEAN,28.09003123264471,11.991084166246804,-0.6116295653431938,21.71778378613622,21.60508940611463,26.739202558559082,28.09003123264471,13.069152598196634,7.074433064545573,5.494403513666025,22.32634748857898,Left,0
cellula_MI_data_1869.csv,True,CLEAN,26.86966119768769,11.067273294651812,-0.6206329991163799,22.19474738670249,13.670742526421254,11.968902492891836,26.86966119768769,15.44077409995252,5.319482563266065,4.227265514996945,19.28157100039172,Left,0
cellula_MI_data_1870.csv,False,extreme_ptp_amplitude_FZ_(21600.1uV>200.0uV); extreme_ptp_amplitude_C3_(13228.4uV>200.0uV); extreme_ptp_amplitude_CZ_(13521.0uV>200.0uV); extreme_ptp_amplitude_C4_(21307.4uV>200.0uV); statistical_variance_outlier_(z=13333.78),21600.08086927119,1368206.9782233683,13333.776754763618,21600.08086927119,13228.382861586364,13521.030969220343,21307.43276163721,1997382.150245911,749149.8436104587,782651.1029436208,1943644.8160934832,Right,1
cellula_MI_data_1871.csv,True,CLEAN,32.413582705417156,11.605941736523596,-0.6153831522145736,31.346350266420338,15.646924728076808,15.389135435102856,32.413582705417156,17.61204011915633,5.261733781677799,4.989784161428285,18.560208883831965,Left,0
cellula_MI_data_1872.csv,False,extreme_ptp_amplitude_FZ_(19868.6uV>200.0uV); extreme_ptp_amplitude_CZ_(1436.3uV>200.0uV); extreme_ptp_amplitude_C4_(21461.7uV>200.0uV); statistical_variance_outlier_(z=8754.85),21461.695929861235,898379.4963484363,8754.851838475919,19868.617634358045,163.3044722656232,1436.3216910172532,21461.695929861235,1654432.000820492,114.06548398232958,8597.857437370196,1930374.0616519009,Right,1
cellula_MI_data_1873.csv,True,CLEAN,75.47151812844619,17.37670284357842,-0.559141483009554,18.914641140014236,35.97827713610668,45.295457665303594,75.47151812844619,11.9147834387235,8.96268077017123,9.589135433349673,39.040211732069274,Right,1
cellula_MI_data_1874.csv,True,CLEAN,76.90697634440122,11.451508802901163,-0.6168882510751963,21.126745111815378,26.290157012598566,32.668995643498924,76.90697634440122,7.242397447254549,3.2205017356472454,4.981869666949508,30.361266361753344,Left,0
cellula_MI_data_1875.csv,True,CLEAN,21.314481520678264,4.694982318108156,-0.6827371608607928,14.06704781185541,5.6351680659296415,6.758214729030323,21.314481520678264,6.273361143972326,0.7482026620589124,1.0549866187342058,10.703378847667182,Left,0
cellula_MI_data_1876.csv,True,CLEAN,69.37591491701573,16.77699497029045,-0.564986218427188,69.37591491701573,8.241293050940962,64.54917893862813,21.442968231937837,30.6384801476087,1.0952855168740243,23.60860878949728,11.765605427181791,Right,1
cellula_MI_data_1877.csv,True,CLEAN,37.607800229767804,7.109253228534499,-0.6592077470804331,37.607800229767804,8.059028008923331,29.967681959933017,18.18655107759245,10.748161463881798,1.4848148878499503,4.6598106132127395,11.544225949193505,Right,1
cellula_MI_data_1878.csv,True,CLEAN,22.746747004637154,5.3891706491191185,-0.675971621661644,13.335489177682623,8.432889979182754,10.315599425489216,22.746747004637154,6.149977664114308,1.373061512559924,1.3297104481070603,12.703932971695181,Left,0
cellula_MI_data_1879.csv,True,CLEAN,32.631181645630704,5.714652710724191,-0.6727994829954668,16.59266007926652,11.185725971810022,8.943902332290527,32.631181645630704,5.842463295047,1.5972578898637668,1.1130267413705577,14.305862916615439,Left,0
cellula_MI_data_1880.csv,True,CLEAN,26.266159561890277,5.180510643363338,-0.6780052159834896,19.25303615599899,8.699979539147535,6.237300789276471,26.266159561890277,6.379373924861792,1.3429553937475474,0.9975638691419106,12.002149385702102,Left,0
cellula_MI_data_1881.csv,True,CLEAN,42.86303229592498,9.353712870290748,-0.6373333089649215,42.86303229592498,30.304934309520448,21.584505056975882,20.266578540846215,20.07450938426762,7.520348208560959,2.8949755044059606,6.925018383928447,Right,1
cellula_MI_data_1882.csv,False,extreme_ptp_amplitude_FZ_(445.9uV>200.0uV); extreme_ptp_amplitude_C3_(1044.0uV>200.0uV); extreme_ptp_amplitude_CZ_(2364.7uV>200.0uV); extreme_ptp_amplitude_C4_(2964.6uV>200.0uV); statistical_variance_outlier_(z=163.38),2964.5995948504296,16839.017215671716,163.38407565201402,445.898927251274,1043.9645517442332,2364.742166419686,2964.5995948504296,849.9162354405483,4678.670579974723,24012.260634680602,37815.221412590996,Right,1
cellula_MI_data_1883.csv,True,CLEAN,68.91495449833795,12.434248915081849,-0.6073104946443849,68.91495449833795,29.210732214020773,12.507750918138356,46.20567413060904,28.753457306727558,6.730014006865493,1.3018620744002136,12.951662272334131,Right,1
cellula_MI_data_1884.csv,False,extreme_ptp_amplitude_FZ_(5521.5uV>200.0uV); extreme_ptp_amplitude_C3_(1797.8uV>200.0uV); extreme_ptp_amplitude_C4_(3796.7uV>200.0uV); statistical_variance_outlier_(z=480.99),5521.521996225118,49427.779035861786,480.9931965445127,5521.521996225118,1797.8454729578937,74.19373642035873,3796.669567530941,125183.87479592576,13266.940102027917,23.194226184697598,59237.10701930877,Left,0
cellula_MI_data_1885.csv,False,extreme_ptp_amplitude_FZ_(6596.7uV>200.0uV); extreme_ptp_amplitude_C3_(2837.7uV>200.0uV); extreme_ptp_amplitude_CZ_(1019.9uV>200.0uV); extreme_ptp_amplitude_C4_(2739.8uV>200.0uV); statistical_variance_outlier_(z=598.44),6596.74705099895,61479.02771768138,598.444314221474,6596.74705099895,2837.7246919838512,1019.9288132277787,2739.831970640864,178018.3489676087,32939.85141371034,4252.219392111548,30705.69109729495,Left,0
cellula_MI_data_1886.csv,True,CLEAN,21.883751774385104,6.6119311392654705,-0.6640546336373596,21.883751774385104,12.986105264700154,11.056287077336627,16.691153878234317,15.87265222973976,3.467016534950136,1.0448631864289175,6.063192605943071,Left,0
cellula_MI_data_1887.csv,True,CLEAN,22.135550143457483,6.077979181904064,-0.6692585138188801,22.135550143457483,12.353160282332828,4.4347567637568766,14.929439284176556,15.362591011846295,4.352528004478613,0.6445375698680076,3.9522601414233423,Left,0
cellula_MI_data_1888.csv,True,CLEAN,23.792875059675733,5.974019733454729,-0.670271699567165,23.792875059675733,13.102204972354457,4.512761965096617,9.989802519227059,15.189354455216288,4.325099267109035,0.7000962287798095,3.681528982713785,Left,0
cellula_MI_data_1889.csv,True,CLEAN,137.36393043003068,32.984344649572975,-0.40702986181455053,137.36393043003068,69.4013321085972,4.449255360207494,66.21667122396336,87.6221277468049,22.440155537911767,0.6773493288312494,21.19774598474398,Right,1
cellula_MI_data_1890.csv,True,CLEAN,84.52707813554272,14.761875543506498,-0.5846255135058285,84.52707813554272,52.49700532237303,22.000019144352585,13.115974436135696,38.88392777145951,14.549206038205227,2.5143009391826787,3.100067425178581,Left,0
cellula_MI_data_1891.csv,True,CLEAN,99.45054172863885,25.472233406446954,-0.4802426785867956,92.81839524226116,26.68910068933716,23.98975842636359,99.45054172863885,46.43259825040553,8.252696060227452,3.0791700526946837,44.12446926246014,Right,1
cellula_MI_data_1892.csv,False,flatline_dead_channel_CZ_(var=4.1467e-01),44.66174265351776,7.2350836629593545,-0.6579814073416081,44.66174265351776,15.862311706728661,4.505033341205032,27.511992200475312,18.239311378991413,2.1018091023690015,0.41466944517686516,8.18454472530014,Left,0
cellula_MI_data_1893.csv,False,flatline_dead_channel_CZ_(var=3.0882e-01),22.60502437328149,5.193946055125683,-0.6778742748528566,22.60502437328149,8.08310398287365,2.809754494083116,14.733780103670533,13.317156576328061,1.8284986275401265,0.30881939380121004,5.321309622833335,Right,1
cellula_MI_data_1894.csv,False,extreme_ptp_amplitude_FZ_(23308.2uV>200.0uV); extreme_ptp_amplitude_C3_(8488.1uV>200.0uV); extreme_ptp_amplitude_CZ_(2835.7uV>200.0uV); extreme_ptp_amplitude_C4_(17655.9uV>200.0uV); statistical_variance_outlier_(z=9701.97),23308.189515090882,995559.9576010024,9701.969775532143,23308.189515090882,8488.053727332797,2835.724680444321,17655.86046820241,2313877.795987478,306899.0363797128,34193.300575032976,1327269.697461786,Right,1
cellula_MI_data_1895.csv,False,extreme_ptp_amplitude_FZ_(490.2uV>200.0uV); extreme_ptp_amplitude_C3_(220.3uV>200.0uV),490.20740574538,280.64976281137376,2.0067100701244733,490.20740574538,220.3264111150659,73.9373829208129,196.71610352244238,809.3295607231962,163.41463681513466,18.43904636409162,131.41580734307271,Right,1
cellula_MI_data_1896.csv,False,extreme_ptp_amplitude_FZ_(286.9uV>200.0uV); extreme_ptp_amplitude_CZ_(491.1uV>200.0uV); extreme_ptp_amplitude_C4_(848.3uV>200.0uV); statistical_variance_outlier_(z=9.60),848.2528268888261,1059.688395307646,9.599197829360007,286.8965186551798,76.89259973896947,491.12034112625344,848.2528268888261,335.03709398748333,25.367955609119775,972.2579465503425,2906.0905850836384,Right,1
cellula_MI_data_1897.csv,False,flatline_dead_channel_CZ_(var=3.1449e-01),20.254045831939507,5.149502811866235,-0.678307417403627,20.254045831939507,8.69595724510107,3.521443093161505,11.785517031840357,13.510291348774022,2.8081156829818568,0.31449173968207544,3.9651124760269836,Right,1
cellula_MI_data_1898.csv,False,flatline_dead_channel_CZ_(var=3.2989e-01),27.834857503029404,5.328220506652669,-0.6765656399699753,27.834857503029404,12.344486901448402,3.127845651295877,15.499625359183732,14.12228647627349,2.902261705980019,0.3298864644879211,3.958447379869245,Left,0
cellula_MI_data_1899.csv,False,flatline_dead_channel_CZ_(var=3.0554e-01),18.79368779771037,4.904928658694084,-0.680691029957262,18.79368779771037,9.03535412643202,3.57955106299819,10.22626204635533,12.895730062457721,2.577667343207075,0.30554480416581736,3.840772424945723,Left,0
cellula_MI_data_1900.csv,True,CLEAN,53.37775536921158,17.161427607917467,-0.561239549168847,33.80683642627443,30.18839535201777,30.980975844903025,53.37775536921158,7.134527000790693,9.542735397278413,7.976011674824965,43.992436358775805,Right,1
cellula_MI_data_1901.csv,True,CLEAN,194.41445147524092,62.15849534163256,-0.12269944124761517,38.28116855209041,93.77722454472297,62.35605837842758,194.41445147524092,7.135591994970034,41.95294232663764,18.63952440083353,180.90592264408903,Right,1
cellula_MI_data_1902.csv,True,CLEAN,38.34936759280649,11.014078432000115,-0.621151434694142,8.449725427817352,17.648529173020655,13.39197834074434,38.34936759280649,1.1751910191357544,8.120602385959378,3.167769194614536,31.592751128290796,Left,0
cellula_MI_data_1903.csv,True,CLEAN,35.202823042720084,10.879117820575697,-0.6224667568713433,6.440632636602819,19.184917059216716,9.810663828977807,35.202823042720084,1.1250607787955433,8.354553612614886,2.78137251216765,31.25548437872471,Left,0
cellula_MI_data_1904.csv,True,CLEAN,42.13612949855719,13.05846380034871,-0.6012269146037713,20.295131614956894,22.5281001334916,21.8480533925708,42.13612949855719,2.673013790248874,9.743345986579929,4.414602533597273,35.402892890968765,Right,1
cellula_MI_data_1905.csv,True,CLEAN,50.49554211595035,12.279118349323511,-0.6088223926074287,9.425983137970013,25.69976819820298,15.369790779777354,50.49554211595035,1.2452630997846639,9.264937019390574,3.274344071233497,35.33192920688531,Right,1
cellula_MI_data_1906.csv,True,CLEAN,33.61231937771917,10.374331019003055,-0.6273863942963619,6.420830573120716,17.073708581992282,10.386963095217567,33.61231937771917,1.0374793439873844,7.934804227805862,2.742504193901003,29.782536310317973,Right,1
cellula_MI_data_1907.csv,False,extreme_ptp_amplitude_FZ_(1427.8uV>200.0uV); extreme_ptp_amplitude_C3_(3345.2uV>200.0uV); extreme_ptp_amplitude_CZ_(2058.7uV>200.0uV); extreme_ptp_amplitude_C4_(6831.6uV>200.0uV); statistical_variance_outlier_(z=630.43),6831.642206816946,64760.85934802966,630.4289494396903,1427.8342695177002,3345.1522927310543,2058.6556445681936,6831.642206816946,8235.27639564237,45192.59778621626,17116.760086120037,188498.80312414,Right,1
cellula_MI_data_1908.csv,True,CLEAN,44.92492471964617,10.864985678941414,-0.6226044883109592,8.914975015447913,22.253514563762877,13.75643514043537,44.92492471964617,1.3090756718074485,7.640668217256913,3.001091029081747,31.50910779761955,Right,1
cellula_MI_data_1909.csv,True,CLEAN,115.2188698485469,29.31441979413072,-0.4427968422696474,38.67087645268172,62.94832934349102,46.79427611697627,115.2188698485469,7.810145808795005,27.11303631683936,10.454239099869774,71.88025795101875,Right,1
cellula_MI_data_1910.csv,True,CLEAN,92.64248050072969,18.158720318602658,-0.5515199635380427,9.525897844875274,59.75772337207847,25.761915655781777,92.64248050072969,0.5421222993407361,19.324386363770234,3.974193636552503,48.794178974747155,Right,1
cellula_MI_data_1911.csv,True,CLEAN,82.55838138344379,15.994203301436016,-0.5726152831691567,10.021232578729418,48.509951398776224,24.02719740593815,82.55838138344379,0.643022804039608,15.479808329455542,3.6996729927644867,44.15430907948443,Left,0
cellula_MI_data_1912.csv,False,extreme_ptp_amplitude_FZ_(437.3uV>200.0uV); extreme_ptp_amplitude_C3_(2266.3uV>200.0uV); extreme_ptp_amplitude_CZ_(1053.1uV>200.0uV); extreme_ptp_amplitude_C4_(3756.7uV>200.0uV); statistical_variance_outlier_(z=192.80),3756.678612505789,19857.759737852786,192.80465210597217,437.28872411912084,2266.2901089646066,1053.099779422061,3756.678612505789,738.495823175453,19858.1363602945,4285.458037857822,54548.94873008337,Left,0
cellula_MI_data_1913.csv,True,CLEAN,124.45391150682188,27.83009334612321,-0.45726304447979327,16.163822380969812,72.34856423601282,35.94152488983926,124.45391150682188,1.2465443604910724,26.60536578898328,6.352636397941492,77.115826837077,Left,0
cellula_MI_data_1914.csv,True,CLEAN,64.55714277026564,13.547882507772524,-0.5964570541754773,23.362487333644328,37.941492114567524,28.808472218426687,64.55714277026564,2.3689264318430334,13.918685912473249,3.941160440462,33.96275724631181,Right,1
cellula_MI_data_1915.csv,False,flatline_dead_channel_FZ_(var=2.3006e-01),32.79920811943005,9.485372549963635,-0.6360501575721617,4.16830126081838,19.669754143747816,9.661528042766733,32.79920811943005,0.23005704304565652,10.170526828681387,2.098503558191863,25.442402769935637,Right,1
cellula_MI_data_1916.csv,True,CLEAN,104.16321740397052,22.877344886111068,-0.5055323863181067,10.745757400214625,63.27102229013525,30.20888209207764,104.16321740397052,0.6748696751658531,23.09519518939398,5.297192685329881,62.442121994554554,Right,1
cellula_MI_data_1917.csv,True,CLEAN,72.13336909840473,14.972166162116173,-0.5825760272787334,9.404290538357372,46.35437521879179,17.839607222194786,72.13336909840473,0.558437927036721,15.871195653403749,2.918582325159628,40.54044874286459,Left,0
cellula_MI_data_1918.csv,False,extreme_ptp_amplitude_C3_(2824.5uV>200.0uV); extreme_ptp_amplitude_CZ_(1005.3uV>200.0uV); extreme_ptp_amplitude_C4_(3932.0uV>200.0uV); statistical_variance_outlier_(z=232.85),3932.038565506144,23966.185395440403,232.8452485716583,102.35207627573709,2824.53781027995,1005.3258367298386,3932.038565506144,44.893649971204184,31263.874534405888,3963.788357410071,60592.18503997445,Left,0
cellula_MI_data_1919.csv,False,flatline_dead_channel_FZ_(var=4.4533e-02),32.23436173667767,8.38711976230712,-0.6467536971644274,2.3293543501651337,23.480261007310396,8.282495813945925,32.23436173667767,0.04453255671570016,11.113683081322039,1.3481457533780397,21.042117657812707,Right,1
cellula_MI_data_1920.csv,False,extreme_ptp_amplitude_C3_(2648.0uV>200.0uV); extreme_ptp_amplitude_CZ_(901.1uV>200.0uV); extreme_ptp_amplitude_C4_(3683.1uV>200.0uV); statistical_variance_outlier_(z=204.74),3683.066034968725,21082.41138930153,204.74007133307532,133.98074908846797,2647.9903566096373,901.1216077768686,3683.066034968725,70.90223101199042,27619.27222672775,3199.2599386554944,53440.2111608109,Left,0
cellula_MI_data_1921.csv,False,flatline_dead_channel_FZ_(var=3.4927e-02),27.673528147913572,7.972523600693345,-0.6507943392465692,1.6375460571626599,20.975994663847665,6.835959045394757,27.673528147913572,0.03492672813177824,10.74237121248823,1.192948183318272,19.9198482788351,Right,1
cellula_MI_data_1922.csv,False,flatline_dead_channel_FZ_(var=4.3916e-01),67.9329918070892,16.710386708948818,-0.5656353805968223,8.70719834261388,62.91716826607288,13.723021883630203,67.9329918070892,0.4391624503557591,28.121986701241426,1.664638024028059,36.61575966017002,Left,0
cellula_MI_data_1923.csv,False,flatline_dead_channel_FZ_(var=4.2833e-01),38.86252300187856,9.70944675381539,-0.6338663369258692,8.42218722802685,37.529153121715964,8.922425363432144,38.86252300187856,0.42832697962765287,16.06089089552612,1.0755863472906022,21.272982792817185,Right,1
cellula_MI_data_1924.csv,False,extreme_ptp_amplitude_FZ_(241.1uV>200.0uV); extreme_ptp_amplitude_C3_(2986.6uV>200.0uV); extreme_ptp_amplitude_CZ_(1077.9uV>200.0uV); extreme_ptp_amplitude_C4_(4305.6uV>200.0uV); statistical_variance_outlier_(z=281.82),4305.628051660426,28991.25907956948,281.8194699318412,241.12159810746948,2986.6409479873264,1077.9171371168939,4305.628051660426,235.02361584566887,36073.102156658104,4697.58010967773,74959.33043609642,Right,1
cellula_MI_data_1925.csv,True,CLEAN,85.78671597516392,21.603287974259107,-0.5179493077701397,14.22533004879228,81.28337363480844,18.585487786387837,85.78671597516392,1.037218097873421,38.52339993703492,2.085820462488945,44.766713399639144,Left,0
cellula_MI_data_1926.csv,False,flatline_dead_channel_FZ_(var=9.7147e-02),79.2570633451956,15.326278242716114,-0.5791248612836178,3.153979258769372,60.64454432988115,18.285094304604392,79.2570633451956,0.09714658358028104,22.984540105417505,1.8781792316657233,36.34524705020095,Left,0
cellula_MI_data_1927.csv,True,CLEAN,62.0312937543674,16.20788434751513,-0.5705327539349673,57.18834135225034,45.28329110268358,49.49587337028055,62.0312937543674,9.86864022272898,16.102963874496,8.60206991637284,30.25786337646269,Left,0
cellula_MI_data_1928.csv,True,CLEAN,58.57941216957244,14.71862482195652,-0.5850470337748477,58.57941216957244,58.34226030798089,46.74292512341172,51.32844244480281,8.500872562499454,17.67500014863392,7.023791061792485,25.674835514900227,Right,1
cellula_MI_data_1929.csv,False,flatline_dead_channel_FZ_(var=2.0804e-02),31.77794662163118,8.238587581296724,-0.6482012874624341,1.059112116671635,23.7436333479656,8.109779220615684,31.77794662163118,0.020804362557675735,11.005057562491396,1.341618154466647,20.58687024567117,Right,1
cellula_MI_data_1930.csv,False,flatline_dead_channel_FZ_(var=5.7512e-02),26.319412358841447,7.880406516465694,-0.6516921096590247,2.502339491591909,18.625331108990956,6.718106156397815,26.319412358841447,0.05751221467897265,10.512107564787991,1.2458386344542058,19.706167651941605,Left,0
cellula_MI_data_1931.csv,False,extreme_ptp_amplitude_FZ_(291.7uV>200.0uV); extreme_ptp_amplitude_C3_(2163.1uV>200.0uV); extreme_ptp_amplitude_CZ_(775.9uV>200.0uV); extreme_ptp_amplitude_C4_(3230.8uV>200.0uV); statistical_variance_outlier_(z=157.67),3230.7524370330593,16252.399039162177,157.66691203687708,291.6871159930415,2163.131410389533,775.9339106504844,3230.7524370330593,349.8849534413484,19249.34157629603,2476.213315118229,42934.1563117931,Left,0
cellula_MI_data_1932.csv,False,extreme_ptp_amplitude_FZ_(214.3uV>200.0uV); extreme_ptp_amplitude_C3_(2936.0uV>200.0uV); extreme_ptp_amplitude_CZ_(1248.4uV>200.0uV); extreme_ptp_amplitude_C4_(4398.8uV>200.0uV); statistical_variance_outlier_(z=290.79),4398.757811173133,29911.658762833496,290.78965836318287,214.32622103009294,2936.036556614995,1248.3950335280447,4398.757811173133,188.0451290383794,34870.61726922885,6306.2026693096,78281.76998375716,Left,0
cellula_MI_data_1933.csv,False,extreme_ptp_amplitude_C3_(4006.1uV>200.0uV); extreme_ptp_amplitude_CZ_(1495.7uV>200.0uV); extreme_ptp_amplitude_C4_(5583.9uV>200.0uV); statistical_variance_outlier_(z=492.84),5583.850343402989,50643.427994900136,492.84087579432224,82.07971277800402,4006.0693923792915,1495.727988449018,5583.850343402989,27.555257694065695,65716.5832123751,9160.219534461761,127669.35397506959,Right,1
cellula_MI_data_1934.csv,True,CLEAN,43.58686395465867,11.392937912966577,-0.6174590812578419,23.536536831896484,26.402669968767313,21.325647500103145,43.58686395465867,3.781064001870493,14.218863221920875,3.91576394458064,23.656060483494304,Right,1
cellula_MI_data_1935.csv,False,flatline_dead_channel_FZ_(var=3.1224e-02),74.1592292438197,15.982691087427126,-0.5727274808706546,1.0592616387031217,55.43722922480903,18.337009139459713,74.1592292438197,0.03122400679071028,21.880918904624583,2.3668164624315575,39.65180497586165,Left,0
cellula_MI_data_1936.csv,True,CLEAN,66.45067383945288,14.802975169110088,-0.5842249577550763,59.07365367894541,49.027248857738236,50.976541289200384,66.45067383945288,7.261039218857844,15.995260586689255,6.706963303768877,29.248637567124376,Right,1
cellula_MI_data_1937.csv,False,flatline_dead_channel_FZ_(var=1.6484e-02),33.12456395601824,8.43341145290183,-0.6463025396999145,0.9627589715867582,24.909790350746572,8.452635923636773,33.12456395601824,0.016483866563222704,11.688289147355894,1.3196947702510862,20.709178027437115,Left,0
cellula_MI_data_1938.csv,False,flatline_dead_channel_FZ_(var=1.6959e-02),29.08454190374453,7.143126822754159,-0.658877616020501,1.0985255253464545,22.03056364814571,7.362606349902612,29.08454190374453,0.016958911644564832,9.946522399896834,1.0953463287046419,17.513679650770595,Right,1
cellula_MI_data_1939.csv,False,flatline_dead_channel_FZ_(var=1.3746e-02),82.04198512924765,15.647794572060867,-0.5759913725282242,0.8716451031071019,62.12265337439867,19.730742457798353,82.04198512924765,0.013745800523876315,21.89701327816899,2.2691733410980897,38.41124586845251,Right,1
cellula_MI_data_1940.csv,False,extreme_ptp_amplitude_C3_(2246.5uV>200.0uV); extreme_ptp_amplitude_CZ_(759.7uV>200.0uV); extreme_ptp_amplitude_C4_(3024.5uV>200.0uV); statistical_variance_outlier_(z=136.28),3024.458620013183,14058.06524600516,136.28099897780774,18.263779748180212,2246.5150111737867,759.745736195539,3024.458620013183,1.283317193830466,19210.864676067547,2197.511451331034,34822.60153942823,Left,0
cellula_MI_data_1941.csv,False,flatline_dead_channel_FZ_(var=3.5346e-02),45.78150679145956,9.541240401282936,-0.6355056711249141,2.0021643509908387,34.23547210640656,10.744845417915167,45.78150679145956,0.03534605673614761,13.184351511237857,1.32834915253392,23.61691488462382,Right,1
cellula_MI_data_1942.csv,False,extreme_ptp_amplitude_C3_(1664.2uV>200.0uV); extreme_ptp_amplitude_CZ_(496.5uV>200.0uV); extreme_ptp_amplitude_C4_(2144.5uV>200.0uV); statistical_variance_outlier_(z=72.53),2144.4610091595255,7516.397882183745,72.5260999098949,16.407675986055324,1664.201005065926,496.45846578792396,2144.4610091595255,1.0848495600605519,10936.937736851749,972.9631027204463,18154.605839602726,Left,0
cellula_MI_data_1943.csv,True,CLEAN,44.637004421902326,11.622804064165196,-0.6152188124618699,41.534044992725825,40.92204891558528,34.93880905542656,44.637004421902326,5.30913561347154,13.256640200989944,5.041646671264063,22.88379377093524,Right,1
cellula_MI_data_1944.csv,False,flatline_dead_channel_FZ_(var=1.7249e-01),29.397409891523203,7.072449466779734,-0.6595664354675821,4.4417701326245815,20.906924668719455,8.53770644831555,29.397409891523203,0.17248806115273446,9.97520474612448,1.1054058993635771,17.036699160478143,Left,0
cellula_MI_data_1945.csv,True,CLEAN,36.95990063457248,8.50171067252884,-0.6456368975002179,28.046790386736784,26.419443437336824,26.201174197051827,36.95990063457248,2.8642356222053134,10.949689469281427,2.7741862035375418,17.418731395091083,Right,1
cellula_MI_data_1946.csv,False,flatline_dead_channel_FZ_(var=5.1473e-02),28.273218144183275,6.50342384648974,-0.6651121425436223,1.4192850769546101,20.07479188518884,6.888991466096406,28.273218144183275,0.05147282789994033,8.104300196496776,1.1016327509555024,16.75628961060674,Left,0
cellula_MI_data_1947.csv,True,CLEAN,30.82934175566667,7.016053761322069,-0.6601160663658454,9.231841475007213,30.82934175566667,8.634967731667874,30.259165816094036,0.6134886080322589,11.110966552705783,1.0216078235075248,15.318152061042708,Left,0
cellula_MI_data_1948.csv,False,extreme_ptp_amplitude_C3_(1419.2uV>200.0uV); extreme_ptp_amplitude_CZ_(248.4uV>200.0uV); extreme_ptp_amplitude_C4_(1538.3uV>200.0uV); statistical_variance_outlier_(z=41.93),1538.2929454117982,4377.324830603584,41.93278563085937,129.27492128522155,1419.1580982112052,248.40976848581442,1538.2929454117982,66.08036819287592,7909.70944529691,242.35477278932868,9291.15473613522,Right,1
cellula_MI_data_1949.csv,False,flatline_dead_channel_FZ_(var=4.8475e-01),146.8835413045093,46.029457917606614,-0.27989256890775693,10.285359605129825,131.13334302130914,26.026326773267087,146.8835413045093,0.48474659849729235,79.91234973394248,3.174059914341735,100.54667542364494,Right,1
cellula_MI_data_1950.csv,False,flatline_dead_channel_FZ_(var=8.9755e-02),22.60407496862454,6.385105151831415,-0.666265273086075,2.4636455066107428,19.588432483321636,4.5016661160826335,22.60407496862454,0.08975465095888714,10.889382885555861,0.5187854151263529,14.04249765568456,Right,1
cellula_MI_data_1951.csv,False,flatline_dead_channel_FZ_(var=1.6307e-01),62.53657248687857,12.024135680560075,-0.6113074462500192,5.383464229935829,54.57392176929781,13.346114947516583,62.53657248687857,0.1630723690487592,20.036539257654063,1.148022736654728,26.74890835888275,Left,0
cellula_MI_data_1952.csv,False,flatline_dead_channel_FZ_(var=7.6763e-02),35.24120255711404,7.429193567409046,-0.6560896178821327,2.0919659807752584,30.266697272807367,6.718212759884553,35.24120255711404,0.07676310264336621,12.209069001319186,0.6894428306043836,16.74149933506925,Right,1
cellula_MI_data_1953.csv,False,flatline_dead_channel_FZ_(var=2.7306e-01),96.13513240790877,21.551196224720304,-0.5184569924397218,7.573639417294311,84.87515383036444,18.942184386223836,96.13513240790877,0.27306009310370927,36.5001476361816,1.861908550308321,47.56966861928758,Left,0
cellula_MI_data_1954.csv,True,CLEAN,53.5225374160447,12.809943022729989,-0.6036489908439954,31.5499573643055,39.000919484346866,26.774498287264812,53.5225374160447,4.050852709065758,13.601781529067532,4.617333006390878,28.969804846395792,Right,1
cellula_MI_data_1955.csv,False,flatline_dead_channel_FZ_(var=1.1459e-01),32.07118314157958,6.58822072089217,-0.6642857146823249,2.7902890132655154,21.126191968007806,8.412412308705644,32.07118314157958,0.1145873592631402,7.6221792367430545,1.1965150840717051,17.419601203490778,Right,1
cellula_MI_data_1956.csv,False,flatline_dead_channel_FZ_(var=1.3689e-01),51.448693960480206,8.128036064239446,-0.64927871931884,3.5852846426395235,34.8197604869994,13.050586896733316,51.448693960480206,0.13689001924709385,9.632828836130185,1.4135812411192168,21.32884416046129,Right,1
cellula_MI_data_1957.csv,False,extreme_ptp_amplitude_C3_(3499.7uV>200.0uV); extreme_ptp_amplitude_CZ_(1145.1uV>200.0uV); extreme_ptp_amplitude_C4_(4833.4uV>200.0uV); statistical_variance_outlier_(z=362.32),4833.438708569372,37250.64762652031,362.3152294817302,188.66481298496188,3499.6751637523776,1145.101098343917,4833.438708569372,143.8656701031913,49374.40134765318,5287.827478472612,94196.49600985224,Left,0
cellula_MI_data_1958.csv,False,flatline_dead_channel_FZ_(var=1.4254e-01),32.74655024860249,5.275282784299575,-0.6770815694658975,3.0945392489784846,27.500238239904963,6.790141340042625,32.74655024860249,0.1425358804151058,8.816472757476213,0.5040208218273854,11.638101677479598,Right,1
cellula_MI_data_1959.csv,False,flatline_dead_channel_FZ_(var=4.6118e-01); flatline_dead_channel_CZ_(var=4.2374e-01),29.622971285723303,5.2104970920477935,-0.6777129689304133,7.397009282620646,29.418239528192085,6.72238158189516,29.622971285723303,0.46118156892645745,9.66973969263387,0.42373675934314214,10.287330347287705,Left,0
cellula_MI_data_1960.csv,False,flatline_dead_channel_FZ_(var=3.4681e-01); flatline_dead_channel_CZ_(var=2.0648e-01),18.4267797978725,3.9195247642478295,-0.6902947475322336,4.7339251384947,18.4267797978725,3.004546186796863,16.258632330012233,0.34681205872057935,7.869348930205204,0.20647928873302834,7.255458779332508,Left,0
cellula_MI_data_1961.csv,False,flatline_dead_channel_CZ_(var=4.2395e-01),21.861917934612656,3.8916782284400178,-0.6905661390569139,10.724348407546898,18.689580571540144,7.561909783749716,21.861917934612656,1.290383154271863,7.249008933728835,0.423952215317995,6.603368610441379,Left,0
cellula_MI_data_1962.csv,False,extreme_ptp_amplitude_FZ_(1467.0uV>200.0uV); extreme_ptp_amplitude_C3_(3706.8uV>200.0uV); extreme_ptp_amplitude_CZ_(393.8uV>200.0uV); extreme_ptp_amplitude_C4_(2633.6uV>200.0uV); statistical_variance_outlier_(z=227.69),3706.825656699036,23436.89313195255,227.6867816305354,1467.032318461036,3706.825656699036,393.77615858453294,2633.5694968225325,8781.245822895924,56042.628981890404,633.1949738536683,28290.502749170202,Right,1
cellula_MI_data_1963.csv,True,CLEAN,23.6720722992014,12.292870193277496,-0.6086883675378978,23.6720722992014,15.108599202867506,15.554020616216166,23.45455968150982,17.033618814782184,6.703359357619169,5.731853072535951,19.70264952817268,Left,0
cellula_MI_data_1964.csv,False,extreme_ptp_amplitude_FZ_(39861.3uV>200.0uV); extreme_ptp_amplitude_C3_(31254.3uV>200.0uV); extreme_ptp_amplitude_CZ_(29654.3uV>200.0uV); extreme_ptp_amplitude_C4_(41461.3uV>200.0uV); statistical_variance_outlier_(z=68570.69),41461.316559308136,7035873.089886149,68570.68514574721,39861.30108475111,31254.346927191047,29654.33145263403,41461.316559308136,8659185.397720136,5323586.037781443,4792598.69213952,9368122.231903495,Right,1
cellula_MI_data_1965.csv,True,CLEAN,22.87683773936978,12.944864998176751,-0.6023340452119039,21.207290122968843,20.446530241564897,22.87683773936978,22.826555301838575,17.594234480982735,7.375343623108778,6.721949498653445,20.08793238996205,Right,1
cellula_MI_data_1966.csv,True,CLEAN,75.50884625928424,21.684724980181386,-0.5171556250889197,68.81768733005647,32.55581123106366,26.40817629852453,75.50884625928424,32.25797718795796,9.269623857106506,7.0277549871540295,38.18354388850704,Left,0
cellula_MI_data_1967.csv,True,CLEAN,60.6160979888989,19.43711819398674,-0.5390607351822104,58.35560279532311,39.278454738167156,37.09211152036555,60.6160979888989,27.03952057428319,10.900344099622117,9.330542331607166,30.47806577043449,Left,0
cellula_MI_data_1968.csv,True,CLEAN,27.647288457021524,13.442032464561176,-0.5974886656050948,25.992285014392728,16.961309425206224,15.507333446916727,27.647288457021524,18.65344643926342,7.416309710314723,6.270154444192113,21.428219264474446,Left,0
cellula_MI_data_1969.csv,True,CLEAN,81.51651001860452,21.852972848111044,-0.515515886282026,66.60856825039198,15.033270902346437,19.383578540257272,81.51651001860452,31.623064752787673,7.084928471420324,6.728433529076416,41.97546463915975,Left,0
cellula_MI_data_1970.csv,True,CLEAN,25.45703724969938,12.732218414230307,-0.6044064926083614,25.45703724969938,13.141975229433815,19.00468652433845,19.790434094570948,22.18903072989631,5.664258623298579,11.847373751157054,11.228210552569278,Right,1
cellula_MI_data_1971.csv,True,CLEAN,27.412738428174386,11.623404840641808,-0.6152129573118755,27.412738428174386,13.778182456774713,19.092411988801963,16.58402331992375,21.424919526833907,4.82139345843318,11.669650735227949,8.577655642072198,Right,1
cellula_MI_data_1972.csv,False,flatline_dead_channel_CZ_(var=3.1767e-01),57.29682610939656,8.91693329574327,-0.641590149941613,26.90229974516867,57.29682610939656,7.698548840684008,23.229309675228503,5.801433097496575,25.026259510907433,0.31766979290220404,4.522370781666865,Right,1
cellula_MI_data_1973.csv,False,flatline_dead_channel_CZ_(var=1.3123e-01),42.32588438730211,6.589520209042687,-0.6642730499087636,20.061611890429877,42.32588438730211,3.3045059177786573,19.30843740845997,4.134551112251167,18.228480818904576,0.1312285502423446,3.8638203547726646,Right,1
cellula_MI_data_1974.csv,True,CLEAN,134.04472812253007,29.849972899040395,-0.4375773573508853,63.07319360679978,134.04472812253007,13.130990610461685,57.85261810163982,18.60761420902268,83.88463235762886,0.7464670763090702,16.161177953200955,Right,1
cellula_MI_data_1975.csv,False,flatline_dead_channel_CZ_(var=2.0443e-01),42.51172897311223,6.606641620291321,-0.6641061851347927,19.956950432384687,42.51172897311223,5.173238100632037,17.649269312203234,4.094174313913684,18.503370015812312,0.20443253219319596,3.6245896192460956,Left,0
cellula_MI_data_1976.csv,False,extreme_ptp_amplitude_FZ_(1171.0uV>200.0uV); extreme_ptp_amplitude_C3_(2390.8uV>200.0uV); extreme_ptp_amplitude_C4_(1328.0uV>200.0uV); statistical_variance_outlier_(z=86.88),2390.8299691654684,8988.953327158519,86.87758226827474,1171.0178419657552,2390.8299691654684,108.73171886295731,1327.959635939277,5563.108384594919,23188.17807530256,47.92186552731166,7156.604983209289,Right,1
cellula_MI_data_1977.csv,False,flatline_dead_channel_CZ_(var=1.1570e-01),38.03448166961624,5.6433786243123105,-0.673494118159963,17.914823021518814,38.03448166961624,2.769991482801271,17.95852716422762,3.453815428453873,15.613727453071002,0.1157035403631447,3.3902680753612215,Left,0
cellula_MI_data_1978.csv,False,flatline_dead_channel_CZ_(var=1.2458e-01),22.28281549797635,4.607783379397896,-0.6835869991706782,10.545045375463115,22.28281549797635,2.9012858007258595,10.382237168590168,2.8592957408646806,12.804346413659971,0.12458088840872715,2.642910474658204,Right,1
cellula_MI_data_1979.csv,False,extreme_ptp_amplitude_FZ_(1702.5uV>200.0uV); extreme_ptp_amplitude_C3_(3669.8uV>200.0uV); extreme_ptp_amplitude_CZ_(380.3uV>200.0uV); extreme_ptp_amplitude_C4_(1587.0uV>200.0uV); statistical_variance_outlier_(z=187.00),3669.791311770441,19261.92153941799,186.99763042643715,1702.5196585454423,3669.791311770441,380.2954167807924,1586.9762364442047,11735.940663964424,54531.00253837944,586.7166127531864,10194.026342574898,Left,0
cellula_MI_data_1980.csv,False,flatline_dead_channel_CZ_(var=1.3131e-01),23.364055411126145,4.5776567901606136,-0.6838806120294894,10.958297212134196,23.364055411126145,2.4209101156422177,10.594690374299644,3.0669971061384866,12.698863621101918,0.13130620897489415,2.413460224427155,Left,0
cellula_MI_data_1981.csv,False,extreme_ptp_amplitude_FZ_(10839.6uV>200.0uV); extreme_ptp_amplitude_C3_(9581.7uV>200.0uV); extreme_ptp_amplitude_CZ_(28478.3uV>200.0uV); extreme_ptp_amplitude_C4_(8057.5uV>200.0uV); statistical_variance_outlier_(z=11018.11),28478.26406316746,1130605.005502868,11018.114868176439,10839.610566358004,9581.679739885045,28478.26406316746,8057.4859914877725,489178.2716334346,382749.9126098379,3379742.5861207573,270749.25164744304,Left,0
cellula_MI_data_1982.csv,True,CLEAN,86.64486029617927,83.91853122806884,0.08937323296483345,41.72628736825387,26.405492967732272,86.64486029617927,21.902864259097683,55.40340474764113,23.077499480925354,241.56139898032694,15.631821703381965,Left,0
cellula_MI_data_1983.csv,True,CLEAN,81.93580081667594,87.62991228384844,0.1255442443376232,37.71363238522795,25.985312690201695,81.93580081667594,22.562144573334074,55.01996488005578,24.70833046152072,253.21244552774746,17.578908266069785,Right,1
cellula_MI_data_1984.csv,False,extreme_ptp_amplitude_FZ_(2672.5uV>200.0uV); extreme_ptp_amplitude_C3_(4275.2uV>200.0uV); extreme_ptp_amplitude_CZ_(11036.4uV>200.0uV); extreme_ptp_amplitude_C4_(4088.7uV>200.0uV); statistical_variance_outlier_(z=1607.31),11036.366641954071,164995.03275489385,1607.3082759631407,2672.493207453609,4275.215959954111,11036.366641954071,4088.6574745463513,28580.14663720891,73666.2826209616,490253.79696662846,67479.90479477646,Left,0
cellula_MI_data_1985.csv,True,CLEAN,108.05899058594227,94.55119168703817,0.192998831254041,45.20795748952516,31.34332843101406,108.05899058594227,38.43523729719031,56.143331543135375,25.626528877312307,270.1185131798055,26.3163931478995,Right,1
cellula_MI_data_1986.csv,True,CLEAN,56.02411240155163,38.22715656274243,-0.35593357003353443,29.212410525074375,19.35591447563497,56.02411240155163,26.59640874722156,29.741193072416237,11.36992057504313,95.33222121584534,16.465291387665015,Left,0
cellula_MI_data_1987.csv,False,extreme_ptp_amplitude_FZ_(1999.6uV>200.0uV); extreme_ptp_amplitude_C3_(1878.7uV>200.0uV); extreme_ptp_amplitude_CZ_(5655.0uV>200.0uV); extreme_ptp_amplitude_C4_(5770.0uV>200.0uV); statistical_variance_outlier_(z=728.08),5769.987732592139,74780.52856359791,728.0803529741037,1999.6338864273114,1878.6682662386752,5655.014081308528,5769.987732592139,16418.46242861061,14494.894664993033,131338.50751967475,136870.24964111322,Left,0
cellula_MI_data_1988.csv,True,CLEAN,54.22847037831561,40.54869934311196,-0.3333078819004345,30.42766833249007,18.51197804786527,54.22847037831561,29.78271363116434,31.822044028229335,11.94219858338107,102.0388523269671,16.391702433870325,Left,0
cellula_MI_data_1989.csv,True,CLEAN,171.0433116057415,77.83637047980682,0.030096671951534475,28.763203793373176,55.8370387681728,171.0433116057415,119.86492053558092,30.304101868945278,21.678556552184936,193.70570128700155,65.6571222110955,Right,1
cellula_MI_data_1990.csv,True,CLEAN,161.50745465659386,167.27445465189234,0.9017576281099391,71.84965669504084,51.40869166789548,161.50745465659386,38.30579141417314,85.79282104724467,54.12083819859719,490.88097970168053,38.303179660047,Right,1
cellula_MI_data_1991.csv,True,CLEAN,110.6021259224585,156.43282158170354,0.796095388855167,49.125609558762335,37.08649562277729,110.6021259224585,31.369512043211312,81.48718733037057,50.74128382161545,457.6759593111205,35.82685586370763,Left,0
cellula_MI_data_1992.csv,False,extreme_ptp_amplitude_CZ_(323.2uV>200.0uV),323.22523231858804,239.73371008262578,1.6079434152490601,163.90755779820233,99.01234766287192,323.22523231858804,62.714631374534996,149.68713163069438,72.03530999823951,695.5944789299871,41.617919771582095,Right,1
cellula_MI_data_1993.csv,False,extreme_ptp_amplitude_CZ_(238.7uV>200.0uV),238.70134251017618,197.78009793041716,1.1990647365361875,127.80747985695889,71.37563884773978,238.70134251017618,41.865188016832626,122.58695633420602,59.742881312461,572.5339735807911,36.256580494210546,Left,0
cellula_MI_data_1994.csv,True,CLEAN,155.90381758801306,169.39447423015162,0.922419277001081,88.80745051613839,46.431178665080765,155.90381758801306,32.07148125474792,97.15714203268978,53.25661545838446,491.51682280974023,35.64731661979202,Left,0
cellula_MI_data_1995.csv,True,CLEAN,105.49728151221882,147.81517262413215,0.71210803380694,44.38265366859932,36.29646072546747,105.49728151221882,32.764367601942794,72.21814449333255,49.113530542941774,434.0544775743196,35.874537885934586,Right,1
cellula_MI_data_1996.csv,False,extreme_ptp_amplitude_FZ_(13381.3uV>200.0uV); extreme_ptp_amplitude_C3_(13452.8uV>200.0uV); extreme_ptp_amplitude_CZ_(38665.8uV>200.0uV); extreme_ptp_amplitude_C4_(11831.7uV>200.0uV); statistical_variance_outlier_(z=20181.15),38665.77485199085,2070792.2808610762,20181.15259413974,13381.332239320262,13452.777633315629,38665.77485199085,11831.664979354966,743497.4764594863,751360.1797807713,6207139.517625925,581171.9495781224,Left,0
cellula_MI_data_1997.csv,False,extreme_ptp_amplitude_FZ_(3970.9uV>200.0uV); extreme_ptp_amplitude_C3_(5815.0uV>200.0uV); extreme_ptp_amplitude_CZ_(15617.1uV>200.0uV); extreme_ptp_amplitude_C4_(5831.3uV>200.0uV); statistical_variance_outlier_(z=3220.37),15617.121691563836,330505.34666178393,3220.3669613054326,3970.930129670396,5814.964435177725,15617.121691563836,5831.346245103379,63679.15682666135,136506.0237142768,984577.9458326036,137258.260273594,Right,1
cellula_MI_data_1998.csv,False,extreme_ptp_amplitude_FZ_(13914.3uV>200.0uV); extreme_ptp_amplitude_C3_(22067.3uV>200.0uV); extreme_ptp_amplitude_CZ_(58736.6uV>200.0uV); extreme_ptp_amplitude_C4_(22755.0uV>200.0uV); statistical_variance_outlier_(z=46318.39),58736.55206542872,4752642.817042123,46318.38959201261,13914.342146408082,22067.255157970227,58736.55206542872,22754.954761050405,792393.3472967691,1991369.3491112797,14109808.510334684,2117000.0614257557,Right,1
cellula_MI_data_1999.csv,False,extreme_ptp_amplitude_CZ_(431.4uV>200.0uV),431.4419930040234,358.2390063787831,2.762892571814104,83.53004650947327,165.1428555846341,431.4419930040234,196.8502712813959,68.56858594486663,145.88581842950708,1036.7062768682752,181.79534427248336,Left,0
cellula_MI_data_2000.csv,False,extreme_ptp_amplitude_CZ_(319.5uV>200.0uV),319.53160908439236,225.83536269164676,1.4724905275001128,155.5864896322352,108.0300932704519,319.53160908439236,59.13974897266764,135.93605659630347,77.31240611561651,651.7510081564884,38.341979898178685,Right,1
cellula_MI_data_2001.csv,True,CLEAN,123.28945908894073,121.18487069553038,0.4525698889914801,51.38943889518142,42.83816419169854,123.28945908894073,32.03408203155491,53.39426368399234,44.279787256217936,351.7856327033356,35.279799138575626,Left,0
cellula_MI_data_2002.csv,False,extreme_ptp_amplitude_CZ_(462.0uV>200.0uV),461.99296979327204,450.71640244682055,3.664174572942476,147.83358221885484,167.34496501148928,461.99296979327204,150.1094390605349,146.32573019845418,175.31490769737252,1341.0340543262669,140.1909175651885,Right,1
cellula_MI_data_2003.csv,False,extreme_ptp_amplitude_CZ_(248.2uV>200.0uV),248.18564361363656,168.56662129674513,0.9143510464908744,117.86800841642687,85.77888196411823,248.18564361363656,48.205869236359995,88.56041430620056,60.752817324874506,489.770344968609,35.182908587296446,Left,0
cellula_MI_data_2004.csv,True,CLEAN,95.39849734994355,102.25260663066791,0.26805659636247703,43.67832626365966,33.77263310295939,95.39849734994355,27.744418393249234,50.274759172689414,37.04879879029338,295.0522412429089,26.634627316779994,Right,1
cellula_MI_data_2005.csv,False,extreme_ptp_amplitude_FZ_(4881.9uV>200.0uV); extreme_ptp_amplitude_C3_(8412.4uV>200.0uV); extreme_ptp_amplitude_CZ_(22689.7uV>200.0uV); extreme_ptp_amplitude_C4_(9395.5uV>200.0uV); statistical_variance_outlier_(z=7036.83),22689.729214086976,722099.5129857615,7036.832269163025,4881.883702364925,8412.370684061541,22689.729214086976,9395.511836298161,98464.66634349716,292985.8618746643,2131151.4482853548,365796.0754395298,Right,1
cellula_MI_data_2006.csv,False,extreme_ptp_amplitude_FZ_(5655.1uV>200.0uV); extreme_ptp_amplitude_C3_(2089.5uV>200.0uV); extreme_ptp_amplitude_CZ_(6543.9uV>200.0uV); extreme_ptp_amplitude_C4_(1209.9uV>200.0uV); statistical_variance_outlier_(z=790.99),6543.92543694703,81235.09379160315,790.9863571703098,5655.121567937728,2089.5141522712147,6543.92543694703,1209.919687308875,129065.63908855143,17566.244459193465,172393.10093845613,5915.390680211588,Right,1
cellula_MI_data_2007.csv,True,CLEAN,106.96678387338466,95.65314995993658,0.2037384843972496,50.67241664053147,37.42166777133456,106.96678387338466,27.297641014698183,48.45337496633809,34.57790772857985,274.28586953091474,25.29544761391364,Right,1
cellula_MI_data_2008.csv,True,CLEAN,136.84578709934024,174.080031670574,0.968084582966215,68.40430299712378,53.15279813764906,136.84578709934024,40.18543217282621,80.72110557211404,72.85417748039912,498.3135494414281,44.4312941883547,Right,1
cellula_MI_data_2009.csv,True,CLEAN,131.91746771809056,176.42482695648542,0.9909368893391995,54.44664641095741,50.82245894428905,131.91746771809056,43.92601907222779,78.65665383242842,73.39460868380662,506.1984000455966,47.44964526410998,Left,0
cellula_MI_data_2010.csv,True,CLEAN,116.12482351671223,146.62798239644633,0.7005377125217094,41.6985932802431,42.98547965287547,116.12482351671223,41.62799510078744,64.96326385218968,60.29513714771725,417.66897705311936,43.58455153275897,Right,1
cellula_MI_data_2011.csv,True,CLEAN,109.42283727755957,164.01551415139198,0.8699960891746485,51.14427164056127,41.58278565243174,109.42283727755957,34.48488058327835,74.31213244027704,68.00126180153445,470.5068270658075,43.2418352979489,Right,1
cellula_MI_data_2012.csv,True,CLEAN,111.10587074845304,157.29651241173323,0.80451289445916,68.6607127682344,44.27541723893876,111.10587074845304,37.30057861581206,80.54818869778629,64.8054321541256,444.18258368075993,39.649845114261076,Right,1
cellula_MI_data_2013.csv,False,extreme_ptp_amplitude_FZ_(9934.4uV>200.0uV); extreme_ptp_amplitude_C3_(2850.2uV>200.0uV); extreme_ptp_amplitude_CZ_(5366.0uV>200.0uV); extreme_ptp_amplitude_C4_(7426.7uV>200.0uV); statistical_variance_outlier_(z=1974.35),9934.399319105858,202656.4042513065,1974.3549026064009,9934.399319105858,2850.21735027353,5365.955763668491,7426.71686674957,419575.4561847268,34389.76567479175,121711.84885490093,234948.54629080644,Left,0
cellula_MI_data_2014.csv,True,CLEAN,149.46694308277273,156.31269676138572,0.7949246558647877,60.99817132943848,56.98998877697558,149.46694308277273,36.54827794995456,77.05734121215383,64.5278358791238,444.8114065509829,38.85420340328236,Right,1
cellula_MI_data_2015.csv,True,CLEAN,135.12617681994817,164.52693156660285,0.8749803483665275,55.39490194734617,51.64755906935981,135.12617681994817,38.96166597218541,75.40288123739569,67.95210534680042,472.40415610976555,42.34858357244977,Right,1
cellula_MI_data_2016.csv,True,CLEAN,144.73266907582564,156.72387193315978,0.7989319570798671,57.07305649029295,54.81700191506553,144.73266907582564,40.559299662635965,73.22206308420165,64.15652130384734,446.6477047572228,42.86919858736736,Right,1
cellula_MI_data_2017.csv,False,extreme_ptp_amplitude_FZ_(540.0uV>200.0uV); extreme_ptp_amplitude_C3_(533.2uV>200.0uV); extreme_ptp_amplitude_CZ_(520.2uV>200.0uV); extreme_ptp_amplitude_C4_(552.9uV>200.0uV); statistical_variance_outlier_(z=13.03),552.9373524835158,1411.6265644027428,13.02917694644195,539.9720415546262,533.2059565463674,520.2406456174779,552.9373524835158,1435.851347675022,1387.7501607015658,1335.0888172378418,1487.8159319965414,Left,0
cellula_MI_data_2018.csv,True,CLEAN,108.7921560350367,329.50409627009435,2.4828429771439744,107.48118629952808,105.03256827552059,103.64236368563184,108.7921560350367,339.81205054600696,321.34127837518264,318.4225762646444,338.4404798945435,Right,1
cellula_MI_data_2019.csv,True,CLEAN,105.33999370170531,341.6078913166653,2.6008062101571015,105.33999370170531,102.21290953119029,102.80278752369256,104.66861812535356,351.70124152766795,333.7121829905484,337.9998975599356,343.0182431885094,Right,1
cellula_MI_data_2020.csv,True,CLEAN,179.26222908182066,408.66087140150006,3.2543025956740395,179.26222908182066,112.05670509841644,142.42228873484876,133.72778973822463,468.36886039476667,362.3471649077492,403.2128904807817,400.7145698227027,Right,1
cellula_MI_data_2021.csv,True,CLEAN,98.57040395293278,317.7564733091822,2.3683509868751007,98.57040395293278,90.1569428356994,92.23436458372394,91.95037185051409,334.87839470197343,303.4953369305066,316.9440761465739,315.70808545767477,Right,1
cellula_MI_data_2022.csv,False,extreme_ptp_amplitude_C3_(223.3uV>200.0uV); extreme_ptp_amplitude_CZ_(209.3uV>200.0uV); extreme_ptp_amplitude_C4_(204.6uV>200.0uV),223.2515164824191,428.24900761267264,3.4452079990851825,191.49404072190802,223.2515164824191,209.25766647801106,204.63642032119444,418.3739719656074,442.45703340731717,434.06223531592906,418.1027897618369,Right,1
cellula_MI_data_2023.csv,True,CLEAN,95.16421783924957,317.1181903270743,2.362130299573556,95.16421783924957,89.00759588488064,93.04206709224162,90.7152014050619,330.7910163158011,306.02203150577026,325.75489884975894,305.90481463696693,Left,0
cellula_MI_data_2024.csv,True,CLEAN,115.84168158331725,308.41375825447545,2.2772971588209114,112.2502067273182,114.06856621315225,115.84168158331725,110.4770913571532,322.7932482736423,296.60359920955597,320.30800238954515,293.9501831451585,Right,1
cellula_MI_data_2025.csv,False,extreme_ptp_amplitude_FZ_(2012.1uV>200.0uV); extreme_ptp_amplitude_C3_(4849.8uV>200.0uV); extreme_ptp_amplitude_CZ_(1881.6uV>200.0uV); extreme_ptp_amplitude_C4_(1015.5uV>200.0uV); statistical_variance_outlier_(z=329.23),4849.762434239496,33855.41160511588,329.2253583804379,2012.1375730326904,4849.762434239496,1881.6022470293524,1015.4853220645554,16720.626101603928,99117.36996899087,15051.00431194677,4532.646037921959,Left,0
cellula_MI_data_2026.csv,False,extreme_ptp_amplitude_FZ_(33895.9uV>200.0uV); extreme_ptp_amplitude_C3_(34354.7uV>200.0uV); extreme_ptp_amplitude_CZ_(37031.1uV>200.0uV); extreme_ptp_amplitude_C4_(31219.1uV>200.0uV); statistical_variance_outlier_(z=48415.23),37031.10182144596,4967792.672597271,48415.23380045637,33895.91438104581,34354.69900813242,37031.10182144596,31219.086062533624,4883157.20114243,5016752.474070459,5828737.777575714,4142523.237600484,Left,0
cellula_MI_data_2027.csv,False,extreme_ptp_amplitude_FZ_(48459.9uV>200.0uV); extreme_ptp_amplitude_C3_(51217.3uV>200.0uV); extreme_ptp_amplitude_CZ_(54865.7uV>200.0uV); extreme_ptp_amplitude_C4_(44811.5uV>200.0uV); statistical_variance_outlier_(z=99739.40),54865.695363267776,10233985.850322833,99739.39870294897,48459.907432911554,51217.308112375846,54865.695363267776,44811.520182019616,9623361.933410766,10748843.704287652,12335092.224816047,8228645.538776866,Right,1
cellula_MI_data_2028.csv,False,extreme_ptp_amplitude_FZ_(280.6uV>200.0uV); extreme_ptp_amplitude_C3_(277.1uV>200.0uV); extreme_ptp_amplitude_CZ_(302.6uV>200.0uV); extreme_ptp_amplitude_C4_(255.0uV>200.0uV),302.62891245227195,480.8898055723392,3.9582436785411326,280.5858044157621,277.05247555104415,302.62891245227195,255.0093675145342,492.2597589097891,468.38820981951403,560.9970250561738,401.91422850387994,Left,0
cellula_MI_data_2029.csv,True,CLEAN,109.29691221346414,292.2027252007243,2.119304904148281,88.71110985954138,106.39954225696762,109.29691221346414,85.03862004460515,300.0939931452053,285.94184076324706,342.6527636258275,240.12230326861734,Left,0
cellula_MI_data_2030.csv,True,CLEAN,98.39212540264077,258.59718085984633,1.7917862505059234,95.60275711047169,85.70204052441477,98.39212540264077,82.91267223224568,265.80529222558255,250.77053682004228,309.8707728138296,207.94212157993084,Right,1
cellula_MI_data_2031.csv,True,CLEAN,118.33917994017278,274.2612448810895,1.9444477609628386,105.52609295192758,108.30413619397939,118.33917994017278,95.17481772629847,283.67535599946535,264.22760784163864,325.00742758247264,224.13458810078143,Right,1
cellula_MI_data_2032.csv,True,CLEAN,172.9960014049997,331.9234997467143,2.506422412764552,149.40677476022614,159.7280496547017,172.9960014049997,136.1388230099281,332.10876976775666,330.20931027059015,398.20223649313124,267.17368245537904,Left,0
cellula_MI_data_2033.csv,False,extreme_ptp_amplitude_FZ_(507.0uV>200.0uV); extreme_ptp_amplitude_C3_(510.1uV>200.0uV); extreme_ptp_amplitude_CZ_(561.7uV>200.0uV); extreme_ptp_amplitude_C4_(455.4uV>200.0uV); statistical_variance_outlier_(z=10.81),561.7015886850317,1183.7949249118983,10.808736442152739,506.99781774841694,510.10141149773006,561.7015886850317,455.39764056111517,1179.8314837612334,1177.2221230440505,1429.3915452278513,948.7345476144578,Left,0
cellula_MI_data_2034.csv,True,CLEAN,129.9418956218552,278.4576131527048,1.9853454435763338,115.9961988257225,118.69377349988886,129.9418956218552,104.74807670375621,287.64966061324793,268.4593938664337,329.4010483805364,228.3203497506013,Right,1
cellula_MI_data_2035.csv,False,extreme_ptp_amplitude_FZ_(418.6uV>200.0uV); extreme_ptp_amplitude_C3_(390.2uV>200.0uV); extreme_ptp_amplitude_CZ_(430.5uV>200.0uV); extreme_ptp_amplitude_C4_(378.2uV>200.0uV); statistical_variance_outlier_(z=8.46),430.4587466533893,943.0505909574044,8.462449194756761,418.6346485008421,390.21619142387306,430.4587466533893,378.18029093476105,994.9574777785255,880.3352157043385,1089.7825439585713,807.1271263881827,Right,1
cellula_MI_data_2036.csv,True,CLEAN,90.88045137897184,225.79864117603483,1.4721326406814694,88.8235512464625,82.34253788482292,90.88045137897184,79.85499038761878,235.617130948745,215.82186135318307,261.7756054574859,189.97996694472548,Left,0
cellula_MI_data_2037.csv,True,CLEAN,115.68467400564383,240.7981330714677,1.6183172506101324,106.67308134271867,104.33636076379543,115.68467400564383,94.77488324535267,250.62130289348354,230.0468008440447,287.3351384685861,195.18929007975657,Right,1
cellula_MI_data_2038.csv,False,extreme_ptp_amplitude_FZ_(764.3uV>200.0uV); extreme_ptp_amplitude_C3_(654.0uV>200.0uV); extreme_ptp_amplitude_CZ_(745.5uV>200.0uV); extreme_ptp_amplitude_C4_(672.5uV>200.0uV); statistical_variance_outlier_(z=24.37),764.2692694592965,2575.236538744119,24.36968577127683,764.2692694592965,654.0364338928337,745.5246460227165,672.5020934811846,2961.97958516753,2196.722992944411,2849.15484699976,2293.088729864776,Right,1
cellula_MI_data_2039.csv,False,extreme_ptp_amplitude_FZ_(207.7uV>200.0uV); extreme_ptp_amplitude_CZ_(209.7uV>200.0uV),209.67822349627284,359.8330798051983,2.7784283648704746,207.72914533460602,185.23307896141483,209.67822349627284,183.28400079974804,379.7046792274287,338.57624669797906,422.95990980537727,298.0914834900082,Right,1
cellula_MI_data_2040.csv,False,extreme_ptp_amplitude_FZ_(19904.3uV>200.0uV); extreme_ptp_amplitude_C3_(21323.6uV>200.0uV); extreme_ptp_amplitude_CZ_(23275.8uV>200.0uV); extreme_ptp_amplitude_C4_(17952.1uV>200.0uV); statistical_variance_outlier_(z=17267.92),23275.752081838153,1771876.0545675284,17267.923783010792,19904.27674419316,21323.5678409685,23275.752081838153,17952.092503323514,1637368.0165897612,1879185.9967489596,2239005.422788545,1331944.7821428475,Left,0
cellula_MI_data_2041.csv,True,CLEAN,105.3792742761982,234.38442837594144,1.5558094719700692,105.3792742761982,91.98219198183298,102.47455200958905,90.91825492208727,250.09928099064072,218.70234658070746,275.6881361662783,193.04794976613937,Left,0
cellula_MI_data_2042.csv,False,extreme_ptp_amplitude_FZ_(8968.9uV>200.0uV); extreme_ptp_amplitude_C3_(8027.9uV>200.0uV); extreme_ptp_amplitude_CZ_(9154.2uV>200.0uV); extreme_ptp_amplitude_C4_(7842.5uV>200.0uV); statistical_variance_outlier_(z=2597.30),9154.238773463929,266574.2263348926,2597.2961298104888,8968.915080460407,8027.870690117133,9154.238773463929,7842.546997113612,295633.3475101489,236755.60037703448,307869.2087100451,226038.74874234208,Left,0
cellula_MI_data_2043.csv,False,extreme_ptp_amplitude_FZ_(694.3uV>200.0uV); extreme_ptp_amplitude_C3_(681.2uV>200.0uV); extreme_ptp_amplitude_CZ_(764.6uV>200.0uV); extreme_ptp_amplitude_C4_(610.9uV>200.0uV); statistical_variance_outlier_(z=19.99),764.5522495485912,2125.7180766959773,19.988691969063527,694.3210046701789,681.1505471622992,764.5522495485912,610.9193022838869,2151.628405047996,2074.698808750487,2609.534949398991,1667.010143586437,Right,1
cellula_MI_data_2044.csv,False,extreme_ptp_amplitude_FZ_(328.1uV>200.0uV); extreme_ptp_amplitude_C3_(352.8uV>200.0uV); extreme_ptp_amplitude_CZ_(385.5uV>200.0uV); extreme_ptp_amplitude_C4_(295.3uV>200.0uV); statistical_variance_outlier_(z=5.16),385.5467233211557,604.1122120174876,5.159165652847474,328.1264231791168,352.75970711114724,385.5467233211557,295.3394069691084,578.2510751856288,622.3339879636746,750.334442662877,465.5293422577702,Left,0
cellula_MI_data_2045.csv,True,CLEAN,117.70745133326378,240.39355817969812,1.614374275531205,94.43751396386925,107.67390220071357,117.70745133326378,84.403964831319,247.6138612262608,231.93324860257997,287.5437820689966,194.48334082095508,Left,0
cellula_MI_data_2046.csv,True,CLEAN,162.85714283075976,274.97043814674623,1.9513595378168023,109.43458614204235,103.57040860467526,162.85714283075976,77.47329091846356,267.51875727993615,240.55227175620016,393.7588004020613,198.05192314878735,Right,1
cellula_MI_data_2047.csv,False,extreme_ptp_amplitude_FZ_(210.7uV>200.0uV); extreme_ptp_amplitude_CZ_(203.8uV>200.0uV),210.6592454067198,362.6245465164744,2.8056339179093075,210.6592454067198,179.46820796837378,203.79482647401773,186.33262690107597,389.3075099081692,326.06585463926075,438.6282249132345,296.4965966052332,Left,0
cellula_MI_data_2048.csv,True,CLEAN,126.14834418832146,247.32176131376465,1.6818963409265295,113.1735010234443,114.13605358402967,126.14834418832146,100.91299567022567,258.2851406188952,235.24923936551662,291.34994304239785,204.402722228249,Right,1
cellula_MI_data_2049.csv,False,extreme_ptp_amplitude_C3_(207.5uV>200.0uV); extreme_ptp_amplitude_CZ_(226.2uV>200.0uV),226.20380239711682,310.090551989502,2.293639141589029,189.60150793823655,207.45359802307718,226.20380239711682,170.85130356419694,311.4956484002751,306.54777976390056,369.29604035510533,253.02273943872697,Left,0
cellula_MI_data_2050.csv,True,CLEAN,98.96463403444852,216.54009112852873,1.3818990823292834,95.77645901347032,89.55091149366513,98.96463403444852,86.36273647268695,230.76724187801926,202.0368636165651,245.48369241453028,187.8725666050002,Right,1
cellula_MI_data_2051.csv,True,CLEAN,78.48572730749513,211.46547090546284,1.3324419818477085,75.53994466094296,71.26095148241924,78.48572730749513,68.28427117743246,221.94023403864196,200.49245195882585,242.78655460907407,180.6426430153094,Right,1
cellula_MI_data_2052.csv,True,CLEAN,84.87505761825112,216.43855310924337,1.380909495758909,84.87505761825112,76.50587350856748,84.68400183755577,76.56149325072347,229.29735328078164,203.26503608432864,246.5090693930176,186.68275367884567,Right,1
cellula_MI_data_2053.csv,True,CLEAN,58.7737623317685,31.36201520564769,-0.42284103719231203,58.7737623317685,34.64906994194388,6.265287753117434,38.773706007340785,70.05719697113834,8.955765394594263,0.7102397078017703,45.72485874905638,Left,0
cellula_MI_data_2054.csv,False,extreme_ptp_amplitude_FZ_(221.2uV>200.0uV),221.22347960624074,95.01016882922158,0.19747200907659673,221.22347960624074,34.86851153506627,24.953749234420968,163.41438607036682,239.32442087421958,5.836848830125065,3.0540256295897525,131.82537998295194,Right,1
cellula_MI_data_2055.csv,True,CLEAN,51.21294834122653,20.226853196062503,-0.5313640009174578,51.21294834122653,7.953785453279146,6.5024707148293,37.09552128417053,51.81857661830841,1.7861814264962945,1.148210989665379,26.154443749779933,Left,0
cellula_MI_data_2056.csv,True,CLEAN,37.0776009716479,18.10643316926894,-0.552029552568319,37.0776009716479,9.255941850570135,7.839258033347733,33.22152969813119,45.30783143662485,1.717347425817196,1.164099929370263,24.23645388526345,Left,0
cellula_MI_data_2057.csv,True,CLEAN,70.68547492885119,21.842051396456068,-0.5156223264308769,70.68547492885119,17.944916018099075,14.596735732521875,39.71424857293006,57.85389482953672,2.56505324016425,1.7300806365476855,25.219176879575613,Left,0
cellula_MI_data_2058.csv,True,CLEAN,38.47227623680966,18.744795662333743,-0.5458080903553103,38.47227623680966,7.2013107142825525,5.846355941948582,27.99028650201042,48.64239014975646,1.8130934373355947,1.1604838611099075,23.363215201133013,Left,0
cellula_MI_data_2059.csv,False,extreme_ptp_amplitude_FZ_(911.5uV>200.0uV); extreme_ptp_amplitude_C3_(1767.9uV>200.0uV); extreme_ptp_amplitude_CZ_(1360.6uV>200.0uV); extreme_ptp_amplitude_C4_(2218.6uV>200.0uV); statistical_variance_outlier_(z=110.43),2218.563558312127,11405.206354087335,110.42631369817676,911.5025597265608,1767.895629478356,1360.6262681304652,2218.563558312127,3573.4935211299958,13275.124684754395,7862.811317023151,20909.395893441797,Left,0
cellula_MI_data_2060.csv,False,extreme_ptp_amplitude_FZ_(8862.1uV>200.0uV); extreme_ptp_amplitude_C3_(1811.4uV>200.0uV); extreme_ptp_amplitude_CZ_(1450.6uV>200.0uV); extreme_ptp_amplitude_C4_(5601.2uV>200.0uV); statistical_variance_outlier_(z=1138.22),8862.142193971891,116863.4157264464,1138.2189421649887,8862.142193971891,1811.3798112216919,1450.5684042988903,5601.179270508814,318452.33101247746,13304.917641360262,8532.750979124707,127163.66327282319,Right,1
cellula_MI_data_2061.csv,True,CLEAN,133.80959644247295,40.24493933292075,-0.3362683180879596,133.80959644247295,20.752002877448795,15.763188819597069,97.84342813291369,102.96342791015549,3.01546005520615,1.7900868242375174,53.210782542083834,Left,0
cellula_MI_data_2062.csv,True,CLEAN,34.01282678619111,10.93077313400618,-0.6219633256953261,30.080868439103515,14.60620013745947,10.65948564977928,34.01282678619111,19.26219126187407,2.514478330558653,2.0841650138280277,19.862257929763977,Right,1
cellula_MI_data_2063.csv,True,CLEAN,36.37023215023894,11.50377045911474,-0.6163789105001243,36.37023215023894,12.23452897202291,13.640224996388824,34.6284665310793,22.64780275768088,1.718043805991904,2.3615572677327332,19.28767800505344,Right,1
cellula_MI_data_2064.csv,True,CLEAN,23.85049957200216,10.848639179013635,-0.6227638008218296,23.735880181491687,8.32158203256845,8.01322449968876,23.85049957200216,20.746822173039945,1.756199003009193,2.079295340231097,18.8122401997743,Right,1
cellula_MI_data_2065.csv,True,CLEAN,31.21744886099721,10.9553743896571,-0.6217235625762714,30.06537507342808,19.68142260350067,11.992599155945046,31.21744886099721,20.07586509389417,2.55650655303162,2.263948397693824,18.925177514008787,Left,0
cellula_MI_data_2066.csv,False,extreme_ptp_amplitude_FZ_(3049.7uV>200.0uV); extreme_ptp_amplitude_C3_(2396.1uV>200.0uV); extreme_ptp_amplitude_CZ_(1310.6uV>200.0uV); extreme_ptp_amplitude_C4_(4135.1uV>200.0uV); statistical_variance_outlier_(z=331.41),4135.123193376518,34079.82538399596,331.4124885150387,3049.7104414913592,2396.060356094616,1310.6476042094566,4135.123193376518,37455.732546954685,23107.984020321903,6918.956311578785,68836.62865712846,Right,1
cellula_MI_data_2067.csv,True,CLEAN,31.032846058385058,13.985582325960996,-0.5921912445311379,22.2358183864322,18.002668937744147,9.121232630194442,31.032846058385058,14.285606217602606,9.990844339328916,2.332340790138122,29.33353795677434,Right,1
cellula_MI_data_2068.csv,True,CLEAN,32.00543931434823,14.614069789849893,-0.5860660240640615,23.550154222748784,18.40125716741956,9.191741669215777,32.00543931434823,16.08879528623467,9.445295410387104,2.4305620714992657,30.491626391278533,Right,1
cellula_MI_data_2069.csv,True,CLEAN,30.915248247641166,14.680332476867678,-0.5854202298516943,26.39823036992128,16.66524909211526,9.108090634549571,30.915248247641166,19.950767211804546,7.15035521264804,2.5546772498998074,29.065530233118317,Left,0
cellula_MI_data_2070.csv,True,CLEAN,34.88889522936565,18.08176992449235,-0.552269919831582,34.88889522936565,26.848505893137627,11.303160493257408,33.10738572865391,29.975467542684125,7.491600130886803,3.3487709292820234,31.51124109511644,Left,0
cellula_MI_data_2071.csv,True,CLEAN,39.614012588755585,19.907777655322413,-0.5344737018183977,38.2505625066206,10.966252987801598,7.987908621283076,39.614012588755585,48.176371217045755,2.188658923841852,1.44818956650252,27.81789091389952,Left,0
cellula_MI_data_2072.csv,True,CLEAN,46.38385851544703,16.474422967034837,-0.5679350763338162,46.38385851544703,10.601582498554446,7.943993479276482,31.337251336414194,41.55821751536795,1.7605397931236686,1.3370145698120632,21.24191998983567,Right,1
cellula_MI_data_2073.csv,False,extreme_ptp_amplitude_FZ_(308.9uV>200.0uV),308.8686701374896,143.018397704867,0.6653588055412892,308.8686701374896,76.09069190401274,69.96910712039687,162.80887111308007,408.16948256042195,24.072051170946615,20.298393502258474,119.53366358584098,Left,0
cellula_MI_data_2074.csv,True,CLEAN,54.8139152796112,18.93337283151371,-0.5439702227721811,54.8139152796112,9.629578264947272,9.014752698325779,36.16958431633813,50.12758210212516,1.7066909537352786,1.4783184981387107,22.420899772055698,Right,1
cellula_MI_data_2075.csv,False,extreme_ptp_amplitude_FZ_(49906.9uV>200.0uV); extreme_ptp_amplitude_C3_(10801.7uV>200.0uV); extreme_ptp_amplitude_CZ_(7988.1uV>200.0uV); extreme_ptp_amplitude_C4_(31117.0uV>200.0uV); statistical_variance_outlier_(z=37141.54),49906.90908109846,3811038.3719917955,37141.540171620625,49906.90908109846,10801.739849165715,7988.126220137504,31117.04301179525,10432424.788803788,488684.53541361797,267256.4020170639,4055787.761732712,Right,1
cellula_MI_data_2076.csv,True,CLEAN,45.509360676367834,17.81295271593777,-0.5548898044949172,45.509360676367834,9.710511267352368,7.653110186976708,28.840746021460014,47.47761253980593,2.008134832837361,1.311827012662102,20.45423647844568,Right,1
cellula_MI_data_2077.csv,True,CLEAN,38.55206232318811,18.1841687008269,-0.5512719443481461,38.55206232318811,8.693405337252404,6.869664937915903,24.023356199258934,48.365037698866296,2.0223719081836853,1.2605859968938435,21.088679199363764,Left,0
cellula_MI_data_2078.csv,True,CLEAN,36.5476511637162,16.363524971804335,-0.5690158849563789,36.5476511637162,7.2351622002307625,5.580306555664851,24.603470347955778,43.148652041297574,1.7541385344095586,1.0612722021742387,19.490037109335976,Left,0
cellula_MI_data_2079.csv,False,extreme_ptp_amplitude_FZ_(206.0uV>200.0uV),206.00087136286206,93.97551364433018,0.18738828986340972,206.00087136286206,23.852874615447384,14.579866280599497,171.60282364036811,226.0111565902838,3.942735363480408,1.801313326991376,144.14684929656514,Right,1
cellula_MI_data_2080.csv,True,CLEAN,171.02519474857448,55.60672784689298,-0.1865527758964659,171.02519474857448,40.10720690948632,31.065267455092247,101.04428784780289,152.657781358014,7.681184327118419,4.581256993048879,57.506688709390616,Left,0
cellula_MI_data_2081.csv,True,CLEAN,123.44267721124059,33.645708926574166,-0.4005842248871017,123.44267721124059,26.196179481796563,21.864873393464045,75.38162433598004,91.0102222990677,3.9159946847283527,2.565751113896882,37.09086760860374,Left,0
cellula_MI_data_2082.csv,True,CLEAN,96.99919250260596,29.351177145028245,-0.4424386062013575,96.99919250260596,24.587786827945905,21.501670828972095,51.403328847030025,79.8752756404762,3.9945666646314026,2.7779197526493715,30.756946522356,Left,0
cellula_MI_data_2083.csv,True,CLEAN,39.51096590789878,16.162299527594904,-0.5709770222585321,39.51096590789878,7.804527381302208,6.219376457679875,26.556348576472395,42.1765091871173,1.544698616027024,0.9518494362969843,19.976140870938313,Left,0
cellula_MI_data_2084.csv,True,CLEAN,35.745606126057396,17.22986783011361,-0.56057253276223,35.745606126057396,7.022076404184068,4.856684803213785,24.763544229457857,44.578943791444736,1.6190860694321754,0.8415653516691131,21.879876107908412,Right,1
cellula_MI_data_2085.csv,True,CLEAN,34.63168316235974,14.71106323906831,-0.5851207287408281,34.63168316235974,6.433067758887548,5.012106915452975,25.49540156742433,37.52272848003997,1.2733206640577581,0.7368782414070323,19.311325570768474,Left,0
cellula_MI_data_2086.csv,False,extreme_ptp_amplitude_FZ_(10131.0uV>200.0uV); extreme_ptp_amplitude_C3_(2252.0uV>200.0uV); extreme_ptp_amplitude_CZ_(1559.4uV>200.0uV); extreme_ptp_amplitude_C4_(6319.7uV>200.0uV); statistical_variance_outlier_(z=1509.37),10131.035052247673,154946.12101155941,1509.371875607193,10131.035052247673,2251.958963581247,1559.37959704097,6319.696491625454,423891.16885025497,20951.400687092555,10051.899437242391,164890.0150716477,Right,1
cellula_MI_data_2087.csv,True,CLEAN,47.640418256020205,17.29472299038536,-0.5599404562644203,47.640418256020205,9.681769038680889,6.045749928128281,32.614212576695785,44.431193082079446,1.5231717861382101,0.781165487701319,22.443361605622478,Left,0
cellula_MI_data_2088.csv,True,CLEAN,43.679788463194996,17.200809778556707,-0.5608557316840164,43.679788463194996,7.517434365772386,5.61873550014079,31.650233585091968,45.07702296993297,1.8415059280409218,0.8959018075477044,20.988808408705232,Left,0
cellula_MI_data_2089.csv,False,extreme_ptp_amplitude_FZ_(244.2uV>200.0uV); extreme_ptp_amplitude_C4_(222.1uV>200.0uV),244.23495684810794,123.96733155278366,0.4796876712400371,244.23495684810794,26.651832538437684,8.152958653136054,222.14656000983896,272.75777894035775,4.291296648340938,1.286564567487587,217.53368605494833,Right,1
cellula_MI_data_2090.csv,True,CLEAN,30.377824517191893,13.367310728852813,-0.5982169014589404,30.377824517191893,7.425919145451616,7.53919440787697,23.43338014255565,34.5567583110068,1.9200617245104301,1.1619850564040923,15.830437823489923,Right,1
cellula_MI_data_2091.csv,True,CLEAN,33.66193791660589,16.057418154882118,-0.5719991930537621,33.66193791660589,7.606003728375649,5.751084937676243,21.80643907655044,42.34312295593029,2.283141524818461,1.3236206096768492,18.27978752910287,Right,1
cellula_MI_data_2092.csv,True,CLEAN,80.5029828096587,20.21089326289309,-0.5315195459599914,80.5029828096587,22.934471760542337,21.251110358470168,37.32268689357795,55.727142315920744,3.7508735876459394,2.719269664702639,18.646287483303045,Left,0
cellula_MI_data_2093.csv,True,CLEAN,41.05376494747878,13.665340253968054,-0.5953123144115977,41.05376494747878,9.379848898857166,7.0036945774313715,26.272460945464537,36.2220371672512,1.9556245099375218,1.1360085569179381,15.347690781765559,Left,0
cellula_MI_data_2094.csv,False,extreme_ptp_amplitude_FZ_(8242.0uV>200.0uV); extreme_ptp_amplitude_C3_(2679.4uV>200.0uV); extreme_ptp_amplitude_CZ_(2587.5uV>200.0uV); extreme_ptp_amplitude_C4_(2975.2uV>200.0uV); statistical_variance_outlier_(z=945.45),8241.953391256946,97084.04918907027,945.4498135798542,8241.953391256946,2679.408012937077,2587.500225298001,2975.154411683725,290981.18286836473,30741.959461156384,28664.532924551964,37948.52150220795,Right,1
cellula_MI_data_2095.csv,True,CLEAN,36.041258788932,14.427400562051613,-0.5878852969062093,36.041258788932,8.395011721804277,6.536180170306732,22.994348042295584,38.09154596068561,1.856748947531011,1.1497838162281746,16.611523523761665,Left,0
cellula_MI_data_2096.csv,True,CLEAN,34.953695992189,13.503441236089039,-0.596890177511326,34.953695992189,7.516017905099805,5.808520550095114,23.826560138803888,35.31239899199839,1.64273969002557,1.0318617094350158,16.026764552897173,Right,1
cellula_MI_data_2097.csv,True,CLEAN,33.175966576867815,13.050164160424972,-0.6013078026520638,33.175966576867815,7.2717258970336704,5.379237855723886,21.241420484852803,34.17293413114754,1.6919140847158305,1.0375594875576843,15.298248938278823,Left,0
cellula_MI_data_2098.csv,False,flatline_dead_channel_C3_(var=3.1960e-01),29.350122770730714,11.914856549705917,-0.6123724774676516,29.350122770730714,3.7746241011436226,6.362055373404129,23.848782831618077,28.27651922135871,0.3195992014033636,1.1878487461355545,17.875459029926038,Right,1
cellula_MI_data_2099.csv,False,extreme_ptp_amplitude_FZ_(3286.5uV>200.0uV); extreme_ptp_amplitude_C3_(1274.9uV>200.0uV); extreme_ptp_amplitude_CZ_(678.0uV>200.0uV); extreme_ptp_amplitude_C4_(5239.4uV>200.0uV); statistical_variance_outlier_(z=420.57),5239.359233098389,43227.48583541288,420.56532010244825,3286.5362014930456,1274.9311908097538,678.0005334888082,5239.359233098389,46327.7925069,6962.113840112007,1969.6711522334904,117650.36584240604,Right,1
cellula_MI_data_2100.csv,True,CLEAN,145.83450758983145,41.32443099020907,-0.32574762392431333,145.83450758983145,8.19884750185723,27.85004863236324,110.32641667722208,101.85438612342244,0.5796488365371808,3.816897827758285,59.046791173118386,Right,1
cellula_MI_data_2101.csv,True,CLEAN,33.37062722851697,10.533726429746162,-0.6258329312786581,33.37062722851697,5.798574636309496,6.4525432160166964,23.60374385475742,26.213525987291565,0.515342030911948,1.121804458002084,14.28423324277905,Right,1
cellula_MI_data_2102.csv,True,CLEAN,55.42500466992064,15.148809823042171,-0.5808544633185101,55.42500466992064,5.61448380722009,7.252326910591357,43.43682938506741,37.857612406682435,0.7695423960894399,1.122033701199501,20.84605078819731,Right,1
cellula_MI_data_2103.csv,True,CLEAN,32.06482013438816,11.20465851296843,-0.6192940467912219,32.06482013438816,6.330786938139976,6.288581543897607,22.766194829493422,28.92053141149411,1.1863645957559077,0.9340539782109346,13.777684066412773,Right,1
cellula_MI_data_2104.csv,True,CLEAN,104.28018879421974,24.01763266915139,-0.4944191748885299,104.28018879421974,26.01788647309398,32.22529013350155,47.84105573963482,67.07253931023814,3.5131620380010413,4.808119913094747,20.67670941527163,Left,0
cellula_MI_data_2105.csv,False,extreme_ptp_amplitude_FZ_(3019.7uV>200.0uV); extreme_ptp_amplitude_C3_(328.4uV>200.0uV); extreme_ptp_amplitude_CZ_(309.9uV>200.0uV); extreme_ptp_amplitude_C4_(3656.1uV>200.0uV); statistical_variance_outlier_(z=228.15),3656.05153279173,23483.92157456431,228.14511945868847,3019.653602128873,328.37376574431164,309.860039465986,3656.05153279173,37770.41073890111,443.8775904955368,395.62224157301324,55325.77572728757,Right,1
cellula_MI_data_2106.csv,False,extreme_ptp_amplitude_FZ_(4449.8uV>200.0uV); extreme_ptp_amplitude_C3_(288.6uV>200.0uV); extreme_ptp_amplitude_CZ_(600.4uV>200.0uV); extreme_ptp_amplitude_C4_(3561.3uV>200.0uV); statistical_variance_outlier_(z=310.29),4449.763203271783,31912.384842556537,310.2886763017485,4449.763203271783,288.61386610397767,600.3902981549113,3561.2718158333214,76762.42122922739,322.51118265461616,1396.872897543192,49167.73406080096,Right,1
cellula_MI_data_2107.csv,True,CLEAN,31.730089089442615,13.641297816198662,-0.5955466313079003,31.730089089442615,9.294586261253716,5.6238323127136525,22.50746035657959,34.35743082286255,1.0481554723330833,0.7555788388889847,18.404026130710033,Left,0
cellula_MI_data_2108.csv,True,CLEAN,151.38163299817663,42.34792176572913,-0.31577271271878504,151.38163299817663,19.072132583202887,21.884199103817835,110.92843610614287,107.73088874811155,2.1059847780857694,2.398437905232109,57.1563756314871,Right,1
cellula_MI_data_2109.csv,True,CLEAN,39.18669143152894,12.333384361138528,-0.6082935176412054,39.18669143152894,7.971178982615406,7.8300300244496555,25.18252023588505,31.41040667766793,0.870316989220426,0.9349843300564811,16.117829447609278,Right,1
cellula_MI_data_2110.csv,True,CLEAN,31.330582197496703,10.469822084938286,-0.6264557411567269,31.330582197496703,5.910321577573312,6.210938954867119,21.184905640149125,27.08893572488795,0.8229467499303017,0.890876782629118,13.076529082305774,Right,1
cellula_MI_data_2111.csv,True,CLEAN,116.85506802170767,32.09362363320879,-0.41571080282509953,116.85506802170767,13.608028095526358,8.30594316228402,95.32564680659294,77.62145427842422,1.598608984518091,1.0308477042660456,48.1235835656268,Right,1
cellula_MI_data_2112.csv,True,CLEAN,26.729110202850805,10.092030792617344,-0.6301376840576859,26.729110202850805,7.265010918029032,5.158942398648097,18.40502890263999,26.52350870596655,1.2678874203460155,0.8006328672192733,11.776094176937535,Right,1
cellula_MI_data_2113.csv,True,CLEAN,33.75851725434276,11.711362810484257,-0.6143557215067446,33.75851725434276,7.684460173911386,5.625424741858772,23.62156932088104,30.353476834382768,1.1788190977426627,0.7527361091282827,14.560419200683315,Right,1
cellula_MI_data_2114.csv,True,CLEAN,158.01688012077673,45.18156281359104,-0.28815612982735583,158.01688012077673,58.975660619395455,38.17740094945752,62.56159558389173,130.183793053359,16.40272038761965,6.92125885909306,27.218478954292454,Left,0
cellula_MI_data_2115.csv,True,CLEAN,30.13611524590975,11.252227958462875,-0.6188304363647751,30.13611524590975,7.953358110764626,4.941319434415508,20.211227884757974,29.690631385811656,1.674998926213953,0.7174052893280712,12.925876232497822,Left,0
cellula_MI_data_2116.csv,False,extreme_ptp_amplitude_FZ_(3696.9uV>200.0uV); extreme_ptp_amplitude_C3_(1987.2uV>200.0uV); extreme_ptp_amplitude_CZ_(1710.4uV>200.0uV); statistical_variance_outlier_(z=200.89),3696.9158319100716,20687.45534995719,200.89084130895014,3696.9158319100716,1987.2042926649137,1710.3736414979408,19.263149881844424,55028.145966946766,15915.67768133767,11795.034794229243,10.962957315078015,Right,1
cellula_MI_data_2117.csv,True,CLEAN,62.11430895596596,12.513961298007448,-0.6065336200885202,62.11430895596596,21.00141530325968,10.392136790997604,31.791380378003982,35.16415557391845,3.975930831846419,1.1959081820492652,9.71985060421566,Right,1
cellula_MI_data_2118.csv,True,CLEAN,31.627559346549273,7.683378963350736,-0.6536123344371773,31.627559346549273,10.555036117979796,5.191377447613569,18.011531335262106,21.37999377645496,2.7043460928138345,0.8458195719541143,5.803356412180036,Left,0
cellula_MI_data_2119.csv,True,CLEAN,79.77182360118078,14.604763379267217,-0.5861567240697917,79.77182360118078,14.33816760767722,13.761222122671853,53.466816504990604,39.36291170936195,2.254420783612455,1.4719430457546308,15.329777978339836,Left,0
cellula_MI_data_2120.csv,True,CLEAN,25.42893972339825,7.889264169391508,-0.6516057832323117,25.42893972339825,5.600932503175422,5.278149704347268,15.857220639377514,21.17898316555775,1.0560043723120376,1.0597839957947564,8.262285143901487,Left,0
cellula_MI_data_2121.csv,False,extreme_ptp_amplitude_FZ_(212.4uV>200.0uV),212.41020874286147,94.41473066133257,0.19166888608307736,212.41020874286147,36.30740664481179,31.283350391656384,145.50186916416243,249.06034300744273,7.654059382656975,5.758950874570464,115.18556938066013,Left,0
cellula_MI_data_2122.csv,True,CLEAN,29.152847607134994,8.141903590574264,-0.6491435668122042,29.152847607134994,5.567894215421891,4.837622264694009,20.17897205800901,21.685241110678323,1.1019609271606743,0.8460310592393409,8.934381265218718,Left,0
cellula_MI_data_2123.csv,True,CLEAN,70.55144371250722,14.019784780420382,-0.5918579084089144,70.55144371250722,13.536853704340558,8.47286878699434,48.68220168060348,37.000018699501695,1.732548784230424,1.0147781320290339,16.331793505920373,Left,0
cellula_MI_data_2124.csv,True,CLEAN,26.739067839457277,10.115598338175047,-0.6299079954470086,26.739067839457277,7.299022890378399,4.479078078572844,18.96467567257924,26.979178723216826,1.811418006391405,0.7382135389292283,10.933583084162734,Left,0
cellula_MI_data_2125.csv,True,CLEAN,32.30058949390303,11.532229016369833,-0.616101554232294,32.30058949390303,9.02693352341044,5.605254968177864,25.757542088797507,27.23003290564448,0.8835287702922066,0.5279338812437413,17.4874205082989,Left,0
cellula_MI_data_2126.csv,True,CLEAN,163.2105763073961,51.9913170846733,-0.22178846359118712,163.2105763073961,12.991116692016847,26.461697922326607,124.9350715532832,128.44875945949508,1.379208739561177,3.488728910774269,74.64857122886269,Left,0
cellula_MI_data_2127.csv,True,CLEAN,25.57277592118553,8.848061332335746,-0.6422613740854666,25.57277592118553,4.829118054444596,5.178958496685109,18.310304584725372,23.103724506241353,0.6561393477028651,0.8697058146739848,10.762675660724778,Right,1
cellula_MI_data_2128.csv,True,CLEAN,28.90032041090769,8.89691152977957,-0.6417852814879274,28.90032041090769,8.51569445598966,7.7777122160520875,23.64184289710849,22.7479319339932,0.9607883607129039,0.9314736674422213,10.947452156969954,Right,1
cellula_MI_data_2129.csv,True,CLEAN,92.47995978010766,20.692142529307564,-0.526829304665173,92.47995978010766,17.083324765048033,10.808347291814634,64.98340856286555,53.89315011402782,2.0371593398320034,0.982813174538019,25.855447488832414,Right,1
cellula_MI_data_2130.csv,True,CLEAN,27.673982459045696,10.734962358137299,-0.6238716917979764,27.673982459045696,6.126073584244221,4.732951881134532,20.098640903662652,28.211137864377932,1.1878343715565287,0.8386801117952662,12.70219708481947,Left,0
cellula_MI_data_2131.csv,True,CLEAN,35.807132050168136,10.69983964166838,-0.6242139967668672,35.807132050168136,5.992365524116195,5.243832576447431,32.045442295042015,26.311817195731965,0.680644013941561,0.6599087263941003,15.146988630605897,Left,0
cellula_MI_data_2132.csv,False,flatline_dead_channel_C3_(var=4.6606e-01),32.50415049327537,9.83547948340333,-0.6326380256242932,32.50415049327537,4.33990158438597,4.894506398517677,24.028700006868004,24.620576015386824,0.4660571077657594,0.7445678753428362,13.5107169351179,Right,1
cellula_MI_data_2133.csv,False,extreme_ptp_amplitude_FZ_(7178.5uV>200.0uV); extreme_ptp_amplitude_C3_(782.1uV>200.0uV); extreme_ptp_amplitude_CZ_(1076.1uV>200.0uV); extreme_ptp_amplitude_C4_(5320.5uV>200.0uV); statistical_variance_outlier_(z=819.62),7178.489762306758,84173.48289396637,819.6238115415736,7178.489762306758,782.0563893791109,1076.0812340588059,5320.5104737543625,212604.58034507828,2520.567541118442,4783.099020935985,116785.68466873276,Right,1
cellula_MI_data_2134.csv,False,flatline_dead_channel_CZ_(var=3.6997e-01),79.38273924161973,14.590066582772604,-0.5862999586191845,11.568781858684504,79.38273924161973,7.823876473906598,61.76117016709169,0.6510214097677702,34.27203257479927,0.36996950608934476,23.06724284043403,Right,1
cellula_MI_data_2135.csv,False,extreme_ptp_amplitude_FZ_(410.0uV>200.0uV); extreme_ptp_amplitude_C3_(3606.2uV>200.0uV); extreme_ptp_amplitude_CZ_(413.9uV>200.0uV); extreme_ptp_amplitude_C4_(3602.2uV>200.0uV); statistical_variance_outlier_(z=257.87),3606.2130976223098,26533.78858361168,257.869034252605,409.9536826395609,3606.2130976223098,413.86572262897664,3602.2036826807034,680.6551500678517,52427.445609601345,690.6002478968992,52336.45332688062,Right,1
cellula_MI_data_2136.csv,False,flatline_dead_channel_FZ_(var=2.1112e-01); flatline_dead_channel_CZ_(var=1.5786e-01),33.92576742093056,6.945355767548993,-0.6608050869483096,3.9394336404566452,33.92576742093056,3.22438295129575,28.39392975725217,0.21111918877226699,15.621757893348272,0.15786012954104783,11.790685858534387,Right,1
cellula_MI_data_2137.csv,False,flatline_dead_channel_FZ_(var=2.3235e-01); flatline_dead_channel_CZ_(var=1.4480e-01),29.000544497639495,6.909509990615337,-0.6611544388433716,4.8055147325334975,29.000544497639495,2.6935239478692417,25.46378942080635,0.2323541350276822,15.60983733453399,0.14479601093320077,11.651052481966474,Left,0
cellula_MI_data_2138.csv,False,flatline_dead_channel_FZ_(var=2.2426e-01); flatline_dead_channel_CZ_(var=1.6293e-01),26.258911884503856,6.955133051229408,-0.6607097978271215,4.742386666073872,26.258911884503856,3.007680708306472,25.560209108001672,0.22426296015167363,15.34808915950117,0.1629336774469608,12.085246407817827,Left,0
cellula_MI_data_2139.csv,False,flatline_dead_channel_FZ_(var=1.8362e-01); flatline_dead_channel_CZ_(var=1.3920e-01),27.238380039467497,6.801972620186332,-0.6622024949147712,3.3861756529319376,27.238380039467497,2.577936324975605,23.700522099115275,0.18362343753105234,15.332244315094716,0.13919523476592668,11.552827493353634,Right,1
cellula_MI_data_2140.csv,False,extreme_ptp_amplitude_FZ_(344.1uV>200.0uV); extreme_ptp_amplitude_C3_(2691.3uV>200.0uV); extreme_ptp_amplitude_CZ_(253.7uV>200.0uV); extreme_ptp_amplitude_C4_(2093.6uV>200.0uV); statistical_variance_outlier_(z=115.54),2691.2643698650745,11929.96418433269,115.54058818535363,344.05305209050516,2691.2643698650745,253.7037821627389,2093.589983607004,478.5665741015265,29270.35558968757,260.32841365482983,17710.606159886836,Left,0
cellula_MI_data_2141.csv,False,flatline_dead_channel_FZ_(var=1.8347e-01); flatline_dead_channel_CZ_(var=1.4550e-01),42.8422034028132,7.783374355151761,-0.6526377822692103,2.707052397931113,42.8422034028132,3.9833680537205005,38.109881746892604,0.1834714695329418,17.469828841849562,0.14549660279721757,13.33470050642732,Right,1
cellula_MI_data_2142.csv,False,extreme_ptp_amplitude_FZ_(215.7uV>200.0uV); extreme_ptp_amplitude_C3_(1981.6uV>200.0uV); extreme_ptp_amplitude_C4_(1586.3uV>200.0uV); statistical_variance_outlier_(z=56.92),1981.584536320086,5915.432250298407,56.92313562031022,215.70470362057046,1981.584536320086,180.07994417153975,1586.2959804739833,169.4563696226498,14250.89957653677,117.7505618403489,9123.622493193858,Left,0
cellula_MI_data_2143.csv,True,CLEAN,29.091402236656176,8.567519982382015,-0.6449955218884554,23.996387760995177,29.091402236656176,16.74114680122685,27.15064709653548,4.19519667422237,16.559114927503554,1.5027334835952049,12.013034844206931,Left,0
cellula_MI_data_2144.csv,True,CLEAN,27.346397093216662,8.541655502216068,-0.645247596356739,15.90923806466805,25.150263422671358,7.2022410718682455,27.346397093216662,3.576971441786248,15.852266164468604,0.7291094773274114,14.00827492528201,Left,0
cellula_MI_data_2145.csv,True,CLEAN,88.32094111594117,17.44351283491105,-0.5584903547853192,35.77931121869824,88.32094111594117,8.619446441208659,60.93349857754938,7.438931461239343,40.10161249259699,0.8577961450682591,21.37571124073961,Right,1
cellula_MI_data_2146.csv,True,CLEAN,34.72037304357697,6.902228411804824,-0.6612254048977886,16.28361438928333,34.72037304357697,9.351919777921198,27.527688076271048,3.0264894514083527,14.962724088843814,0.7368855793389558,8.882814527628176,Left,0
cellula_MI_data_2147.csv,True,CLEAN,21.46154911727033,5.894716073251287,-0.6710445907233171,10.373374386296796,21.46154911727033,4.9882723232670525,16.057017395899422,2.9053758292922645,12.940055066652214,0.6530838129273727,7.080349584133295,Left,0
cellula_MI_data_2148.csv,False,extreme_ptp_amplitude_FZ_(9191.2uV>200.0uV); extreme_ptp_amplitude_C3_(22187.5uV>200.0uV); extreme_ptp_amplitude_CZ_(2935.8uV>200.0uV); extreme_ptp_amplitude_C4_(15932.1uV>200.0uV); statistical_variance_outlier_(z=8473.60),22187.472835496515,869521.2215310682,8473.599934958065,9191.217756460612,22187.472835496515,2935.798574612054,15932.053653647958,350117.6388821051,2040268.1184971135,35717.176069196496,1051981.952675858,Right,1
cellula_MI_data_2149.csv,True,CLEAN,47.707162660278584,7.90417499732428,-0.6514604627387736,21.94919439258345,47.707162660278584,8.268496302882108,34.02646457057725,3.660332683782831,17.623869955659195,0.7196711778209884,9.612826172034108,Right,1
cellula_MI_data_2150.csv,True,CLEAN,50.403740295512094,8.352527016580519,-0.6470908370539422,21.950683672570634,50.403740295512094,8.189456412261999,36.285606631621576,3.856992144956907,18.677835400382854,0.7758055679260405,10.099474953056271,Right,1
cellula_MI_data_2151.csv,False,extreme_ptp_amplitude_FZ_(1145.0uV>200.0uV); extreme_ptp_amplitude_C3_(2452.2uV>200.0uV); extreme_ptp_amplitude_CZ_(437.4uV>200.0uV); extreme_ptp_amplitude_C4_(1744.5uV>200.0uV); statistical_variance_outlier_(z=98.65),2452.188327248947,10197.18025157605,98.65292658544222,1144.9597046096692,2452.188327248947,437.42829206047384,1744.5032014275848,5063.855157531176,23227.69648805006,739.2954040935861,11757.873956629379,Left,0
cellula_MI_data_2152.csv,True,CLEAN,109.65227047512849,28.61960621444263,-0.4495684751241422,45.589368586069014,109.65227047512849,20.744650065426818,78.49097079958712,18.110184807396767,55.900646980026714,4.973009798487242,35.494583271859796,Right,1
cellula_MI_data_2153.csv,False,flatline_dead_channel_CZ_(var=1.2740e-01),26.382017404511075,4.715171954438703,-0.6825403932547861,8.07274735982373,26.382017404511075,2.6507230615853823,20.60062575929472,1.414484302615486,11.192257353270696,0.1274014182030774,6.126544743665552,Left,0
cellula_MI_data_2154.csv,False,flatline_dead_channel_CZ_(var=5.2271e-02),46.05660346578864,6.621876369274332,-0.6639577077161596,11.844651319591868,46.05660346578864,1.8142103704106156,34.58368429050027,0.91884051585088,15.931721759232751,0.05227056815255937,9.58467263386114,Left,0
cellula_MI_data_2155.csv,False,extreme_ptp_amplitude_FZ_(319.5uV>200.0uV); extreme_ptp_amplitude_C3_(1466.7uV>200.0uV); extreme_ptp_amplitude_C4_(1249.1uV>200.0uV); statistical_variance_outlier_(z=34.62),1466.7183053613687,3626.939963727358,34.619556634477625,319.5272879647947,1466.7183053613687,102.31444056536913,1249.1035436845373,387.1878044572954,8160.439107437417,39.58038497460846,5920.552558040112,Left,0
cellula_MI_data_2156.csv,False,flatline_dead_channel_FZ_(var=3.7194e-01); flatline_dead_channel_CZ_(var=4.4296e-02),19.553304872435774,3.9429074823999084,-0.6900668602440533,4.010100718725541,19.553304872435774,1.5791353789353506,15.857688346328441,0.37193624846957846,9.227151722263558,0.04429622769134802,6.128245731175148,Left,0
cellula_MI_data_2157.csv,False,flatline_dead_channel_FZ_(var=3.8088e-01); flatline_dead_channel_CZ_(var=3.5888e-02),26.789381404728346,4.194495667245922,-0.6876148891425807,5.31839708322425,26.789381404728346,1.3459421090897177,20.381873894704363,0.3808837181310502,9.923081480708763,0.03588795348658615,6.438129516657291,Left,0
cellula_MI_data_2158.csv,False,flatline_dead_channel_CZ_(var=4.4677e-02),67.09735695341179,10.661135968520593,-0.6245912016349626,14.209049343869529,67.09735695341179,1.9066382504468211,51.68374268692363,1.121310009973088,25.71968279483155,0.0446765760300366,15.758874493247706,Right,1
cellula_MI_data_2159.csv,False,flatline_dead_channel_FZ_(var=4.1779e-01); flatline_dead_channel_CZ_(var=4.3587e-02),18.658476968191962,3.8743876148601917,-0.6907346528718626,4.026745932101477,18.658476968191962,1.4531253317225725,15.086633630592175,0.4177930082685875,9.08971546206822,0.04358672096827335,5.946455268135686,Right,1
cellula_MI_data_2160.csv,False,extreme_ptp_amplitude_FZ_(307.5uV>200.0uV); extreme_ptp_amplitude_C3_(1468.2uV>200.0uV); extreme_ptp_amplitude_C4_(1304.0uV>200.0uV); statistical_variance_outlier_(z=36.23),1468.1662152616236,3791.851170051677,36.22677643481807,307.54327955615406,1468.1662152616236,143.43721588104688,1304.0479175095795,360.8050774984294,8230.607423665246,78.87338878940574,6497.118790253628,Right,1
